Indice;Draw_ID;Data;Ano;N1;N2;N3;N4;N5;E1;E2;Chave_Completa
1;1;2004-02-13;2004;16;29;32;36;41;7;9;16 - 29 - 32 - 36 - 41 + 7 - 9
2;2;2004-02-20;2004;7;13;39;47;50;2;5;7 - 13 - 39 - 47 - 50 + 2 - 5
3;3;2004-02-27;2004;14;18;19;31;37;4;5;14 - 18 - 19 - 31 - 37 + 4 - 5
4;4;2004-03-05;2004;4;7;33;37;39;1;5;4 - 7 - 33 - 37 - 39 + 1 - 5
5;5;2004-03-12;2004;15;24;28;44;47;4;5;15 - 24 - 28 - 44 - 47 + 4 - 5
6;6;2004-03-19;2004;33;36;37;42;45;4;9;33 - 36 - 37 - 42 - 45 + 4 - 9
7;7;2004-03-26;2004;3;4;10;23;43;2;4;3 - 4 - 10 - 23 - 43 + 2 - 4
8;8;2004-04-02;2004;4;12;24;27;36;2;9;4 - 12 - 24 - 27 - 36 + 2 - 9
9;9;2004-04-09;2004;1;4;10;19;23;2;8;1 - 4 - 10 - 19 - 23 + 2 - 8
10;10;2004-04-16;2004;14;15;28;35;40;1;3;14 - 15 - 28 - 35 - 40 + 1 - 3
11;11;2004-04-23;2004;6;10;21;45;49;3;5;6 - 10 - 21 - 45 - 49 + 3 - 5
12;12;2004-04-30;2004;5;6;16;23;27;6;7;5 - 6 - 16 - 23 - 27 + 6 - 7
13;13;2004-05-07;2004;15;16;21;36;38;1;5;15 - 16 - 21 - 36 - 38 + 1 - 5
14;14;2004-05-14;2004;1;3;21;32;39;2;6;1 - 3 - 21 - 32 - 39 + 2 - 6
15;15;2004-05-21;2004;15;29;37;39;49;4;9;15 - 29 - 37 - 39 - 49 + 4 - 9
16;16;2004-05-28;2004;6;11;35;41;44;5;6;6 - 11 - 35 - 41 - 44 + 5 - 6
17;17;2004-06-04;2004;9;13;34;41;42;3;7;9 - 13 - 34 - 41 - 42 + 3 - 7
18;18;2004-06-11;2004;2;7;8;10;47;1;7;2 - 7 - 8 - 10 - 47 + 1 - 7
19;19;2004-06-18;2004;2;23;28;40;43;2;6;2 - 23 - 28 - 40 - 43 + 2 - 6
20;20;2004-06-25;2004;3;21;30;34;35;1;2;3 - 21 - 30 - 34 - 35 + 1 - 2
21;21;2004-07-02;2004;4;23;24;28;34;1;3;4 - 23 - 24 - 28 - 34 + 1 - 3
22;22;2004-07-09;2004;2;5;12;19;44;8;9;2 - 5 - 12 - 19 - 44 + 8 - 9
23;23;2004-07-16;2004;24;26;31;38;50;5;8;24 - 26 - 31 - 38 - 50 + 5 - 8
24;24;2004-07-23;2004;7;10;27;31;34;3;8;7 - 10 - 27 - 31 - 34 + 3 - 8
25;25;2004-07-30;2004;9;10;19;37;50;1;6;9 - 10 - 19 - 37 - 50 + 1 - 6
26;26;2004-08-06;2004;5;15;24;35;44;5;6;5 - 15 - 24 - 35 - 44 + 5 - 6
27;27;2004-08-13;2004;20;27;41;43;50;5;8;20 - 27 - 41 - 43 - 50 + 5 - 8
28;28;2004-08-20;2004;6;9;10;27;35;6;8;6 - 9 - 10 - 27 - 35 + 6 - 8
29;29;2004-08-27;2004;1;11;22;28;44;1;9;1 - 11 - 22 - 28 - 44 + 1 - 9
30;30;2004-09-03;2004;8;12;14;15;34;6;7;8 - 12 - 14 - 15 - 34 + 6 - 7
31;31;2004-09-10;2004;5;25;33;36;38;2;5;5 - 25 - 33 - 36 - 38 + 2 - 5
32;32;2004-09-17;2004;15;18;29;39;41;5;8;15 - 18 - 29 - 39 - 41 + 5 - 8
33;33;2004-09-24;2004;21;26;27;44;48;1;7;21 - 26 - 27 - 44 - 48 + 1 - 7
34;34;2004-10-01;2004;12;20;21;45;48;5;6;12 - 20 - 21 - 45 - 48 + 5 - 6
35;35;2004-10-08;2004;1;10;12;16;48;2;6;1 - 10 - 12 - 16 - 48 + 2 - 6
36;36;2004-10-15;2004;14;21;22;37;43;5;8;14 - 21 - 22 - 37 - 43 + 5 - 8
37;37;2004-10-22;2004;1;9;23;25;40;3;9;1 - 9 - 23 - 25 - 40 + 3 - 9
38;38;2004-10-29;2004;1;8;32;35;38;4;9;1 - 8 - 32 - 35 - 38 + 4 - 9
39;39;2004-11-05;2004;6;19;25;42;49;1;7;6 - 19 - 25 - 42 - 49 + 1 - 7
40;40;2004-11-12;2004;4;11;12;13;32;3;9;4 - 11 - 12 - 13 - 32 + 3 - 9
41;41;2004-11-19;2004;1;18;29;34;37;2;6;1 - 18 - 29 - 34 - 37 + 2 - 6
42;42;2004-11-26;2004;1;4;24;34;36;6;8;1 - 4 - 24 - 34 - 36 + 6 - 8
43;43;2004-12-03;2004;1;11;15;42;49;3;4;1 - 11 - 15 - 42 - 49 + 3 - 4
44;44;2004-12-10;2004;1;3;13;16;43;2;7;1 - 3 - 13 - 16 - 43 + 2 - 7
45;45;2004-12-17;2004;15;19;22;46;49;2;9;15 - 19 - 22 - 46 - 49 + 2 - 9
46;46;2004-12-24;2004;3;4;27;29;37;5;6;3 - 4 - 27 - 29 - 37 + 5 - 6
47;47;2004-12-31;2004;7;8;24;25;47;8;9;7 - 8 - 24 - 25 - 47 + 8 - 9
48;48;2005-01-07;2005;3;23;27;47;50;2;3;3 - 23 - 27 - 47 - 50 + 2 - 3
49;49;2005-01-14;2005;6;11;14;19;29;1;3;6 - 11 - 14 - 19 - 29 + 1 - 3
50;50;2005-01-21;2005;10;12;14;24;26;5;8;10 - 12 - 14 - 24 - 26 + 5 - 8
51;51;2005-01-28;2005;7;21;26;43;45;5;7;7 - 21 - 26 - 43 - 45 + 5 - 7
52;52;2005-02-04;2005;1;8;11;30;40;7;8;1 - 8 - 11 - 30 - 40 + 7 - 8
53;53;2005-02-11;2005;11;13;25;32;50;4;7;11 - 13 - 25 - 32 - 50 + 4 - 7
54;54;2005-02-18;2005;20;21;26;32;46;8;9;20 - 21 - 26 - 32 - 46 + 8 - 9
55;55;2005-02-25;2005;3;27;30;43;44;4;8;3 - 27 - 30 - 43 - 44 + 4 - 8
56;56;2005-03-04;2005;12;24;32;37;39;7;9;12 - 24 - 32 - 37 - 39 + 7 - 9
57;57;2005-03-11;2005;8;12;23;40;43;1;4;8 - 12 - 23 - 40 - 43 + 1 - 4
58;58;2005-03-18;2005;6;23;39;43;48;5;7;6 - 23 - 39 - 43 - 48 + 5 - 7
59;59;2005-03-25;2005;4;29;33;37;38;6;9;4 - 29 - 33 - 37 - 38 + 6 - 9
60;60;2005-04-01;2005;25;26;41;44;47;3;7;25 - 26 - 41 - 44 - 47 + 3 - 7
61;61;2005-04-08;2005;7;11;25;31;50;1;3;7 - 11 - 25 - 31 - 50 + 1 - 3
62;62;2005-04-15;2005;6;28;31;38;42;3;9;6 - 28 - 31 - 38 - 42 + 3 - 9
63;63;2005-04-22;2005;3;10;13;24;47;5;9;3 - 10 - 13 - 24 - 47 + 5 - 9
64;64;2005-04-29;2005;3;9;35;39;42;1;8;3 - 9 - 35 - 39 - 42 + 1 - 8
65;65;2005-05-06;2005;7;12;21;26;44;6;8;7 - 12 - 21 - 26 - 44 + 6 - 8
66;66;2005-05-13;2005;12;17;31;32;40;2;9;12 - 17 - 31 - 32 - 40 + 2 - 9
67;67;2005-05-20;2005;6;7;13;28;47;5;8;6 - 7 - 13 - 28 - 47 + 5 - 8
68;68;2005-05-27;2005;2;24;31;48;50;4;9;2 - 24 - 31 - 48 - 50 + 4 - 9
69;69;2005-06-03;2005;3;8;11;17;50;1;5;3 - 8 - 11 - 17 - 50 + 1 - 5
70;70;2005-06-10;2005;6;7;32;37;47;1;7;6 - 7 - 32 - 37 - 47 + 1 - 7
71;71;2005-06-17;2005;4;8;10;18;21;1;7;4 - 8 - 10 - 18 - 21 + 1 - 7
72;72;2005-06-24;2005;6;8;14;15;45;7;8;6 - 8 - 14 - 15 - 45 + 7 - 8
73;73;2005-07-01;2005;4;5;23;25;28;3;4;4 - 5 - 23 - 25 - 28 + 3 - 4
74;74;2005-07-08;2005;35;36;42;46;49;2;8;35 - 36 - 42 - 46 - 49 + 2 - 8
75;75;2005-07-15;2005;1;11;12;23;42;3;6;1 - 11 - 12 - 23 - 42 + 3 - 6
76;76;2005-07-22;2005;3;14;41;48;49;1;4;3 - 14 - 41 - 48 - 49 + 1 - 4
77;77;2005-07-29;2005;3;19;26;49;50;4;5;3 - 19 - 26 - 49 - 50 + 4 - 5
78;78;2005-08-05;2005;2;11;21;22;30;4;6;2 - 11 - 21 - 22 - 30 + 4 - 6
79;79;2005-08-12;2005;15;23;30;37;40;7;9;15 - 23 - 30 - 37 - 40 + 7 - 9
80;80;2005-08-19;2005;11;24;29;31;41;1;3;11 - 24 - 29 - 31 - 41 + 1 - 3
81;81;2005-08-26;2005;9;29;35;40;41;1;6;9 - 29 - 35 - 40 - 41 + 1 - 6
82;82;2005-09-02;2005;3;4;14;43;50;3;6;3 - 4 - 14 - 43 - 50 + 3 - 6
83;83;2005-09-09;2005;8;12;19;31;50;6;7;8 - 12 - 19 - 31 - 50 + 6 - 7
84;84;2005-09-16;2005;12;13;19;21;38;3;9;12 - 13 - 19 - 21 - 38 + 3 - 9
85;85;2005-09-23;2005;1;26;31;34;47;4;9;1 - 26 - 31 - 34 - 47 + 4 - 9
86;86;2005-09-30;2005;6;11;47;48;50;1;6;6 - 11 - 47 - 48 - 50 + 1 - 6
87;87;2005-10-07;2005;2;13;21;26;44;3;9;2 - 13 - 21 - 26 - 44 + 3 - 9
88;88;2005-10-14;2005;10;11;19;20;23;1;6;10 - 11 - 19 - 20 - 23 + 1 - 6
89;89;2005-10-21;2005;1;14;19;29;33;1;8;1 - 14 - 19 - 29 - 33 + 1 - 8
90;90;2005-10-28;2005;14;36;44;47;50;3;5;14 - 36 - 44 - 47 - 50 + 3 - 5
91;91;2005-11-04;2005;26;36;37;38;42;2;6;26 - 36 - 37 - 38 - 42 + 2 - 6
92;92;2005-11-11;2005;15;16;36;41;42;3;5;15 - 16 - 36 - 41 - 42 + 3 - 5
93;93;2005-11-18;2005;17;18;25;34;48;2;3;17 - 18 - 25 - 34 - 48 + 2 - 3
94;94;2005-11-25;2005;1;6;27;39;47;1;6;1 - 6 - 27 - 39 - 47 + 1 - 6
95;95;2005-12-02;2005;1;9;20;23;30;4;7;1 - 9 - 20 - 23 - 30 + 4 - 7
96;96;2005-12-09;2005;11;18;35;38;42;1;5;11 - 18 - 35 - 38 - 42 + 1 - 5
97;97;2005-12-16;2005;2;3;15;18;32;6;7;2 - 3 - 15 - 18 - 32 + 6 - 7
98;98;2005-12-23;2005;15;31;36;37;42;1;7;15 - 31 - 36 - 37 - 42 + 1 - 7
99;99;2005-12-30;2005;8;16;19;43;45;1;4;8 - 16 - 19 - 43 - 45 + 1 - 4
100;100;2006-01-06;2006;2;6;9;14;26;4;5;2 - 6 - 9 - 14 - 26 + 4 - 5
101;101;2006-01-13;2006;8;12;19;33;34;1;6;8 - 12 - 19 - 33 - 34 + 1 - 6
102;102;2006-01-20;2006;12;15;33;44;50;2;6;12 - 15 - 33 - 44 - 50 + 2 - 6
103;103;2006-01-27;2006;9;15;21;40;49;1;4;9 - 15 - 21 - 40 - 49 + 1 - 4
104;104;2006-02-03;2006;9;21;30;39;50;1;3;9 - 21 - 30 - 39 - 50 + 1 - 3
105;105;2006-02-10;2006;5;6;38;48;50;6;7;5 - 6 - 38 - 48 - 50 + 6 - 7
106;106;2006-02-17;2006;4;23;24;26;38;2;4;4 - 23 - 24 - 26 - 38 + 2 - 4
107;107;2006-02-24;2006;1;11;18;19;47;3;7;1 - 11 - 18 - 19 - 47 + 3 - 7
108;108;2006-03-03;2006;3;5;8;10;44;3;5;3 - 5 - 8 - 10 - 44 + 3 - 5
109;109;2006-03-10;2006;1;21;33;45;49;4;8;1 - 21 - 33 - 45 - 49 + 4 - 8
110;110;2006-03-17;2006;5;32;44;45;50;1;7;5 - 32 - 44 - 45 - 50 + 1 - 7
111;111;2006-03-24;2006;17;28;33;35;47;4;9;17 - 28 - 33 - 35 - 47 + 4 - 9
112;112;2006-03-31;2006;3;20;31;45;50;6;7;3 - 20 - 31 - 45 - 50 + 6 - 7
113;113;2006-04-07;2006;12;13;29;44;50;4;5;12 - 13 - 29 - 44 - 50 + 4 - 5
114;114;2006-04-14;2006;16;26;34;35;49;2;6;16 - 26 - 34 - 35 - 49 + 2 - 6
115;115;2006-04-21;2006;1;20;22;37;46;1;9;1 - 20 - 22 - 37 - 46 + 1 - 9
116;116;2006-04-28;2006;5;10;17;22;33;5;7;5 - 10 - 17 - 22 - 33 + 5 - 7
117;117;2006-05-05;2006;4;8;14;16;50;3;9;4 - 8 - 14 - 16 - 50 + 3 - 9
118;118;2006-05-12;2006;5;20;23;34;50;1;5;5 - 20 - 23 - 34 - 50 + 1 - 5
119;119;2006-05-19;2006;3;5;25;34;49;5;8;3 - 5 - 25 - 34 - 49 + 5 - 8
120;120;2006-05-26;2006;2;12;21;41;49;3;7;2 - 12 - 21 - 41 - 49 + 3 - 7
121;121;2006-06-02;2006;7;8;27;41;48;1;6;7 - 8 - 27 - 41 - 48 + 1 - 6
122;122;2006-06-09;2006;3;12;15;34;39;4;6;3 - 12 - 15 - 34 - 39 + 4 - 6
123;123;2006-06-16;2006;1;16;26;30;36;3;9;1 - 16 - 26 - 30 - 36 + 3 - 9
124;124;2006-06-23;2006;9;21;30;43;44;1;9;9 - 21 - 30 - 43 - 44 + 1 - 9
125;125;2006-06-30;2006;6;15;16;40;43;1;2;6 - 15 - 16 - 40 - 43 + 1 - 2
126;126;2006-07-07;2006;7;9;18;35;43;5;7;7 - 9 - 18 - 35 - 43 + 5 - 7
127;127;2006-07-14;2006;1;7;17;31;36;2;8;1 - 7 - 17 - 31 - 36 + 2 - 8
128;128;2006-07-21;2006;2;4;9;38;50;6;8;2 - 4 - 9 - 38 - 50 + 6 - 8
129;129;2006-07-28;2006;3;8;12;29;43;6;7;3 - 8 - 12 - 29 - 43 + 6 - 7
130;130;2006-08-04;2006;1;14;15;26;32;3;7;1 - 14 - 15 - 26 - 32 + 3 - 7
131;131;2006-08-11;2006;27;28;31;46;47;2;5;27 - 28 - 31 - 46 - 47 + 2 - 5
132;132;2006-08-18;2006;12;37;39;40;50;1;2;12 - 37 - 39 - 40 - 50 + 1 - 2
133;133;2006-08-25;2006;10;28;40;47;48;6;8;10 - 28 - 40 - 47 - 48 + 6 - 8
134;134;2006-09-01;2006;3;7;25;45;50;6;9;3 - 7 - 25 - 45 - 50 + 6 - 9
135;135;2006-09-08;2006;1;10;12;32;33;1;8;1 - 10 - 12 - 32 - 33 + 1 - 8
136;136;2006-09-15;2006;6;10;16;26;49;7;9;6 - 10 - 16 - 26 - 49 + 7 - 9
137;137;2006-09-22;2006;10;29;30;45;49;3;8;10 - 29 - 30 - 45 - 49 + 3 - 8
138;138;2006-09-29;2006;1;3;6;18;24;5;8;1 - 3 - 6 - 18 - 24 + 5 - 8
139;139;2006-10-06;2006;5;11;22;35;38;7;8;5 - 11 - 22 - 35 - 38 + 7 - 8
140;140;2006-10-13;2006;2;25;32;38;41;3;5;2 - 25 - 32 - 38 - 41 + 3 - 5
141;141;2006-10-20;2006;10;19;34;45;47;3;6;10 - 19 - 34 - 45 - 47 + 3 - 6
142;142;2006-10-27;2006;3;4;8;44;50;7;8;3 - 4 - 8 - 44 - 50 + 7 - 8
143;143;2006-11-03;2006;11;13;24;44;49;3;9;11 - 13 - 24 - 44 - 49 + 3 - 9
144;144;2006-11-10;2006;14;21;27;30;36;2;3;14 - 21 - 27 - 30 - 36 + 2 - 3
145;145;2006-11-17;2006;12;22;32;33;36;2;6;12 - 22 - 32 - 33 - 36 + 2 - 6
146;146;2006-11-24;2006;5;8;17;25;40;1;5;5 - 8 - 17 - 25 - 40 + 1 - 5
147;147;2006-12-01;2006;4;8;16;37;41;2;5;4 - 8 - 16 - 37 - 41 + 2 - 5
148;148;2006-12-08;2006;16;17;18;36;47;1;2;16 - 17 - 18 - 36 - 47 + 1 - 2
149;149;2006-12-15;2006;9;23;35;37;42;3;7;9 - 23 - 35 - 37 - 42 + 3 - 7
150;150;2006-12-22;2006;9;11;20;38;43;2;3;9 - 11 - 20 - 38 - 43 + 2 - 3
151;151;2006-12-29;2006;6;9;13;14;35;3;4;6 - 9 - 13 - 14 - 35 + 3 - 4
152;152;2007-01-05;2007;17;19;29;36;45;5;6;17 - 19 - 29 - 36 - 45 + 5 - 6
153;153;2007-01-12;2007;8;11;14;19;25;3;5;8 - 11 - 14 - 19 - 25 + 3 - 5
154;154;2007-01-19;2007;5;13;27;33;42;2;4;5 - 13 - 27 - 33 - 42 + 2 - 4
155;155;2007-01-26;2007;11;15;23;30;38;4;9;11 - 15 - 23 - 30 - 38 + 4 - 9
156;156;2007-02-02;2007;14;23;27;30;36;1;6;14 - 23 - 27 - 30 - 36 + 1 - 6
157;157;2007-02-09;2007;14;16;30;36;46;2;8;14 - 16 - 30 - 36 - 46 + 2 - 8
158;158;2007-02-16;2007;8;19;20;39;50;6;9;8 - 19 - 20 - 39 - 50 + 6 - 9
159;159;2007-02-23;2007;2;15;18;20;22;2;5;2 - 15 - 18 - 20 - 22 + 2 - 5
160;160;2007-03-02;2007;3;16;34;38;48;5;8;3 - 16 - 34 - 38 - 48 + 5 - 8
161;161;2007-03-09;2007;2;3;25;43;48;6;9;2 - 3 - 25 - 43 - 48 + 6 - 9
162;162;2007-03-16;2007;4;14;31;45;49;4;9;4 - 14 - 31 - 45 - 49 + 4 - 9
163;163;2007-03-23;2007;5;13;17;40;43;1;3;5 - 13 - 17 - 40 - 43 + 1 - 3
164;164;2007-03-30;2007;9;17;19;41;46;1;8;9 - 17 - 19 - 41 - 46 + 1 - 8
165;165;2007-04-06;2007;15;23;29;41;48;3;6;15 - 23 - 29 - 41 - 48 + 3 - 6
166;166;2007-04-13;2007;7;20;25;38;41;3;7;7 - 20 - 25 - 38 - 41 + 3 - 7
167;167;2007-04-20;2007;23;26;32;41;45;3;7;23 - 26 - 32 - 41 - 45 + 3 - 7
168;168;2007-04-27;2007;7;18;27;36;44;1;2;7 - 18 - 27 - 36 - 44 + 1 - 2
169;169;2007-05-04;2007;6;17;35;41;45;1;5;6 - 17 - 35 - 41 - 45 + 1 - 5
170;170;2007-05-11;2007;7;12;26;29;49;2;6;7 - 12 - 26 - 29 - 49 + 2 - 6
171;171;2007-05-18;2007;26;34;37;39;49;2;6;26 - 34 - 37 - 39 - 49 + 2 - 6
172;172;2007-05-25;2007;25;26;29;49;50;7;8;25 - 26 - 29 - 49 - 50 + 7 - 8
173;173;2007-06-01;2007;6;22;37;41;42;6;9;6 - 22 - 37 - 41 - 42 + 6 - 9
174;174;2007-06-08;2007;1;15;17;25;45;2;8;1 - 15 - 17 - 25 - 45 + 2 - 8
175;175;2007-06-15;2007;5;7;14;21;40;3;8;5 - 7 - 14 - 21 - 40 + 3 - 8
176;176;2007-06-22;2007;11;16;17;22;34;5;6;11 - 16 - 17 - 22 - 34 + 5 - 6
177;177;2007-06-29;2007;8;12;28;33;45;1;3;8 - 12 - 28 - 33 - 45 + 1 - 3
178;178;2007-07-06;2007;4;5;19;39;41;8;9;4 - 5 - 19 - 39 - 41 + 8 - 9
179;179;2007-07-13;2007;9;13;15;31;48;3;6;9 - 13 - 15 - 31 - 48 + 3 - 6
180;180;2007-07-20;2007;10;21;25;26;50;4;9;10 - 21 - 25 - 26 - 50 + 4 - 9
181;181;2007-07-27;2007;1;4;21;29;41;7;8;1 - 4 - 21 - 29 - 41 + 7 - 8
182;182;2007-08-03;2007;10;30;33;37;41;1;8;10 - 30 - 33 - 37 - 41 + 1 - 8
183;183;2007-08-10;2007;23;40;42;43;49;2;6;23 - 40 - 42 - 43 - 49 + 2 - 6
184;184;2007-08-17;2007;2;3;13;38;42;7;8;2 - 3 - 13 - 38 - 42 + 7 - 8
185;185;2007-08-24;2007;1;3;16;42;48;2;3;1 - 3 - 16 - 42 - 48 + 2 - 3
186;186;2007-08-31;2007;6;18;22;23;37;5;6;6 - 18 - 22 - 23 - 37 + 5 - 6
187;187;2007-09-07;2007;2;3;33;34;42;3;5;2 - 3 - 33 - 34 - 42 + 3 - 5
188;188;2007-09-14;2007;5;9;11;29;33;7;9;5 - 9 - 11 - 29 - 33 + 7 - 9
189;189;2007-09-21;2007;1;17;32;35;37;1;8;1 - 17 - 32 - 35 - 37 + 1 - 8
190;190;2007-09-28;2007;22;30;34;35;44;4;5;22 - 30 - 34 - 35 - 44 + 4 - 5
191;191;2007-10-05;2007;11;20;27;35;44;2;5;11 - 20 - 27 - 35 - 44 + 2 - 5
192;192;2007-10-12;2007;21;32;36;46;47;3;4;21 - 32 - 36 - 46 - 47 + 3 - 4
193;193;2007-10-19;2007;7;18;34;35;40;7;8;7 - 18 - 34 - 35 - 40 + 7 - 8
194;194;2007-10-26;2007;7;20;38;40;43;1;8;7 - 20 - 38 - 40 - 43 + 1 - 8
195;195;2007-11-02;2007;3;16;18;19;40;1;2;3 - 16 - 18 - 19 - 40 + 1 - 2
196;196;2007-11-09;2007;5;14;22;25;36;5;6;5 - 14 - 22 - 25 - 36 + 5 - 6
197;197;2007-11-16;2007;9;18;23;33;37;1;8;9 - 18 - 23 - 33 - 37 + 1 - 8
198;198;2007-11-23;2007;2;10;22;29;48;3;9;2 - 10 - 22 - 29 - 48 + 3 - 9
199;199;2007-11-30;2007;12;19;20;30;38;7;9;12 - 19 - 20 - 30 - 38 + 7 - 9
200;200;2007-12-07;2007;2;4;32;43;48;1;7;2 - 4 - 32 - 43 - 48 + 1 - 7
201;201;2007-12-14;2007;8;25;30;36;44;3;4;8 - 25 - 30 - 36 - 44 + 3 - 4
202;202;2007-12-21;2007;7;9;28;37;44;6;7;7 - 9 - 28 - 37 - 44 + 6 - 7
203;203;2007-12-28;2007;20;21;22;31;45;7;9;20 - 21 - 22 - 31 - 45 + 7 - 9
204;204;2008-01-04;2008;10;12;24;25;41;3;5;10 - 12 - 24 - 25 - 41 + 3 - 5
205;205;2008-01-11;2008;8;24;36;49;50;4;8;8 - 24 - 36 - 49 - 50 + 4 - 8
206;206;2008-01-18;2008;14;16;23;40;46;4;8;14 - 16 - 23 - 40 - 46 + 4 - 8
207;207;2008-01-25;2008;2;6;9;19;45;7;8;2 - 6 - 9 - 19 - 45 + 7 - 8
208;208;2008-02-01;2008;22;30;45;47;49;4;9;22 - 30 - 45 - 47 - 49 + 4 - 9
209;209;2008-02-08;2008;17;28;30;38;44;1;4;17 - 28 - 30 - 38 - 44 + 1 - 4
210;210;2008-02-15;2008;12;27;29;45;46;4;7;12 - 27 - 29 - 45 - 46 + 4 - 7
211;211;2008-02-22;2008;4;27;32;46;50;8;9;4 - 27 - 32 - 46 - 50 + 8 - 9
212;212;2008-02-29;2008;12;37;40;47;49;2;9;12 - 37 - 40 - 47 - 49 + 2 - 9
213;213;2008-03-07;2008;2;7;14;17;35;1;6;2 - 7 - 14 - 17 - 35 + 1 - 6
214;214;2008-03-14;2008;13;21;25;35;48;4;8;13 - 21 - 25 - 35 - 48 + 4 - 8
215;215;2008-03-21;2008;2;10;18;22;36;4;6;2 - 10 - 18 - 22 - 36 + 4 - 6
216;216;2008-03-28;2008;5;9;17;29;39;3;6;5 - 9 - 17 - 29 - 39 + 3 - 6
217;217;2008-04-04;2008;11;13;18;37;47;1;6;11 - 13 - 18 - 37 - 47 + 1 - 6
218;218;2008-04-11;2008;6;25;30;45;50;5;7;6 - 25 - 30 - 45 - 50 + 5 - 7
219;219;2008-04-18;2008;3;6;7;27;50;5;9;3 - 6 - 7 - 27 - 50 + 5 - 9
220;220;2008-04-25;2008;4;19;26;27;30;3;8;4 - 19 - 26 - 27 - 30 + 3 - 8
221;221;2008-05-02;2008;2;26;37;45;48;4;8;2 - 26 - 37 - 45 - 48 + 4 - 8
222;222;2008-05-09;2008;8;9;40;42;45;6;7;8 - 9 - 40 - 42 - 45 + 6 - 7
223;223;2008-05-16;2008;6;9;15;25;38;4;9;6 - 9 - 15 - 25 - 38 + 4 - 9
224;224;2008-05-23;2008;5;9;19;21;38;1;7;5 - 9 - 19 - 21 - 38 + 1 - 7
225;225;2008-05-30;2008;5;7;14;20;49;2;8;5 - 7 - 14 - 20 - 49 + 2 - 8
226;226;2008-06-06;2008;7;19;21;40;50;2;9;7 - 19 - 21 - 40 - 50 + 2 - 9
227;227;2008-06-13;2008;13;16;37;44;50;1;9;13 - 16 - 37 - 44 - 50 + 1 - 9
228;228;2008-06-20;2008;8;11;36;37;45;3;5;8 - 11 - 36 - 37 - 45 + 3 - 5
229;229;2008-06-27;2008;5;20;26;44;50;5;7;5 - 20 - 26 - 44 - 50 + 5 - 7
230;230;2008-07-04;2008;7;19;22;27;48;5;7;7 - 19 - 22 - 27 - 48 + 5 - 7
231;231;2008-07-11;2008;9;11;13;19;37;3;4;9 - 11 - 13 - 19 - 37 + 3 - 4
232;232;2008-07-18;2008;10;14;16;29;44;5;6;10 - 14 - 16 - 29 - 44 + 5 - 6
233;233;2008-07-25;2008;7;11;15;24;29;2;7;7 - 11 - 15 - 24 - 29 + 2 - 7
234;234;2008-08-01;2008;1;22;25;40;50;1;8;1 - 22 - 25 - 40 - 50 + 1 - 8
235;235;2008-08-08;2008;4;5;15;16;45;4;7;4 - 5 - 15 - 16 - 45 + 4 - 7
236;236;2008-08-15;2008;11;17;18;26;31;5;6;11 - 17 - 18 - 26 - 31 + 5 - 6
237;237;2008-08-22;2008;7;27;29;39;50;5;7;7 - 27 - 29 - 39 - 50 + 5 - 7
238;238;2008-08-29;2008;2;20;25;37;39;5;8;2 - 20 - 25 - 37 - 39 + 5 - 8
239;239;2008-09-05;2008;7;12;16;17;39;3;8;7 - 12 - 16 - 17 - 39 + 3 - 8
240;240;2008-09-12;2008;19;23;33;37;50;3;7;19 - 23 - 33 - 37 - 50 + 3 - 7
241;241;2008-09-19;2008;14;16;19;20;31;6;9;14 - 16 - 19 - 20 - 31 + 6 - 9
242;242;2008-09-26;2008;14;29;31;33;37;1;2;14 - 29 - 31 - 33 - 37 + 1 - 2
243;243;2008-10-03;2008;4;13;19;23;38;2;3;4 - 13 - 19 - 23 - 38 + 2 - 3
244;244;2008-10-10;2008;4;15;22;31;41;1;6;4 - 15 - 22 - 31 - 41 + 1 - 6
245;245;2008-10-17;2008;3;10;12;42;50;1;5;3 - 10 - 12 - 42 - 50 + 1 - 5
246;246;2008-10-24;2008;7;15;16;17;45;6;9;7 - 15 - 16 - 17 - 45 + 6 - 9
247;247;2008-10-31;2008;3;18;25;34;41;2;5;3 - 18 - 25 - 34 - 41 + 2 - 5
248;248;2008-11-07;2008;1;9;12;17;18;3;4;1 - 9 - 12 - 17 - 18 + 3 - 4
249;249;2008-11-14;2008;8;10;14;21;26;3;4;8 - 10 - 14 - 21 - 26 + 3 - 4
250;250;2008-11-21;2008;9;14;21;49;50;3;8;9 - 14 - 21 - 49 - 50 + 3 - 8
251;251;2008-11-28;2008;8;11;16;25;41;2;4;8 - 11 - 16 - 25 - 41 + 2 - 4
252;252;2008-12-05;2008;4;8;21;35;45;5;8;4 - 8 - 21 - 35 - 45 + 5 - 8
253;253;2008-12-12;2008;2;19;28;42;49;2;7;2 - 19 - 28 - 42 - 49 + 2 - 7
254;254;2008-12-19;2008;28;29;40;46;50;5;7;28 - 29 - 40 - 46 - 50 + 5 - 7
255;255;2008-12-26;2008;1;2;26;44;50;1;7;1 - 2 - 26 - 44 - 50 + 1 - 7
256;256;2009-01-02;2009;29;30;36;37;48;1;6;29 - 30 - 36 - 37 - 48 + 1 - 6
257;257;2009-01-09;2009;7;15;22;28;48;1;4;7 - 15 - 22 - 28 - 48 + 1 - 4
258;258;2009-01-16;2009;3;17;22;49;50;3;6;3 - 17 - 22 - 49 - 50 + 3 - 6
259;259;2009-01-23;2009;32;33;36;40;49;2;8;32 - 33 - 36 - 40 - 49 + 2 - 8
260;260;2009-01-30;2009;4;29;34;35;46;5;8;4 - 29 - 34 - 35 - 46 + 5 - 8
261;261;2009-02-06;2009;10;20;30;36;40;3;5;10 - 20 - 30 - 36 - 40 + 3 - 5
262;262;2009-02-13;2009;22;33;36;40;42;1;2;22 - 33 - 36 - 40 - 42 + 1 - 2
263;263;2009-02-20;2009;9;12;13;14;48;1;2;9 - 12 - 13 - 14 - 48 + 1 - 2
264;264;2009-02-27;2009;5;9;37;44;45;6;9;5 - 9 - 37 - 44 - 45 + 6 - 9
265;265;2009-03-06;2009;13;17;19;25;35;5;6;13 - 17 - 19 - 25 - 35 + 5 - 6
266;266;2009-03-13;2009;12;24;26;36;42;1;4;12 - 24 - 26 - 36 - 42 + 1 - 4
267;267;2009-03-20;2009;12;16;23;31;35;4;6;12 - 16 - 23 - 31 - 35 + 4 - 6
268;268;2009-03-27;2009;25;33;36;38;42;6;7;25 - 33 - 36 - 38 - 42 + 6 - 7
269;269;2009-04-03;2009;2;20;24;32;46;1;9;2 - 20 - 24 - 32 - 46 + 1 - 9
270;270;2009-04-10;2009;9;14;16;37;46;2;4;9 - 14 - 16 - 37 - 46 + 2 - 4
271;271;2009-04-17;2009;4;7;21;44;47;1;5;4 - 7 - 21 - 44 - 47 + 1 - 5
272;272;2009-04-24;2009;4;14;21;24;41;5;8;4 - 14 - 21 - 24 - 41 + 5 - 8
273;273;2009-05-01;2009;5;19;31;38;47;3;5;5 - 19 - 31 - 38 - 47 + 3 - 5
274;274;2009-05-08;2009;4;23;24;29;31;8;9;4 - 23 - 24 - 29 - 31 + 8 - 9
275;275;2009-05-15;2009;8;18;19;20;42;5;9;8 - 18 - 19 - 20 - 42 + 5 - 9
276;276;2009-05-22;2009;4;13;14;33;43;1;6;4 - 13 - 14 - 33 - 43 + 1 - 6
277;277;2009-05-29;2009;2;5;30;37;47;3;6;2 - 5 - 30 - 37 - 47 + 3 - 6
278;278;2009-06-05;2009;11;19;26;35;40;2;5;11 - 19 - 26 - 35 - 40 + 2 - 5
279;279;2009-06-12;2009;6;14;16;34;50;4;6;6 - 14 - 16 - 34 - 50 + 4 - 6
280;280;2009-06-19;2009;4;16;17;20;29;5;7;4 - 16 - 17 - 20 - 29 + 5 - 7
281;281;2009-06-26;2009;6;11;21;30;39;2;8;6 - 11 - 21 - 30 - 39 + 2 - 8
282;282;2009-07-03;2009;21;29;34;46;47;6;8;21 - 29 - 34 - 46 - 47 + 6 - 8
283;283;2009-07-10;2009;6;16;20;42;46;1;6;6 - 16 - 20 - 42 - 46 + 1 - 6
284;284;2009-07-17;2009;2;8;17;32;50;3;7;2 - 8 - 17 - 32 - 50 + 3 - 7
285;285;2009-07-24;2009;14;15;25;35;47;5;9;14 - 15 - 25 - 35 - 47 + 5 - 9
286;286;2009-07-31;2009;5;9;20;21;26;3;6;5 - 9 - 20 - 21 - 26 + 3 - 6
287;287;2009-08-07;2009;10;20;22;24;31;2;7;10 - 20 - 22 - 24 - 31 + 2 - 7
288;288;2009-08-14;2009;5;8;24;30;49;3;9;5 - 8 - 24 - 30 - 49 + 3 - 9
289;289;2009-08-21;2009;4;7;16;31;42;3;5;4 - 7 - 16 - 31 - 42 + 3 - 5
290;290;2009-08-28;2009;8;36;37;41;49;5;7;8 - 36 - 37 - 41 - 49 + 5 - 7
291;291;2009-09-04;2009;6;9;20;38;39;3;9;6 - 9 - 20 - 38 - 39 + 3 - 9
292;292;2009-09-11;2009;12;15;35;42;43;4;6;12 - 15 - 35 - 42 - 43 + 4 - 6
293;293;2009-09-18;2009;6;16;30;38;41;2;4;6 - 16 - 30 - 38 - 41 + 2 - 4
294;294;2009-09-25;2009;6;17;18;21;34;3;9;6 - 17 - 18 - 21 - 34 + 3 - 9
295;295;2009-10-02;2009;22;23;24;29;44;1;5;22 - 23 - 24 - 29 - 44 + 1 - 5
296;296;2009-10-09;2009;7;11;29;46;50;4;7;7 - 11 - 29 - 46 - 50 + 4 - 7
297;297;2009-10-16;2009;12;23;30;31;47;3;4;12 - 23 - 30 - 31 - 47 + 3 - 4
298;298;2009-10-23;2009;6;18;20;29;31;2;8;6 - 18 - 20 - 29 - 31 + 2 - 8
299;299;2009-10-30;2009;9;33;35;38;40;2;6;9 - 33 - 35 - 38 - 40 + 2 - 6
300;300;2009-11-06;2009;11;19;34;43;45;5;9;11 - 19 - 34 - 43 - 45 + 5 - 9
301;301;2009-11-13;2009;13;15;25;26;32;3;4;13 - 15 - 25 - 26 - 32 + 3 - 4
302;302;2009-11-20;2009;5;9;28;43;47;2;9;5 - 9 - 28 - 43 - 47 + 2 - 9
303;303;2009-11-27;2009;5;8;13;15;33;8;9;5 - 8 - 13 - 15 - 33 + 8 - 9
304;304;2009-12-04;2009;18;19;25;30;44;1;3;18 - 19 - 25 - 30 - 44 + 1 - 3
305;305;2009-12-11;2009;20;41;43;44;46;2;9;20 - 41 - 43 - 44 - 46 + 2 - 9
306;306;2009-12-18;2009;14;30;32;35;49;3;8;14 - 30 - 32 - 35 - 49 + 3 - 8
307;307;2009-12-25;2009;4;5;14;17;34;3;5;4 - 5 - 14 - 17 - 34 + 3 - 5
308;308;2010-01-01;2010;9;22;24;27;36;5;7;9 - 22 - 24 - 27 - 36 + 5 - 7
309;309;2010-01-08;2010;4;5;14;44;46;8;9;4 - 5 - 14 - 44 - 46 + 8 - 9
310;310;2010-01-15;2010;11;26;29;49;50;4;7;11 - 26 - 29 - 49 - 50 + 4 - 7
311;311;2010-01-22;2010;4;22;27;36;44;7;9;4 - 22 - 27 - 36 - 44 + 7 - 9
312;312;2010-01-29;2010;9;17;30;39;43;5;7;9 - 17 - 30 - 39 - 43 + 5 - 7
313;313;2010-02-05;2010;34;35;38;39;46;3;4;34 - 35 - 38 - 39 - 46 + 3 - 4
314;314;2010-02-12;2010;1;5;18;38;45;4;6;1 - 5 - 18 - 38 - 45 + 4 - 6
315;315;2010-02-19;2010;12;31;37;38;43;2;3;12 - 31 - 37 - 38 - 43 + 2 - 3
316;316;2010-02-26;2010;7;11;18;29;42;6;7;7 - 11 - 18 - 29 - 42 + 6 - 7
317;317;2010-03-05;2010;12;18;19;43;49;3;9;12 - 18 - 19 - 43 - 49 + 3 - 9
318;318;2010-03-12;2010;1;26;33;36;46;6;7;1 - 26 - 33 - 36 - 46 + 6 - 7
319;319;2010-03-19;2010;10;28;30;38;39;2;7;10 - 28 - 30 - 38 - 39 + 2 - 7
320;320;2010-03-26;2010;8;16;18;37;43;2;6;8 - 16 - 18 - 37 - 43 + 2 - 6
321;321;2010-04-02;2010;12;18;24;26;45;4;5;12 - 18 - 24 - 26 - 45 + 4 - 5
322;322;2010-04-09;2010;7;21;23;24;44;3;4;7 - 21 - 23 - 24 - 44 + 3 - 4
323;323;2010-04-16;2010;9;11;17;26;40;3;9;9 - 11 - 17 - 26 - 40 + 3 - 9
324;324;2010-04-23;2010;3;7;8;43;46;6;8;3 - 7 - 8 - 43 - 46 + 6 - 8
325;325;2010-04-30;2010;6;22;24;25;36;3;8;6 - 22 - 24 - 25 - 36 + 3 - 8
326;326;2010-05-07;2010;3;6;15;21;32;7;9;3 - 6 - 15 - 21 - 32 + 7 - 9
327;327;2010-05-14;2010;1;17;31;43;47;2;3;1 - 17 - 31 - 43 - 47 + 2 - 3
328;328;2010-05-21;2010;7;19;30;38;50;4;7;7 - 19 - 30 - 38 - 50 + 4 - 7
329;329;2010-05-28;2010;4;9;31;32;33;3;7;4 - 9 - 31 - 32 - 33 + 3 - 7
330;330;2010-06-04;2010;4;17;34;40;42;4;9;4 - 17 - 34 - 40 - 42 + 4 - 9
331;331;2010-06-11;2010;2;22;24;36;44;1;2;2 - 22 - 24 - 36 - 44 + 1 - 2
332;332;2010-06-18;2010;2;29;31;32;38;1;4;2 - 29 - 31 - 32 - 38 + 1 - 4
333;333;2010-06-25;2010;1;8;18;28;31;8;9;1 - 8 - 18 - 28 - 31 + 8 - 9
334;334;2010-07-02;2010;12;13;36;41;46;1;8;12 - 13 - 36 - 41 - 46 + 1 - 8
335;335;2010-07-09;2010;9;24;37;39;49;3;9;9 - 24 - 37 - 39 - 49 + 3 - 9
336;336;2010-07-16;2010;38;39;45;46;49;7;8;38 - 39 - 45 - 46 - 49 + 7 - 8
337;337;2010-07-23;2010;4;13;35;37;46;3;9;4 - 13 - 35 - 37 - 46 + 3 - 9
338;338;2010-07-30;2010;3;4;11;28;39;2;8;3 - 4 - 11 - 28 - 39 + 2 - 8
339;339;2010-08-06;2010;13;25;28;29;42;4;5;13 - 25 - 28 - 29 - 42 + 4 - 5
340;340;2010-08-13;2010;4;9;15;21;47;2;7;4 - 9 - 15 - 21 - 47 + 2 - 7
341;341;2010-08-20;2010;5;27;31;40;42;1;6;5 - 27 - 31 - 40 - 42 + 1 - 6
342;342;2010-08-27;2010;1;6;13;30;49;1;9;1 - 6 - 13 - 30 - 49 + 1 - 9
343;343;2010-09-03;2010;13;24;26;47;49;4;8;13 - 24 - 26 - 47 - 49 + 4 - 8
344;344;2010-09-10;2010;17;21;35;41;45;1;5;17 - 21 - 35 - 41 - 45 + 1 - 5
345;345;2010-09-17;2010;17;27;29;38;50;1;3;17 - 27 - 29 - 38 - 50 + 1 - 3
346;346;2010-09-24;2010;1;4;16;40;48;1;9;1 - 4 - 16 - 40 - 48 + 1 - 9
347;347;2010-10-01;2010;1;4;6;27;48;1;6;1 - 4 - 6 - 27 - 48 + 1 - 6
348;348;2010-10-08;2010;9;30;35;39;46;6;8;9 - 30 - 35 - 39 - 46 + 6 - 8
349;349;2010-10-15;2010;2;31;36;38;43;3;7;2 - 31 - 36 - 38 - 43 + 3 - 7
350;350;2010-10-22;2010;4;5;9;11;39;3;5;4 - 5 - 9 - 11 - 39 + 3 - 5
351;351;2010-10-29;2010;16;20;22;32;42;8;9;16 - 20 - 22 - 32 - 42 + 8 - 9
352;352;2010-11-05;2010;21;23;33;40;50;4;5;21 - 23 - 33 - 40 - 50 + 4 - 5
353;353;2010-11-12;2010;7;19;23;29;47;1;6;7 - 19 - 23 - 29 - 47 + 1 - 6
354;354;2010-11-19;2010;12;15;32;36;45;7;9;12 - 15 - 32 - 36 - 45 + 7 - 9
355;355;2010-11-26;2010;9;28;36;41;49;5;7;9 - 28 - 36 - 41 - 49 + 5 - 7
356;356;2010-12-03;2010;8;19;28;32;46;4;7;8 - 19 - 28 - 32 - 46 + 4 - 7
357;357;2010-12-10;2010;2;3;10;33;46;7;8;2 - 3 - 10 - 33 - 46 + 7 - 8
358;358;2010-12-17;2010;3;20;29;35;42;3;8;3 - 20 - 29 - 35 - 42 + 3 - 8
359;359;2010-12-24;2010;19;36;38;42;46;2;8;19 - 36 - 38 - 42 - 46 + 2 - 8
360;360;2010-12-31;2010;2;24;34;38;43;1;7;2 - 24 - 34 - 38 - 43 + 1 - 7
361;361;2011-01-07;2011;1;22;32;48;50;6;7;1 - 22 - 32 - 48 - 50 + 6 - 7
362;362;2011-01-14;2011;2;14;24;39;44;6;7;2 - 14 - 24 - 39 - 44 + 6 - 7
363;363;2011-01-21;2011;3;11;13;18;21;4;5;3 - 11 - 13 - 18 - 21 + 4 - 5
364;364;2011-01-28;2011;13;23;24;41;42;1;5;13 - 23 - 24 - 41 - 42 + 1 - 5
365;365;2011-02-04;2011;2;11;24;35;47;5;9;2 - 11 - 24 - 35 - 47 + 5 - 9
366;366;2011-02-11;2011;12;14;15;19;23;7;8;12 - 14 - 15 - 19 - 23 + 7 - 8
367;367;2011-02-18;2011;2;3;15;45;49;5;9;2 - 3 - 15 - 45 - 49 + 5 - 9
368;368;2011-02-25;2011;12;13;42;45;48;3;9;12 - 13 - 42 - 45 - 48 + 3 - 9
369;369;2011-03-04;2011;11;25;27;28;41;5;8;11 - 25 - 27 - 28 - 41 + 5 - 8
370;370;2011-03-11;2011;17;19;24;37;46;2;7;17 - 19 - 24 - 37 - 46 + 2 - 7
371;371;2011-03-18;2011;1;13;20;26;50;6;7;1 - 13 - 20 - 26 - 50 + 6 - 7
372;372;2011-03-25;2011;6;12;21;27;33;3;7;6 - 12 - 21 - 27 - 33 + 3 - 7
373;373;2011-04-01;2011;4;17;21;22;33;4;8;4 - 17 - 21 - 22 - 33 + 4 - 8
374;374;2011-04-08;2011;21;23;38;47;50;2;6;21 - 23 - 38 - 47 - 50 + 2 - 6
375;375;2011-04-15;2011;4;6;21;39;41;2;6;4 - 6 - 21 - 39 - 41 + 2 - 6
376;376;2011-04-22;2011;11;22;36;45;48;1;4;11 - 22 - 36 - 45 - 48 + 1 - 4
377;377;2011-04-29;2011;15;25;38;40;41;1;2;15 - 25 - 38 - 40 - 41 + 1 - 2
378;378;2011-05-06;2011;11;16;20;22;28;4;9;11 - 16 - 20 - 22 - 28 + 4 - 9
379;379;2011-05-10;2011;3;10;15;28;45;5;7;3 - 10 - 15 - 28 - 45 + 5 - 7
380;380;2011-05-13;2011;9;11;17;36;47;1;2;9 - 11 - 17 - 36 - 47 + 1 - 2
381;381;2011-05-17;2011;20;21;37;45;46;2;3;20 - 21 - 37 - 45 - 46 + 2 - 3
382;382;2011-05-20;2011;10;14;20;25;42;8;11;10 - 14 - 20 - 25 - 42 + 8 - 11
383;383;2011-05-24;2011;16;23;24;26;29;2;9;16 - 23 - 24 - 26 - 29 + 2 - 9
384;384;2011-05-27;2011;9;17;25;28;49;8;9;9 - 17 - 25 - 28 - 49 + 8 - 9
385;385;2011-05-31;2011;1;9;10;22;50;5;11;1 - 9 - 10 - 22 - 50 + 5 - 11
386;386;2011-06-03;2011;4;39;40;49;50;2;5;4 - 39 - 40 - 49 - 50 + 2 - 5
387;387;2011-06-07;2011;6;25;36;38;40;4;10;6 - 25 - 36 - 38 - 40 + 4 - 10
388;388;2011-06-10;2011;3;19;20;37;48;8;11;3 - 19 - 20 - 37 - 48 + 8 - 11
389;389;2011-06-14;2011;5;12;19;41;48;8;10;5 - 12 - 19 - 41 - 48 + 8 - 10
390;390;2011-06-17;2011;11;16;21;22;44;3;8;11 - 16 - 21 - 22 - 44 + 3 - 8
391;391;2011-06-21;2011;17;20;35;49;50;3;4;17 - 20 - 35 - 49 - 50 + 3 - 4
392;392;2011-06-24;2011;5;16;20;30;41;6;11;5 - 16 - 20 - 30 - 41 + 6 - 11
393;393;2011-06-28;2011;15;16;30;44;50;2;3;15 - 16 - 30 - 44 - 50 + 2 - 3
394;394;2011-07-01;2011;8;11;23;31;46;8;9;8 - 11 - 23 - 31 - 46 + 8 - 9
395;395;2011-07-05;2011;11;28;29;47;49;1;5;11 - 28 - 29 - 47 - 49 + 1 - 5
396;396;2011-07-08;2011;12;13;23;40;49;7;10;12 - 13 - 23 - 40 - 49 + 7 - 10
397;397;2011-07-12;2011;17;19;38;42;45;9;10;17 - 19 - 38 - 42 - 45 + 9 - 10
398;398;2011-07-15;2011;6;26;33;34;39;3;4;6 - 26 - 33 - 34 - 39 + 3 - 4
399;399;2011-07-19;2011;3;16;25;26;35;5;9;3 - 16 - 25 - 26 - 35 + 5 - 9
400;400;2011-07-22;2011;4;15;23;49;50;2;6;4 - 15 - 23 - 49 - 50 + 2 - 6
401;401;2011-07-26;2011;1;5;22;25;48;3;11;1 - 5 - 22 - 25 - 48 + 3 - 11
402;402;2011-07-29;2011;12;19;27;37;38;5;10;12 - 19 - 27 - 37 - 38 + 5 - 10
403;403;2011-08-02;2011;5;8;14;24;33;3;8;5 - 8 - 14 - 24 - 33 + 3 - 8
404;404;2011-08-05;2011;13;14;18;32;34;1;10;13 - 14 - 18 - 32 - 34 + 1 - 10
405;405;2011-08-09;2011;7;23;24;34;36;8;11;7 - 23 - 24 - 34 - 36 + 8 - 11
406;406;2011-08-12;2011;7;10;20;27;37;4;7;7 - 10 - 20 - 27 - 37 + 4 - 7
407;407;2011-08-16;2011;1;13;17;18;45;3;8;1 - 13 - 17 - 18 - 45 + 3 - 8
408;408;2011-08-19;2011;6;14;16;28;31;2;11;6 - 14 - 16 - 28 - 31 + 2 - 11
409;409;2011-08-23;2011;4;6;14;42;50;2;4;4 - 6 - 14 - 42 - 50 + 2 - 4
410;410;2011-08-26;2011;12;22;25;33;45;5;7;12 - 22 - 25 - 33 - 45 + 5 - 7
411;411;2011-08-30;2011;2;8;10;19;46;5;9;2 - 8 - 10 - 19 - 46 + 5 - 9
412;412;2011-09-02;2011;12;26;37;38;44;4;7;12 - 26 - 37 - 38 - 44 + 4 - 7
413;413;2011-09-06;2011;35;42;47;48;50;8;9;35 - 42 - 47 - 48 - 50 + 8 - 9
414;414;2011-09-09;2011;5;21;28;31;34;1;2;5 - 21 - 28 - 31 - 34 + 1 - 2
415;415;2011-09-13;2011;9;28;30;32;49;9;10;9 - 28 - 30 - 32 - 49 + 9 - 10
416;416;2011-09-16;2011;2;8;17;39;42;3;10;2 - 8 - 17 - 39 - 42 + 3 - 10
417;417;2011-09-20;2011;9;19;25;36;38;7;11;9 - 19 - 25 - 36 - 38 + 7 - 11
418;418;2011-09-23;2011;6;14;33;34;48;2;6;6 - 14 - 33 - 34 - 48 + 2 - 6
419;419;2011-09-27;2011;18;27;28;35;40;3;5;18 - 27 - 28 - 35 - 40 + 3 - 5
420;420;2011-09-30;2011;5;15;28;31;44;1;6;5 - 15 - 28 - 31 - 44 + 1 - 6
421;421;2011-10-04;2011;14;16;23;38;45;8;11;14 - 16 - 23 - 38 - 45 + 8 - 11
422;422;2011-10-07;2011;18;26;34;38;42;5;8;18 - 26 - 34 - 38 - 42 + 5 - 8
423;423;2011-10-11;2011;1;4;12;16;48;9;10;1 - 4 - 12 - 16 - 48 + 9 - 10
424;424;2011-10-14;2011;12;23;29;32;47;3;5;12 - 23 - 29 - 32 - 47 + 3 - 5
425;425;2011-10-18;2011;18;23;37;46;48;2;10;18 - 23 - 37 - 46 - 48 + 2 - 10
426;426;2011-10-21;2011;2;19;33;37;46;5;8;2 - 19 - 33 - 37 - 46 + 5 - 8
427;427;2011-10-25;2011;12;22;27;28;39;4;10;12 - 22 - 27 - 28 - 39 + 4 - 10
428;428;2011-10-28;2011;16;17;20;39;50;4;8;16 - 17 - 20 - 39 - 50 + 4 - 8
429;429;2011-11-01;2011;14;20;23;45;46;1;11;14 - 20 - 23 - 45 - 46 + 1 - 11
430;430;2011-11-04;2011;11;14;41;43;50;2;9;11 - 14 - 41 - 43 - 50 + 2 - 9
431;431;2011-11-08;2011;1;4;15;29;40;1;5;1 - 4 - 15 - 29 - 40 + 1 - 5
432;432;2011-11-11;2011;1;4;18;23;30;3;7;1 - 4 - 18 - 23 - 30 + 3 - 7
433;433;2011-11-15;2011;6;17;22;45;47;3;11;6 - 17 - 22 - 45 - 47 + 3 - 11
434;434;2011-11-18;2011;4;12;24;39;44;2;4;4 - 12 - 24 - 39 - 44 + 2 - 4
435;435;2011-11-22;2011;16;18;24;38;40;2;4;16 - 18 - 24 - 38 - 40 + 2 - 4
436;436;2011-11-25;2011;14;19;26;28;34;5;8;14 - 19 - 26 - 28 - 34 + 5 - 8
437;437;2011-11-29;2011;11;25;41;45;50;2;7;11 - 25 - 41 - 45 - 50 + 2 - 7
438;438;2011-12-02;2011;7;27;30;40;43;8;9;7 - 27 - 30 - 40 - 43 + 8 - 9
439;439;2011-12-06;2011;19;20;21;34;38;3;9;19 - 20 - 21 - 34 - 38 + 3 - 9
440;440;2011-12-09;2011;12;21;29;44;47;1;2;12 - 21 - 29 - 44 - 47 + 1 - 2
441;441;2011-12-13;2011;7;12;18;33;37;1;11;7 - 12 - 18 - 33 - 37 + 1 - 11
442;442;2011-12-16;2011;2;5;10;23;31;2;5;2 - 5 - 10 - 23 - 31 + 2 - 5
443;443;2011-12-20;2011;1;9;12;14;48;1;7;1 - 9 - 12 - 14 - 48 + 1 - 7
444;444;2011-12-23;2011;7;21;22;24;28;1;11;7 - 21 - 22 - 24 - 28 + 1 - 11
445;445;2011-12-27;2011;19;21;25;26;44;3;7;19 - 21 - 25 - 26 - 44 + 3 - 7
446;446;2011-12-30;2011;16;36;43;44;50;7;8;16 - 36 - 43 - 44 - 50 + 7 - 8
447;447;2012-01-03;2012;3;30;42;45;49;5;10;3 - 30 - 42 - 45 - 49 + 5 - 10
448;448;2012-01-06;2012;1;6;10;12;31;2;7;1 - 6 - 10 - 12 - 31 + 2 - 7
449;449;2012-01-10;2012;4;9;10;30;40;2;9;4 - 9 - 10 - 30 - 40 + 2 - 9
450;450;2012-01-13;2012;13;14;21;27;39;6;8;13 - 14 - 21 - 27 - 39 + 6 - 8
451;451;2012-01-17;2012;12;22;30;31;44;5;6;12 - 22 - 30 - 31 - 44 + 5 - 6
452;452;2012-01-20;2012;2;10;22;27;28;6;8;2 - 10 - 22 - 27 - 28 + 6 - 8
453;453;2012-01-24;2012;1;2;6;20;36;8;11;1 - 2 - 6 - 20 - 36 + 8 - 11
454;454;2012-01-27;2012;10;13;19;39;44;2;6;10 - 13 - 19 - 39 - 44 + 2 - 6
455;455;2012-01-31;2012;9;34;38;43;45;2;4;9 - 34 - 38 - 43 - 45 + 2 - 4
456;456;2012-02-03;2012;16;19;20;25;28;1;10;16 - 19 - 20 - 25 - 28 + 1 - 10
457;457;2012-02-07;2012;3;15;17;28;33;2;4;3 - 15 - 17 - 28 - 33 + 2 - 4
458;458;2012-02-10;2012;3;8;14;31;41;7;11;3 - 8 - 14 - 31 - 41 + 7 - 11
459;459;2012-02-14;2012;14;27;36;42;46;8;11;14 - 27 - 36 - 42 - 46 + 8 - 11
460;460;2012-02-17;2012;4;11;28;38;47;10;11;4 - 11 - 28 - 38 - 47 + 10 - 11
461;461;2012-02-21;2012;11;14;24;25;29;7;11;11 - 14 - 24 - 25 - 29 + 7 - 11
462;462;2012-02-24;2012;3;7;12;26;34;8;10;3 - 7 - 12 - 26 - 34 + 8 - 10
463;463;2012-02-28;2012;1;10;17;33;48;2;3;1 - 10 - 17 - 33 - 48 + 2 - 3
464;464;2012-03-02;2012;5;6;11;30;44;2;6;5 - 6 - 11 - 30 - 44 + 2 - 6
465;465;2012-03-06;2012;23;24;27;37;47;2;6;23 - 24 - 27 - 37 - 47 + 2 - 6
466;466;2012-03-09;2012;3;32;36;39;47;6;9;3 - 32 - 36 - 39 - 47 + 6 - 9
467;467;2012-03-13;2012;1;10;25;43;47;8;9;1 - 10 - 25 - 43 - 47 + 8 - 9
468;468;2012-03-16;2012;3;4;12;23;50;4;7;3 - 4 - 12 - 23 - 50 + 4 - 7
469;469;2012-03-20;2012;15;16;28;30;46;3;4;15 - 16 - 28 - 30 - 46 + 3 - 4
470;470;2012-03-23;2012;9;15;23;31;50;8;11;9 - 15 - 23 - 31 - 50 + 8 - 11
471;471;2012-03-27;2012;24;27;29;34;36;7;8;24 - 27 - 29 - 34 - 36 + 7 - 8
472;472;2012-03-30;2012;4;17;23;36;46;6;10;4 - 17 - 23 - 36 - 46 + 6 - 10
473;473;2012-04-03;2012;1;8;18;25;30;9;10;1 - 8 - 18 - 25 - 30 + 9 - 10
474;474;2012-04-06;2012;11;20;30;35;45;2;3;11 - 20 - 30 - 35 - 45 + 2 - 3
475;475;2012-04-10;2012;22;25;27;36;37;5;9;22 - 25 - 27 - 36 - 37 + 5 - 9
476;476;2012-04-13;2012;8;13;26;39;43;3;5;8 - 13 - 26 - 39 - 43 + 3 - 5
477;477;2012-04-17;2012;10;28;33;48;49;1;10;10 - 28 - 33 - 48 - 49 + 1 - 10
478;478;2012-04-20;2012;3;6;29;32;41;10;11;3 - 6 - 29 - 32 - 41 + 10 - 11
479;479;2012-04-24;2012;8;9;24;43;48;3;5;8 - 9 - 24 - 43 - 48 + 3 - 5
480;480;2012-04-27;2012;20;27;30;36;43;1;6;20 - 27 - 30 - 36 - 43 + 1 - 6
481;481;2012-05-01;2012;4;5;15;19;41;9;11;4 - 5 - 15 - 19 - 41 + 9 - 11
482;482;2012-05-04;2012;3;26;39;40;41;1;2;3 - 26 - 39 - 40 - 41 + 1 - 2
483;483;2012-05-08;2012;3;21;34;38;48;5;8;3 - 21 - 34 - 38 - 48 + 5 - 8
484;484;2012-05-11;2012;1;13;17;38;44;2;11;1 - 13 - 17 - 38 - 44 + 2 - 11
485;485;2012-05-15;2012;2;11;13;26;50;2;5;2 - 11 - 13 - 26 - 50 + 2 - 5
486;486;2012-05-18;2012;13;29;43;47;50;9;11;13 - 29 - 43 - 47 - 50 + 9 - 11
487;487;2012-05-22;2012;16;31;32;37;41;1;7;16 - 31 - 32 - 37 - 41 + 1 - 7
488;488;2012-05-25;2012;12;22;35;46;49;2;8;12 - 22 - 35 - 46 - 49 + 2 - 8
489;489;2012-05-29;2012;8;15;17;25;28;3;11;8 - 15 - 17 - 25 - 28 + 3 - 11
490;490;2012-06-01;2012;2;4;14;26;36;9;10;2 - 4 - 14 - 26 - 36 + 9 - 10
491;491;2012-06-05;2012;13;34;37;47;49;8;9;13 - 34 - 37 - 47 - 49 + 8 - 9
492;492;2012-06-08;2012;5;11;22;34;40;9;11;5 - 11 - 22 - 34 - 40 + 9 - 11
493;493;2012-06-12;2012;8;15;26;30;48;9;10;8 - 15 - 26 - 30 - 48 + 9 - 10
494;494;2012-06-15;2012;10;22;27;38;48;3;7;10 - 22 - 27 - 38 - 48 + 3 - 7
495;495;2012-06-19;2012;7;17;20;35;50;5;11;7 - 17 - 20 - 35 - 50 + 5 - 11
496;496;2012-06-22;2012;14;18;19;43;49;3;7;14 - 18 - 19 - 43 - 49 + 3 - 7
497;497;2012-06-26;2012;1;11;20;22;35;8;10;1 - 11 - 20 - 22 - 35 + 8 - 10
498;498;2012-06-29;2012;14;17;28;29;39;1;11;14 - 17 - 28 - 29 - 39 + 1 - 11
499;499;2012-07-03;2012;2;7;22;27;40;3;6;2 - 7 - 22 - 27 - 40 + 3 - 6
500;500;2012-07-06;2012;31;32;38;40;42;1;3;31 - 32 - 38 - 40 - 42 + 1 - 3
501;501;2012-07-10;2012;1;3;16;24;37;1;8;1 - 3 - 16 - 24 - 37 + 1 - 8
502;502;2012-07-13;2012;8;18;25;35;46;4;9;8 - 18 - 25 - 35 - 46 + 4 - 9
503;503;2012-07-17;2012;2;7;24;43;46;8;10;2 - 7 - 24 - 43 - 46 + 8 - 10
504;504;2012-07-20;2012;10;19;23;45;49;9;10;10 - 19 - 23 - 45 - 49 + 9 - 10
505;505;2012-07-24;2012;4;16;18;25;44;1;11;4 - 16 - 18 - 25 - 44 + 1 - 11
506;506;2012-07-27;2012;14;15;21;23;48;2;10;14 - 15 - 21 - 23 - 48 + 2 - 10
507;507;2012-07-31;2012;4;29;35;36;39;8;9;4 - 29 - 35 - 36 - 39 + 8 - 9
508;508;2012-08-03;2012;24;34;35;42;46;1;5;24 - 34 - 35 - 42 - 46 + 1 - 5
509;509;2012-08-07;2012;20;27;34;46;50;2;3;20 - 27 - 34 - 46 - 50 + 2 - 3
510;510;2012-08-10;2012;11;17;21;48;50;9;10;11 - 17 - 21 - 48 - 50 + 9 - 10
511;511;2012-08-14;2012;1;16;38;42;45;9;10;1 - 16 - 38 - 42 - 45 + 9 - 10
512;512;2012-08-17;2012;19;25;28;33;44;2;8;19 - 25 - 28 - 33 - 44 + 2 - 8
513;513;2012-08-21;2012;4;5;17;38;48;3;4;4 - 5 - 17 - 38 - 48 + 3 - 4
514;514;2012-08-24;2012;5;6;12;19;37;3;7;5 - 6 - 12 - 19 - 37 + 3 - 7
515;515;2012-08-28;2012;1;18;25;26;44;4;5;1 - 18 - 25 - 26 - 44 + 4 - 5
516;516;2012-08-31;2012;16;28;31;33;48;7;11;16 - 28 - 31 - 33 - 48 + 7 - 11
517;517;2012-09-04;2012;11;17;18;39;44;5;10;11 - 17 - 18 - 39 - 44 + 5 - 10
518;518;2012-09-07;2012;13;15;30;35;42;4;6;13 - 15 - 30 - 35 - 42 + 4 - 6
519;519;2012-09-11;2012;6;15;22;37;44;2;4;6 - 15 - 22 - 37 - 44 + 2 - 4
520;520;2012-09-14;2012;3;10;23;27;44;7;9;3 - 10 - 23 - 27 - 44 + 7 - 9
521;521;2012-09-18;2012;6;7;38;39;44;7;9;6 - 7 - 38 - 39 - 44 + 7 - 9
522;522;2012-09-21;2012;4;19;34;41;43;7;11;4 - 19 - 34 - 41 - 43 + 7 - 11
523;523;2012-09-25;2012;7;25;27;48;49;1;4;7 - 25 - 27 - 48 - 49 + 1 - 4
524;524;2012-09-28;2012;20;23;26;30;33;6;9;20 - 23 - 26 - 30 - 33 + 6 - 9
525;525;2012-10-02;2012;4;16;21;36;42;7;8;4 - 16 - 21 - 36 - 42 + 7 - 8
526;526;2012-10-05;2012;9;16;18;19;21;2;3;9 - 16 - 18 - 19 - 21 + 2 - 3
527;527;2012-10-09;2012;2;8;10;23;25;8;9;2 - 8 - 10 - 23 - 25 + 8 - 9
528;528;2012-10-12;2012;6;7;17;35;43;2;8;6 - 7 - 17 - 35 - 43 + 2 - 8
529;529;2012-10-16;2012;10;32;40;41;49;2;8;10 - 32 - 40 - 41 - 49 + 2 - 8
530;530;2012-10-19;2012;16;29;37;40;44;8;10;16 - 29 - 37 - 40 - 44 + 8 - 10
531;531;2012-10-23;2012;1;28;35;38;50;2;10;1 - 28 - 35 - 38 - 50 + 2 - 10
532;532;2012-10-26;2012;5;6;9;27;38;5;11;5 - 6 - 9 - 27 - 38 + 5 - 11
533;533;2012-10-30;2012;23;24;25;31;44;2;3;23 - 24 - 25 - 31 - 44 + 2 - 3
534;534;2012-11-02;2012;3;6;10;11;44;3;4;3 - 6 - 10 - 11 - 44 + 3 - 4
535;535;2012-11-06;2012;7;20;25;35;41;1;9;7 - 20 - 25 - 35 - 41 + 1 - 9
536;536;2012-11-09;2012;14;21;22;28;47;4;5;14 - 21 - 22 - 28 - 47 + 4 - 5
537;537;2012-11-13;2012;11;16;21;24;29;2;6;11 - 16 - 21 - 24 - 29 + 2 - 6
538;538;2012-11-16;2012;10;15;19;23;41;2;9;10 - 15 - 19 - 23 - 41 + 2 - 9
539;539;2012-11-20;2012;28;30;42;45;49;5;10;28 - 30 - 42 - 45 - 49 + 5 - 10
540;540;2012-11-23;2012;1;9;11;20;40;1;5;1 - 9 - 11 - 20 - 40 + 1 - 5
541;541;2012-11-27;2012;6;10;23;44;49;1;7;6 - 10 - 23 - 44 - 49 + 1 - 7
542;542;2012-11-30;2012;10;18;23;24;40;3;4;10 - 18 - 23 - 24 - 40 + 3 - 4
543;543;2012-12-04;2012;5;10;28;29;44;2;4;5 - 10 - 28 - 29 - 44 + 2 - 4
544;544;2012-12-07;2012;10;16;18;31;42;2;5;10 - 16 - 18 - 31 - 42 + 2 - 5
545;545;2012-12-11;2012;1;4;9;43;50;6;8;1 - 4 - 9 - 43 - 50 + 6 - 8
546;546;2012-12-14;2012;10;11;29;40;43;3;11;10 - 11 - 29 - 40 - 43 + 3 - 11
547;547;2012-12-18;2012;14;18;20;35;44;2;5;14 - 18 - 20 - 35 - 44 + 2 - 5
548;548;2012-12-21;2012;3;5;22;40;42;3;10;3 - 5 - 22 - 40 - 42 + 3 - 10
549;549;2012-12-25;2012;14;18;20;23;32;3;10;14 - 18 - 20 - 23 - 32 + 3 - 10
550;550;2012-12-28;2012;17;24;26;27;49;3;5;17 - 24 - 26 - 27 - 49 + 3 - 5
551;551;2013-01-01;2013;2;7;8;36;49;1;11;2 - 7 - 8 - 36 - 49 + 1 - 11
552;552;2013-01-04;2013;4;10;22;27;41;8;10;4 - 10 - 22 - 27 - 41 + 8 - 10
553;553;2013-01-08;2013;2;20;22;26;47;5;9;2 - 20 - 22 - 26 - 47 + 5 - 9
554;554;2013-01-11;2013;4;22;29;37;41;4;7;4 - 22 - 29 - 37 - 41 + 4 - 7
555;555;2013-01-15;2013;22;38;40;42;47;1;11;22 - 38 - 40 - 42 - 47 + 1 - 11
556;556;2013-01-18;2013;4;26;27;30;39;3;10;4 - 26 - 27 - 30 - 39 + 3 - 10
557;557;2013-01-22;2013;1;10;44;45;48;1;4;1 - 10 - 44 - 45 - 48 + 1 - 4
558;558;2013-01-25;2013;3;10;18;31;37;2;4;3 - 10 - 18 - 31 - 37 + 2 - 4
559;559;2013-01-29;2013;9;16;26;36;39;2;6;9 - 16 - 26 - 36 - 39 + 2 - 6
560;560;2013-02-01;2013;5;21;34;37;38;1;6;5 - 21 - 34 - 37 - 38 + 1 - 6
561;561;2013-02-05;2013;6;25;31;40;45;6;7;6 - 25 - 31 - 40 - 45 + 6 - 7
562;562;2013-02-08;2013;9;11;14;34;44;10;11;9 - 11 - 14 - 34 - 44 + 10 - 11
563;563;2013-02-12;2013;5;11;16;25;28;7;9;5 - 11 - 16 - 25 - 28 + 7 - 9
564;564;2013-02-15;2013;2;4;22;28;42;4;9;2 - 4 - 22 - 28 - 42 + 4 - 9
565;565;2013-02-19;2013;12;15;28;30;44;8;9;12 - 15 - 28 - 30 - 44 + 8 - 9
566;566;2013-02-22;2013;15;16;28;36;37;2;11;15 - 16 - 28 - 36 - 37 + 2 - 11
567;567;2013-02-26;2013;3;12;13;17;30;2;6;3 - 12 - 13 - 17 - 30 + 2 - 6
568;568;2013-03-01;2013;1;11;29;36;42;4;5;1 - 11 - 29 - 36 - 42 + 4 - 5
569;569;2013-03-05;2013;8;19;31;33;39;2;7;8 - 19 - 31 - 33 - 39 + 2 - 7
570;570;2013-03-08;2013;3;20;23;28;42;8;11;3 - 20 - 23 - 28 - 42 + 8 - 11
571;571;2013-03-12;2013;2;4;10;22;50;5;8;2 - 4 - 10 - 22 - 50 + 5 - 8
572;572;2013-03-15;2013;4;14;21;24;39;3;10;4 - 14 - 21 - 24 - 39 + 3 - 10
573;573;2013-03-19;2013;19;32;35;37;44;1;9;19 - 32 - 35 - 37 - 44 + 1 - 9
574;574;2013-03-22;2013;12;27;32;34;49;8;9;12 - 27 - 32 - 34 - 49 + 8 - 9
575;575;2013-03-26;2013;4;26;30;42;44;6;11;4 - 26 - 30 - 42 - 44 + 6 - 11
576;576;2013-03-29;2013;13;30;43;44;46;5;9;13 - 30 - 43 - 44 - 46 + 5 - 9
577;577;2013-04-02;2013;12;17;25;29;41;1;4;12 - 17 - 25 - 29 - 41 + 1 - 4
578;578;2013-04-05;2013;1;11;17;32;39;2;7;1 - 11 - 17 - 32 - 39 + 2 - 7
579;579;2013-04-09;2013;15;35;38;44;48;5;10;15 - 35 - 38 - 44 - 48 + 5 - 10
580;580;2013-04-12;2013;5;10;15;28;45;3;9;5 - 10 - 15 - 28 - 45 + 3 - 9
581;581;2013-04-16;2013;1;11;22;33;50;4;6;1 - 11 - 22 - 33 - 50 + 4 - 6
582;582;2013-04-19;2013;1;8;42;46;48;4;7;1 - 8 - 42 - 46 - 48 + 4 - 7
583;583;2013-04-23;2013;1;4;7;10;50;4;11;1 - 4 - 7 - 10 - 50 + 4 - 11
584;584;2013-04-26;2013;11;16;24;38;40;2;5;11 - 16 - 24 - 38 - 40 + 2 - 5
585;585;2013-04-30;2013;13;36;40;43;50;5;9;13 - 36 - 40 - 43 - 50 + 5 - 9
586;586;2013-05-03;2013;3;5;34;40;49;2;3;3 - 5 - 34 - 40 - 49 + 2 - 3
587;587;2013-05-07;2013;13;27;28;42;43;4;6;13 - 27 - 28 - 42 - 43 + 4 - 6
588;588;2013-05-10;2013;1;32;35;45;48;4;11;1 - 32 - 35 - 45 - 48 + 4 - 11
589;589;2013-05-14;2013;7;8;24;27;36;5;11;7 - 8 - 24 - 27 - 36 + 5 - 11
590;590;2013-05-17;2013;6;20;24;25;50;9;10;6 - 20 - 24 - 25 - 50 + 9 - 10
591;591;2013-05-21;2013;7;8;19;28;29;5;9;7 - 8 - 19 - 28 - 29 + 5 - 9
592;592;2013-05-24;2013;7;17;22;27;40;2;3;7 - 17 - 22 - 27 - 40 + 2 - 3
593;593;2013-05-28;2013;8;13;26;34;38;3;11;8 - 13 - 26 - 34 - 38 + 3 - 11
594;594;2013-05-31;2013;27;28;29;34;43;5;10;27 - 28 - 29 - 34 - 43 + 5 - 10
595;595;2013-06-04;2013;31;33;34;37;40;1;6;31 - 33 - 34 - 37 - 40 + 1 - 6
596;596;2013-06-07;2013;7;14;26;45;50;2;7;7 - 14 - 26 - 45 - 50 + 2 - 7
597;597;2013-06-11;2013;5;7;9;25;41;1;5;5 - 7 - 9 - 25 - 41 + 1 - 5
598;598;2013-06-14;2013;10;25;41;47;48;6;10;10 - 25 - 41 - 47 - 48 + 6 - 10
599;599;2013-06-18;2013;17;24;33;41;44;1;11;17 - 24 - 33 - 41 - 44 + 1 - 11
600;600;2013-06-21;2013;10;11;30;36;45;1;2;10 - 11 - 30 - 36 - 45 + 1 - 2
601;601;2013-06-25;2013;4;5;13;27;35;1;2;4 - 5 - 13 - 27 - 35 + 1 - 2
602;602;2013-06-28;2013;1;15;28;35;47;1;7;1 - 15 - 28 - 35 - 47 + 1 - 7
603;603;2013-07-02;2013;11;13;14;28;30;4;5;11 - 13 - 14 - 28 - 30 + 4 - 5
604;604;2013-07-05;2013;4;12;15;28;33;1;10;4 - 12 - 15 - 28 - 33 + 1 - 10
605;605;2013-07-09;2013;16;18;31;38;49;4;10;16 - 18 - 31 - 38 - 49 + 4 - 10
606;606;2013-07-12;2013;18;26;32;33;42;2;3;18 - 26 - 32 - 33 - 42 + 2 - 3
607;607;2013-07-16;2013;19;23;34;47;50;4;6;19 - 23 - 34 - 47 - 50 + 4 - 6
608;608;2013-07-19;2013;13;16;24;26;35;2;5;13 - 16 - 24 - 26 - 35 + 2 - 5
609;609;2013-07-23;2013;14;15;16;19;44;4;5;14 - 15 - 16 - 19 - 44 + 4 - 5
610;610;2013-07-26;2013;12;23;29;38;49;3;4;12 - 23 - 29 - 38 - 49 + 3 - 4
611;611;2013-07-30;2013;3;4;11;14;43;1;6;3 - 4 - 11 - 14 - 43 + 1 - 6
612;612;2013-08-02;2013;21;36;37;42;48;4;7;21 - 36 - 37 - 42 - 48 + 4 - 7
613;613;2013-08-06;2013;16;17;31;47;49;3;11;16 - 17 - 31 - 47 - 49 + 3 - 11
614;614;2013-08-09;2013;4;7;9;23;24;8;9;4 - 7 - 9 - 23 - 24 + 8 - 9
615;615;2013-08-13;2013;5;17;20;47;50;1;4;5 - 17 - 20 - 47 - 50 + 1 - 4
616;616;2013-08-16;2013;20;24;27;37;39;5;10;20 - 24 - 27 - 37 - 39 + 5 - 10
617;617;2013-08-20;2013;5;11;42;49;50;8;11;5 - 11 - 42 - 49 - 50 + 8 - 11
618;618;2013-08-23;2013;1;6;26;30;37;5;8;1 - 6 - 26 - 30 - 37 + 5 - 8
619;619;2013-08-27;2013;7;30;38;40;43;2;6;7 - 30 - 38 - 40 - 43 + 2 - 6
620;620;2013-08-30;2013;2;17;25;36;45;5;9;2 - 17 - 25 - 36 - 45 + 5 - 9
621;621;2013-09-03;2013;5;9;16;18;42;7;9;5 - 9 - 16 - 18 - 42 + 7 - 9
622;622;2013-09-06;2013;11;23;25;32;37;4;7;11 - 23 - 25 - 32 - 37 + 4 - 7
623;623;2013-09-10;2013;7;11;14;28;30;2;10;7 - 11 - 14 - 28 - 30 + 2 - 10
624;624;2013-09-13;2013;4;6;14;27;33;5;10;4 - 6 - 14 - 27 - 33 + 5 - 10
625;625;2013-09-17;2013;13;17;21;42;44;9;11;13 - 17 - 21 - 42 - 44 + 9 - 11
626;626;2013-09-20;2013;5;11;35;38;45;2;3;5 - 11 - 35 - 38 - 45 + 2 - 3
627;627;2013-09-24;2013;10;20;26;28;43;9;11;10 - 20 - 26 - 28 - 43 + 9 - 11
628;628;2013-09-27;2013;11;15;38;41;43;2;6;11 - 15 - 38 - 41 - 43 + 2 - 6
629;629;2013-10-01;2013;19;23;25;44;48;8;9;19 - 23 - 25 - 44 - 48 + 8 - 9
630;630;2013-10-04;2013;6;20;24;35;50;5;10;6 - 20 - 24 - 35 - 50 + 5 - 10
631;631;2013-10-08;2013;23;24;26;33;42;3;5;23 - 24 - 26 - 33 - 42 + 3 - 5
632;632;2013-10-11;2013;6;12;17;23;43;5;9;6 - 12 - 17 - 23 - 43 + 5 - 9
633;633;2013-10-15;2013;18;27;39;43;47;4;7;18 - 27 - 39 - 43 - 47 + 4 - 7
634;634;2013-10-18;2013;5;25;36;46;47;2;6;5 - 25 - 36 - 46 - 47 + 2 - 6
635;635;2013-10-22;2013;29;33;39;41;44;9;11;29 - 33 - 39 - 41 - 44 + 9 - 11
636;636;2013-10-25;2013;2;3;10;31;38;6;10;2 - 3 - 10 - 31 - 38 + 6 - 10
637;637;2013-10-29;2013;9;10;30;32;37;2;6;9 - 10 - 30 - 32 - 37 + 2 - 6
638;638;2013-11-01;2013;7;19;29;30;33;3;8;7 - 19 - 29 - 30 - 33 + 3 - 8
639;639;2013-11-05;2013;6;12;13;35;38;2;3;6 - 12 - 13 - 35 - 38 + 2 - 3
640;640;2013-11-08;2013;20;28;35;42;43;8;10;20 - 28 - 35 - 42 - 43 + 8 - 10
641;641;2013-11-12;2013;14;29;37;40;48;2;11;14 - 29 - 37 - 40 - 48 + 2 - 11
642;642;2013-11-15;2013;3;13;15;29;42;1;4;3 - 13 - 15 - 29 - 42 + 1 - 4
643;643;2013-11-19;2013;14;15;19;36;45;1;10;14 - 15 - 19 - 36 - 45 + 1 - 10
644;644;2013-11-22;2013;13;25;26;40;50;8;9;13 - 25 - 26 - 40 - 50 + 8 - 9
645;645;2013-11-26;2013;19;23;27;42;44;3;5;19 - 23 - 27 - 42 - 44 + 3 - 5
646;646;2013-11-29;2013;2;7;10;23;43;4;7;2 - 7 - 10 - 23 - 43 + 4 - 7
647;647;2013-12-03;2013;6;13;15;29;32;2;9;6 - 13 - 15 - 29 - 32 + 2 - 9
648;648;2013-12-06;2013;1;2;18;31;36;7;10;1 - 2 - 18 - 31 - 36 + 7 - 10
649;649;2013-12-10;2013;6;24;35;49;50;1;7;6 - 24 - 35 - 49 - 50 + 1 - 7
650;650;2013-12-13;2013;1;22;23;24;31;6;11;1 - 22 - 23 - 24 - 31 + 6 - 11
651;651;2013-12-17;2013;6;8;27;37;41;7;10;6 - 8 - 27 - 37 - 41 + 7 - 10
652;652;2013-12-20;2013;12;13;17;22;43;3;10;12 - 13 - 17 - 22 - 43 + 3 - 10
653;653;2013-12-24;2013;5;19;31;43;50;2;6;5 - 19 - 31 - 43 - 50 + 2 - 6
654;654;2013-12-27;2013;1;6;13;22;28;5;10;1 - 6 - 13 - 22 - 28 + 5 - 10
655;655;2013-12-31;2013;13;20;24;29;45;3;7;13 - 20 - 24 - 29 - 45 + 3 - 7
656;656;2014-01-03;2014;3;27;31;38;44;3;8;3 - 27 - 31 - 38 - 44 + 3 - 8
657;657;2014-01-07;2014;2;20;27;33;45;6;10;2 - 20 - 27 - 33 - 45 + 6 - 10
658;658;2014-01-10;2014;1;2;11;27;29;1;10;1 - 2 - 11 - 27 - 29 + 1 - 10
659;659;2014-01-14;2014;18;20;25;26;37;10;11;18 - 20 - 25 - 26 - 37 + 10 - 11
660;660;2014-01-17;2014;19;26;32;33;42;4;10;19 - 26 - 32 - 33 - 42 + 4 - 10
661;661;2014-01-21;2014;4;12;35;42;48;5;8;4 - 12 - 35 - 42 - 48 + 5 - 8
662;662;2014-01-24;2014;5;19;34;35;41;1;5;5 - 19 - 34 - 35 - 41 + 1 - 5
663;663;2014-01-28;2014;18;20;23;42;48;2;9;18 - 20 - 23 - 42 - 48 + 2 - 9
664;664;2014-01-31;2014;8;10;15;16;31;8;9;8 - 10 - 15 - 16 - 31 + 8 - 9
665;665;2014-02-04;2014;1;21;33;37;38;4;8;1 - 21 - 33 - 37 - 38 + 4 - 8
666;666;2014-02-07;2014;3;17;19;46;47;9;10;3 - 17 - 19 - 46 - 47 + 9 - 10
667;667;2014-02-11;2014;8;17;25;41;47;1;2;8 - 17 - 25 - 41 - 47 + 1 - 2
668;668;2014-02-14;2014;2;4;6;19;39;2;7;2 - 4 - 6 - 19 - 39 + 2 - 7
669;669;2014-02-18;2014;23;26;36;37;49;6;7;23 - 26 - 36 - 37 - 49 + 6 - 7
670;670;2014-02-21;2014;13;17;28;30;32;5;7;13 - 17 - 28 - 30 - 32 + 5 - 7
671;671;2014-02-25;2014;21;25;28;35;42;4;6;21 - 25 - 28 - 35 - 42 + 4 - 6
672;672;2014-02-28;2014;12;32;38;43;44;2;7;12 - 32 - 38 - 43 - 44 + 2 - 7
673;673;2014-03-04;2014;3;5;22;27;44;1;6;3 - 5 - 22 - 27 - 44 + 1 - 6
674;674;2014-03-07;2014;5;10;38;40;41;1;8;5 - 10 - 38 - 40 - 41 + 1 - 8
675;675;2014-03-11;2014;1;4;23;33;44;7;8;1 - 4 - 23 - 33 - 44 + 7 - 8
676;676;2014-03-14;2014;6;24;25;27;30;5;9;6 - 24 - 25 - 27 - 30 + 5 - 9
677;677;2014-03-18;2014;8;27;34;36;39;5;10;8 - 27 - 34 - 36 - 39 + 5 - 10
678;678;2014-03-21;2014;7;30;37;39;42;5;7;7 - 30 - 37 - 39 - 42 + 5 - 7
679;679;2014-03-25;2014;7;20;26;28;50;2;8;7 - 20 - 26 - 28 - 50 + 2 - 8
680;680;2014-03-28;2014;3;4;19;28;43;3;7;3 - 4 - 19 - 28 - 43 + 3 - 7
681;681;2014-04-01;2014;16;18;26;38;44;8;10;16 - 18 - 26 - 38 - 44 + 8 - 10
682;682;2014-04-04;2014;6;10;28;45;50;10;11;6 - 10 - 28 - 45 - 50 + 10 - 11
683;683;2014-04-08;2014;11;18;29;42;49;4;11;11 - 18 - 29 - 42 - 49 + 4 - 11
684;684;2014-04-11;2014;8;12;19;30;33;4;11;8 - 12 - 19 - 30 - 33 + 4 - 11
685;685;2014-04-15;2014;3;14;26;47;50;7;11;3 - 14 - 26 - 47 - 50 + 7 - 11
686;686;2014-04-18;2014;21;24;31;39;47;3;7;21 - 24 - 31 - 39 - 47 + 3 - 7
687;687;2014-04-22;2014;13;15;20;24;46;1;8;13 - 15 - 20 - 24 - 46 + 1 - 8
688;688;2014-04-25;2014;13;21;24;44;49;1;9;13 - 21 - 24 - 44 - 49 + 1 - 9
689;689;2014-04-29;2014;18;23;26;35;44;3;11;18 - 23 - 26 - 35 - 44 + 3 - 11
690;690;2014-05-02;2014;4;30;31;38;42;2;11;4 - 30 - 31 - 38 - 42 + 2 - 11
691;691;2014-05-06;2014;5;19;24;31;37;1;9;5 - 19 - 24 - 31 - 37 + 1 - 9
692;692;2014-05-09;2014;3;21;26;28;45;7;10;3 - 21 - 26 - 28 - 45 + 7 - 10
693;693;2014-05-13;2014;4;13;30;34;47;2;6;4 - 13 - 30 - 34 - 47 + 2 - 6
694;694;2014-05-16;2014;23;26;29;37;40;3;4;23 - 26 - 29 - 37 - 40 + 3 - 4
695;695;2014-05-20;2014;5;33;36;38;47;4;9;5 - 33 - 36 - 38 - 47 + 4 - 9
696;696;2014-05-23;2014;3;8;31;34;47;9;11;3 - 8 - 31 - 34 - 47 + 9 - 11
697;697;2014-05-27;2014;7;13;16;25;26;1;6;7 - 13 - 16 - 25 - 26 + 1 - 6
698;698;2014-05-30;2014;5;24;27;41;45;6;7;5 - 24 - 27 - 41 - 45 + 6 - 7
699;699;2014-06-03;2014;2;15;32;39;44;5;10;2 - 15 - 32 - 39 - 44 + 5 - 10
700;700;2014-06-06;2014;7;25;34;40;49;9;11;7 - 25 - 34 - 40 - 49 + 9 - 11
701;701;2014-06-10;2014;12;18;21;32;33;1;11;12 - 18 - 21 - 32 - 33 + 1 - 11
702;702;2014-06-13;2014;16;18;22;28;46;9;11;16 - 18 - 22 - 28 - 46 + 9 - 11
703;703;2014-06-17;2014;11;13;37;40;48;8;9;11 - 13 - 37 - 40 - 48 + 8 - 9
704;704;2014-06-20;2014;5;15;25;38;49;1;2;5 - 15 - 25 - 38 - 49 + 1 - 2
705;705;2014-06-24;2014;1;7;20;21;48;4;7;1 - 7 - 20 - 21 - 48 + 4 - 7
706;706;2014-06-27;2014;31;33;34;39;45;2;10;31 - 33 - 34 - 39 - 45 + 2 - 10
707;707;2014-07-01;2014;18;22;25;27;39;5;10;18 - 22 - 25 - 27 - 39 + 5 - 10
708;708;2014-07-04;2014;4;18;39;43;47;2;6;4 - 18 - 39 - 43 - 47 + 2 - 6
709;709;2014-07-08;2014;8;18;22;24;27;4;11;8 - 18 - 22 - 24 - 27 + 4 - 11
710;710;2014-07-11;2014;5;22;35;38;49;4;7;5 - 22 - 35 - 38 - 49 + 4 - 7
711;711;2014-07-15;2014;15;18;20;27;34;1;3;15 - 18 - 20 - 27 - 34 + 1 - 3
712;712;2014-07-18;2014;1;11;29;41;43;3;11;1 - 11 - 29 - 41 - 43 + 3 - 11
713;713;2014-07-22;2014;1;24;43;45;50;5;8;1 - 24 - 43 - 45 - 50 + 5 - 8
714;714;2014-07-25;2014;9;10;12;24;43;5;9;9 - 10 - 12 - 24 - 43 + 5 - 9
715;715;2014-07-29;2014;10;23;35;40;43;3;9;10 - 23 - 35 - 40 - 43 + 3 - 9
716;716;2014-08-01;2014;24;44;46;48;50;5;10;24 - 44 - 46 - 48 - 50 + 5 - 10
717;717;2014-08-05;2014;5;7;19;21;42;5;11;5 - 7 - 19 - 21 - 42 + 5 - 11
718;718;2014-08-08;2014;21;29;35;43;46;1;9;21 - 29 - 35 - 43 - 46 + 1 - 9
719;719;2014-08-12;2014;7;16;19;22;33;2;5;7 - 16 - 19 - 22 - 33 + 2 - 5
720;720;2014-08-15;2014;4;5;21;23;30;8;10;4 - 5 - 21 - 23 - 30 + 8 - 10
721;721;2014-08-19;2014;4;7;11;34;47;7;8;4 - 7 - 11 - 34 - 47 + 7 - 8
722;722;2014-08-22;2014;4;17;29;35;49;1;2;4 - 17 - 29 - 35 - 49 + 1 - 2
723;723;2014-08-26;2014;10;22;36;45;48;4;11;10 - 22 - 36 - 45 - 48 + 4 - 11
724;724;2014-08-29;2014;2;9;26;32;38;3;6;2 - 9 - 26 - 32 - 38 + 3 - 6
725;725;2014-09-02;2014;5;25;31;39;45;1;8;5 - 25 - 31 - 39 - 45 + 1 - 8
726;726;2014-09-05;2014;1;18;23;46;50;3;9;1 - 18 - 23 - 46 - 50 + 3 - 9
727;727;2014-09-09;2014;8;15;19;24;35;8;10;8 - 15 - 19 - 24 - 35 + 8 - 10
728;728;2014-09-12;2014;9;13;26;31;33;7;11;9 - 13 - 26 - 31 - 33 + 7 - 11
729;729;2014-09-16;2014;4;29;30;35;50;2;4;4 - 29 - 30 - 35 - 50 + 2 - 4
730;730;2014-09-19;2014;6;8;34;38;48;3;9;6 - 8 - 34 - 38 - 48 + 3 - 9
731;731;2014-09-23;2014;12;13;14;29;35;1;7;12 - 13 - 14 - 29 - 35 + 1 - 7
732;732;2014-09-26;2014;13;27;35;46;47;1;2;13 - 27 - 35 - 46 - 47 + 1 - 2
733;733;2014-09-30;2014;3;13;15;33;42;5;7;3 - 13 - 15 - 33 - 42 + 5 - 7
734;734;2014-10-03;2014;4;13;23;48;50;5;10;4 - 13 - 23 - 48 - 50 + 5 - 10
735;735;2014-10-07;2014;9;21;28;30;38;1;8;9 - 21 - 28 - 30 - 38 + 1 - 8
736;736;2014-10-10;2014;6;29;42;45;47;9;10;6 - 29 - 42 - 45 - 47 + 9 - 10
737;737;2014-10-14;2014;4;5;15;23;32;3;7;4 - 5 - 15 - 23 - 32 + 3 - 7
738;738;2014-10-17;2014;1;13;40;48;49;8;10;1 - 13 - 40 - 48 - 49 + 8 - 10
739;739;2014-10-21;2014;20;21;27;33;40;3;10;20 - 21 - 27 - 33 - 40 + 3 - 10
740;740;2014-10-24;2014;3;9;20;30;42;1;6;3 - 9 - 20 - 30 - 42 + 1 - 6
741;741;2014-10-28;2014;10;15;17;40;45;1;2;10 - 15 - 17 - 40 - 45 + 1 - 2
742;742;2014-10-31;2014;10;13;20;33;41;3;9;10 - 13 - 20 - 33 - 41 + 3 - 9
743;743;2014-11-04;2014;1;6;13;17;26;3;5;1 - 6 - 13 - 17 - 26 + 3 - 5
744;744;2014-11-07;2014;13;25;32;38;46;1;10;13 - 25 - 32 - 38 - 46 + 1 - 10
745;745;2014-11-11;2014;2;14;21;36;46;7;11;2 - 14 - 21 - 36 - 46 + 7 - 11
746;746;2014-11-14;2014;17;32;36;38;48;5;8;17 - 32 - 36 - 38 - 48 + 5 - 8
747;747;2014-11-18;2014;2;3;17;36;38;4;11;2 - 3 - 17 - 36 - 38 + 4 - 11
748;748;2014-11-21;2014;4;7;28;32;37;5;10;4 - 7 - 28 - 32 - 37 + 5 - 10
749;749;2014-11-25;2014;3;7;25;32;36;1;6;3 - 7 - 25 - 32 - 36 + 1 - 6
750;750;2014-11-28;2014;6;10;15;23;41;4;10;6 - 10 - 15 - 23 - 41 + 4 - 10
751;751;2014-12-02;2014;3;15;25;44;49;1;9;3 - 15 - 25 - 44 - 49 + 1 - 9
752;752;2014-12-05;2014;5;8;37;47;48;2;3;5 - 8 - 37 - 47 - 48 + 2 - 3
753;753;2014-12-09;2014;1;3;31;42;46;4;11;1 - 3 - 31 - 42 - 46 + 4 - 11
754;754;2014-12-12;2014;2;15;28;31;37;4;6;2 - 15 - 28 - 31 - 37 + 4 - 6
755;755;2014-12-16;2014;3;7;12;13;25;5;8;3 - 7 - 12 - 13 - 25 + 5 - 8
756;756;2014-12-19;2014;23;29;31;39;44;5;8;23 - 29 - 31 - 39 - 44 + 5 - 8
757;757;2014-12-23;2014;8;9;19;25;49;2;10;8 - 9 - 19 - 25 - 49 + 2 - 10
758;758;2014-12-26;2014;17;26;27;45;49;2;3;17 - 26 - 27 - 45 - 49 + 2 - 3
759;759;2014-12-30;2014;6;18;39;44;50;8;11;6 - 18 - 39 - 44 - 50 + 8 - 11
760;760;2015-01-02;2015;22;24;25;28;49;3;6;22 - 24 - 25 - 28 - 49 + 3 - 6
761;761;2015-01-06;2015;14;20;30;38;49;3;4;14 - 20 - 30 - 38 - 49 + 3 - 4
762;762;2015-01-09;2015;6;21;24;32;45;1;11;6 - 21 - 24 - 32 - 45 + 1 - 11
763;763;2015-01-13;2015;8;17;21;31;34;9;10;8 - 17 - 21 - 31 - 34 + 9 - 10
764;764;2015-01-16;2015;29;30;32;34;46;3;6;29 - 30 - 32 - 34 - 46 + 3 - 6
765;765;2015-01-20;2015;15;33;41;44;47;8;10;15 - 33 - 41 - 44 - 47 + 8 - 10
766;766;2015-01-23;2015;6;29;30;38;45;1;8;6 - 29 - 30 - 38 - 45 + 1 - 8
767;767;2015-01-27;2015;5;10;31;33;40;8;10;5 - 10 - 31 - 33 - 40 + 8 - 10
768;768;2015-01-30;2015;9;13;15;19;24;3;8;9 - 13 - 15 - 19 - 24 + 3 - 8
769;769;2015-02-03;2015;17;31;33;44;50;7;11;17 - 31 - 33 - 44 - 50 + 7 - 11
770;770;2015-02-06;2015;10;26;30;39;50;7;8;10 - 26 - 30 - 39 - 50 + 7 - 8
771;771;2015-02-10;2015;13;17;20;30;45;9;10;13 - 17 - 20 - 30 - 45 + 9 - 10
772;772;2015-02-13;2015;12;24;39;42;44;3;11;12 - 24 - 39 - 42 - 44 + 3 - 11
773;773;2015-02-17;2015;2;5;18;30;43;1;10;2 - 5 - 18 - 30 - 43 + 1 - 10
774;774;2015-02-20;2015;4;10;14;37;46;4;7;4 - 10 - 14 - 37 - 46 + 4 - 7
775;775;2015-02-24;2015;3;25;28;34;50;1;11;3 - 25 - 28 - 34 - 50 + 1 - 11
776;776;2015-02-27;2015;5;14;17;25;47;9;10;5 - 14 - 17 - 25 - 47 + 9 - 10
777;777;2015-03-03;2015;6;8;11;13;21;7;8;6 - 8 - 11 - 13 - 21 + 7 - 8
778;778;2015-03-06;2015;23;30;47;49;50;2;7;23 - 30 - 47 - 49 - 50 + 2 - 7
779;779;2015-03-10;2015;2;6;23;30;31;2;10;2 - 6 - 23 - 30 - 31 + 2 - 10
780;780;2015-03-13;2015;4;5;18;22;23;1;3;4 - 5 - 18 - 22 - 23 + 1 - 3
781;781;2015-03-17;2015;11;23;26;38;44;1;8;11 - 23 - 26 - 38 - 44 + 1 - 8
782;782;2015-03-20;2015;3;14;37;42;48;1;10;3 - 14 - 37 - 42 - 48 + 1 - 10
783;783;2015-03-24;2015;10;24;26;39;40;3;10;10 - 24 - 26 - 39 - 40 + 3 - 10
784;784;2015-03-27;2015;2;30;32;39;44;6;10;2 - 30 - 32 - 39 - 44 + 6 - 10
785;785;2015-03-31;2015;8;20;24;28;49;8;9;8 - 20 - 24 - 28 - 49 + 8 - 9
786;786;2015-04-03;2015;27;29;37;39;49;2;4;27 - 29 - 37 - 39 - 49 + 2 - 4
787;787;2015-04-07;2015;18;25;39;44;50;5;8;18 - 25 - 39 - 44 - 50 + 5 - 8
788;788;2015-04-10;2015;22;23;25;30;43;5;9;22 - 23 - 25 - 30 - 43 + 5 - 9
789;789;2015-04-14;2015;24;32;34;35;49;1;2;24 - 32 - 34 - 35 - 49 + 1 - 2
790;790;2015-04-17;2015;2;24;30;34;39;8;11;2 - 24 - 30 - 34 - 39 + 8 - 11
791;791;2015-04-21;2015;6;14;17;42;45;1;8;6 - 14 - 17 - 42 - 45 + 1 - 8
792;792;2015-04-24;2015;5;19;29;31;40;3;10;5 - 19 - 29 - 31 - 40 + 3 - 10
793;793;2015-04-28;2015;24;26;28;36;45;7;10;24 - 26 - 28 - 36 - 45 + 7 - 10
794;794;2015-05-01;2015;3;19;20;25;26;6;10;3 - 19 - 20 - 25 - 26 + 6 - 10
795;795;2015-05-05;2015;1;10;17;20;42;8;9;1 - 10 - 17 - 20 - 42 + 8 - 9
796;796;2015-05-08;2015;7;14;19;47;49;3;10;7 - 14 - 19 - 47 - 49 + 3 - 10
797;797;2015-05-12;2015;14;29;30;40;46;3;6;14 - 29 - 30 - 40 - 46 + 3 - 6
798;798;2015-05-15;2015;5;35;42;44;47;8;9;5 - 35 - 42 - 44 - 47 + 8 - 9
799;799;2015-05-19;2015;26;30;31;35;37;8;11;26 - 30 - 31 - 35 - 37 + 8 - 11
800;800;2015-05-22;2015;18;24;35;44;45;5;11;18 - 24 - 35 - 44 - 45 + 5 - 11
801;801;2015-05-26;2015;5;6;7;21;24;5;6;5 - 6 - 7 - 21 - 24 + 5 - 6
802;802;2015-05-29;2015;3;4;20;45;48;6;8;3 - 4 - 20 - 45 - 48 + 6 - 8
803;803;2015-06-02;2015;7;23;29;37;41;1;8;7 - 23 - 29 - 37 - 41 + 1 - 8
804;804;2015-06-05;2015;2;7;8;45;48;1;9;2 - 7 - 8 - 45 - 48 + 1 - 9
805;805;2015-06-09;2015;5;9;17;32;34;6;8;5 - 9 - 17 - 32 - 34 + 6 - 8
806;806;2015-06-12;2015;5;8;10;11;37;7;9;5 - 8 - 10 - 11 - 37 + 7 - 9
807;807;2015-06-16;2015;10;15;16;36;37;3;9;10 - 15 - 16 - 36 - 37 + 3 - 9
808;808;2015-06-19;2015;7;14;20;31;42;3;9;7 - 14 - 20 - 31 - 42 + 3 - 9
809;809;2015-06-23;2015;4;16;22;38;49;6;9;4 - 16 - 22 - 38 - 49 + 6 - 9
810;810;2015-06-26;2015;3;6;10;19;24;5;7;3 - 6 - 10 - 19 - 24 + 5 - 7
811;811;2015-06-30;2015;11;15;28;34;37;1;8;11 - 15 - 28 - 34 - 37 + 1 - 8
812;812;2015-07-03;2015;11;12;15;18;44;3;9;11 - 12 - 15 - 18 - 44 + 3 - 9
813;813;2015-07-07;2015;6;7;18;33;41;3;10;6 - 7 - 18 - 33 - 41 + 3 - 10
814;814;2015-07-10;2015;5;8;15;35;41;4;5;5 - 8 - 15 - 35 - 41 + 4 - 5
815;815;2015-07-14;2015;6;18;19;34;36;1;8;6 - 18 - 19 - 34 - 36 + 1 - 8
816;816;2015-07-17;2015;1;21;22;43;48;7;9;1 - 21 - 22 - 43 - 48 + 7 - 9
817;817;2015-07-21;2015;14;20;27;29;44;7;10;14 - 20 - 27 - 29 - 44 + 7 - 10
818;818;2015-07-24;2015;2;9;21;35;46;2;11;2 - 9 - 21 - 35 - 46 + 2 - 11
819;819;2015-07-28;2015;23;32;36;43;49;7;8;23 - 32 - 36 - 43 - 49 + 7 - 8
820;820;2015-07-31;2015;16;21;34;40;50;6;9;16 - 21 - 34 - 40 - 50 + 6 - 9
821;821;2015-08-04;2015;10;15;39;45;50;9;10;10 - 15 - 39 - 45 - 50 + 9 - 10
822;822;2015-08-07;2015;1;5;21;39;44;4;11;1 - 5 - 21 - 39 - 44 + 4 - 11
823;823;2015-08-11;2015;2;3;8;15;16;4;11;2 - 3 - 8 - 15 - 16 + 4 - 11
824;824;2015-08-14;2015;4;7;39;44;45;3;5;4 - 7 - 39 - 44 - 45 + 3 - 5
825;825;2015-08-18;2015;7;10;11;12;19;2;9;7 - 10 - 11 - 12 - 19 + 2 - 9
826;826;2015-08-21;2015;4;16;18;43;47;6;10;4 - 16 - 18 - 43 - 47 + 6 - 10
827;827;2015-08-25;2015;27;31;33;42;50;2;5;27 - 31 - 33 - 42 - 50 + 2 - 5
828;828;2015-08-28;2015;11;29;30;31;34;4;7;11 - 29 - 30 - 31 - 34 + 4 - 7
829;829;2015-09-01;2015;6;19;21;27;45;1;8;6 - 19 - 21 - 27 - 45 + 1 - 8
830;830;2015-09-04;2015;8;9;27;45;50;8;10;8 - 9 - 27 - 45 - 50 + 8 - 10
831;831;2015-09-08;2015;14;16;39;40;42;1;4;14 - 16 - 39 - 40 - 42 + 1 - 4
832;832;2015-09-11;2015;10;18;19;29;50;1;9;10 - 18 - 19 - 29 - 50 + 1 - 9
833;833;2015-09-15;2015;8;15;17;44;49;5;8;8 - 15 - 17 - 44 - 49 + 5 - 8
834;834;2015-09-18;2015;7;29;33;34;39;7;8;7 - 29 - 33 - 34 - 39 + 7 - 8
835;835;2015-09-22;2015;14;23;26;27;29;7;10;14 - 23 - 26 - 27 - 29 + 7 - 10
836;836;2015-09-25;2015;13;14;23;30;37;2;8;13 - 14 - 23 - 30 - 37 + 2 - 8
837;837;2015-09-29;2015;11;14;26;29;49;3;9;11 - 14 - 26 - 29 - 49 + 3 - 9
838;838;2015-10-02;2015;7;18;21;32;35;2;11;7 - 18 - 21 - 32 - 35 + 2 - 11
839;839;2015-10-06;2015;11;20;22;29;32;1;8;11 - 20 - 22 - 29 - 32 + 1 - 8
840;840;2015-10-09;2015;1;40;42;43;47;9;11;1 - 40 - 42 - 43 - 47 + 9 - 11
841;841;2015-10-13;2015;12;15;26;29;47;3;11;12 - 15 - 26 - 29 - 47 + 3 - 11
842;842;2015-10-16;2015;7;28;29;43;48;3;10;7 - 28 - 29 - 43 - 48 + 3 - 10
843;843;2015-10-20;2015;17;19;21;30;45;8;10;17 - 19 - 21 - 30 - 45 + 8 - 10
844;844;2015-10-23;2015;7;25;30;32;39;2;8;7 - 25 - 30 - 32 - 39 + 2 - 8
845;845;2015-10-27;2015;11;12;20;25;36;6;9;11 - 12 - 20 - 25 - 36 + 6 - 9
846;846;2015-10-30;2015;8;13;17;21;34;6;7;8 - 13 - 17 - 21 - 34 + 6 - 7
847;847;2015-11-03;2015;8;27;39;46;49;2;6;8 - 27 - 39 - 46 - 49 + 2 - 6
848;848;2015-11-06;2015;3;17;26;38;40;4;10;3 - 17 - 26 - 38 - 40 + 4 - 10
849;849;2015-11-10;2015;6;13;18;39;43;2;8;6 - 13 - 18 - 39 - 43 + 2 - 8
850;850;2015-11-13;2015;10;17;18;33;40;2;8;10 - 17 - 18 - 33 - 40 + 2 - 8
851;851;2015-11-17;2015;6;7;23;37;38;10;11;6 - 7 - 23 - 37 - 38 + 10 - 11
852;852;2015-11-20;2015;4;30;34;46;49;7;8;4 - 30 - 34 - 46 - 49 + 7 - 8
853;853;2015-11-24;2015;9;14;16;17;26;10;11;9 - 14 - 16 - 17 - 26 + 10 - 11
854;854;2015-11-27;2015;16;29;30;37;50;6;8;16 - 29 - 30 - 37 - 50 + 6 - 8
855;855;2015-12-01;2015;2;15;25;35;45;8;10;2 - 15 - 25 - 35 - 45 + 8 - 10
856;856;2015-12-04;2015;8;17;18;27;39;1;7;8 - 17 - 18 - 27 - 39 + 1 - 7
857;857;2015-12-08;2015;12;17;29;38;48;9;11;12 - 17 - 29 - 38 - 48 + 9 - 11
858;858;2015-12-11;2015;3;5;21;40;43;6;11;3 - 5 - 21 - 40 - 43 + 6 - 11
859;859;2015-12-15;2015;8;11;23;27;35;4;11;8 - 11 - 23 - 27 - 35 + 4 - 11
860;860;2015-12-18;2015;6;22;26;29;48;5;6;6 - 22 - 26 - 29 - 48 + 5 - 6
861;861;2015-12-22;2015;18;19;20;40;41;7;10;18 - 19 - 20 - 40 - 41 + 7 - 10
862;862;2015-12-25;2015;3;10;25;27;40;3;9;3 - 10 - 25 - 27 - 40 + 3 - 9
863;863;2015-12-29;2015;5;20;31;32;36;6;7;5 - 20 - 31 - 32 - 36 + 6 - 7
864;864;2016-01-01;2016;4;37;38;39;44;4;7;4 - 37 - 38 - 39 - 44 + 4 - 7
865;865;2016-01-05;2016;6;10;31;36;39;6;10;6 - 10 - 31 - 36 - 39 + 6 - 10
866;866;2016-01-08;2016;5;26;33;35;40;3;8;5 - 26 - 33 - 35 - 40 + 3 - 8
867;867;2016-01-12;2016;1;2;10;30;44;1;8;1 - 2 - 10 - 30 - 44 + 1 - 8
868;868;2016-01-15;2016;10;19;38;43;46;1;11;10 - 19 - 38 - 43 - 46 + 1 - 11
869;869;2016-01-19;2016;2;30;38;43;46;2;7;2 - 30 - 38 - 43 - 46 + 2 - 7
870;870;2016-01-22;2016;10;12;27;30;47;8;9;10 - 12 - 27 - 30 - 47 + 8 - 9
871;871;2016-01-26;2016;15;24;38;40;48;2;9;15 - 24 - 38 - 40 - 48 + 2 - 9
872;872;2016-01-29;2016;1;5;23;29;32;1;7;1 - 5 - 23 - 29 - 32 + 1 - 7
873;873;2016-02-02;2016;6;9;10;21;36;2;6;6 - 9 - 10 - 21 - 36 + 2 - 6
874;874;2016-02-05;2016;3;27;32;41;46;4;8;3 - 27 - 32 - 41 - 46 + 4 - 8
875;875;2016-02-09;2016;6;9;13;28;37;4;5;6 - 9 - 13 - 28 - 37 + 4 - 5
876;876;2016-02-12;2016;3;20;28;31;49;2;5;3 - 20 - 28 - 31 - 49 + 2 - 5
877;877;2016-02-16;2016;3;10;22;37;50;6;10;3 - 10 - 22 - 37 - 50 + 6 - 10
878;878;2016-02-19;2016;13;14;30;32;39;3;9;13 - 14 - 30 - 32 - 39 + 3 - 9
879;879;2016-02-23;2016;23;25;32;37;42;1;11;23 - 25 - 32 - 37 - 42 + 1 - 11
880;880;2016-02-26;2016;5;13;15;33;50;9;11;5 - 13 - 15 - 33 - 50 + 9 - 11
881;881;2016-03-01;2016;4;7;13;28;37;10;11;4 - 7 - 13 - 28 - 37 + 10 - 11
882;882;2016-03-04;2016;9;14;16;23;40;1;5;9 - 14 - 16 - 23 - 40 + 1 - 5
883;883;2016-03-08;2016;1;8;9;14;23;1;7;1 - 8 - 9 - 14 - 23 + 1 - 7
884;884;2016-03-11;2016;1;21;26;40;43;6;9;1 - 21 - 26 - 40 - 43 + 6 - 9
885;885;2016-03-15;2016;5;7;10;34;44;2;10;5 - 7 - 10 - 34 - 44 + 2 - 10
886;886;2016-03-18;2016;14;19;21;24;49;5;11;14 - 19 - 21 - 24 - 49 + 5 - 11
887;887;2016-03-22;2016;12;15;26;42;49;5;8;12 - 15 - 26 - 42 - 49 + 5 - 8
888;888;2016-03-25;2016;12;19;36;42;43;5;8;12 - 19 - 36 - 42 - 43 + 5 - 8
889;889;2016-03-29;2016;1;4;19;25;36;3;11;1 - 4 - 19 - 25 - 36 + 3 - 11
890;890;2016-04-01;2016;2;16;23;25;49;6;9;2 - 16 - 23 - 25 - 49 + 6 - 9
891;891;2016-04-05;2016;3;5;9;19;40;2;5;3 - 5 - 9 - 19 - 40 + 2 - 5
892;892;2016-04-08;2016;6;8;26;43;49;6;10;6 - 8 - 26 - 43 - 49 + 6 - 10
893;893;2016-04-12;2016;1;5;9;22;38;2;10;1 - 5 - 9 - 22 - 38 + 2 - 10
894;894;2016-04-15;2016;13;14;32;37;48;1;7;13 - 14 - 32 - 37 - 48 + 1 - 7
895;895;2016-04-19;2016;11;14;15;27;44;2;7;11 - 14 - 15 - 27 - 44 + 2 - 7
896;896;2016-04-22;2016;17;26;32;34;43;2;10;17 - 26 - 32 - 34 - 43 + 2 - 10
897;897;2016-04-26;2016;10;17;31;32;42;2;5;10 - 17 - 31 - 32 - 42 + 2 - 5
898;898;2016-04-29;2016;4;5;25;28;43;6;11;4 - 5 - 25 - 28 - 43 + 6 - 11
899;899;2016-05-03;2016;8;23;24;34;38;3;7;8 - 23 - 24 - 34 - 38 + 3 - 7
900;900;2016-05-06;2016;32;34;40;45;48;1;10;32 - 34 - 40 - 45 - 48 + 1 - 10
901;901;2016-05-10;2016;2;26;27;40;49;5;10;2 - 26 - 27 - 40 - 49 + 5 - 10
902;902;2016-05-13;2016;7;15;28;31;42;10;11;7 - 15 - 28 - 31 - 42 + 10 - 11
903;903;2016-05-17;2016;15;27;32;36;39;3;10;15 - 27 - 32 - 36 - 39 + 3 - 10
904;904;2016-05-20;2016;9;14;30;41;45;4;9;9 - 14 - 30 - 41 - 45 + 4 - 9
905;905;2016-05-24;2016;16;17;23;34;37;6;9;16 - 17 - 23 - 34 - 37 + 6 - 9
906;906;2016-05-27;2016;13;25;27;43;46;4;8;13 - 25 - 27 - 43 - 46 + 4 - 8
907;907;2016-05-31;2016;6;12;26;30;48;6;7;6 - 12 - 26 - 30 - 48 + 6 - 7
908;908;2016-06-03;2016;7;23;31;33;39;6;10;7 - 23 - 31 - 33 - 39 + 6 - 10
909;909;2016-06-07;2016;19;26;35;45;49;2;5;19 - 26 - 35 - 45 - 49 + 2 - 5
910;910;2016-06-10;2016;14;21;35;42;43;7;9;14 - 21 - 35 - 42 - 43 + 7 - 9
911;911;2016-06-14;2016;13;34;39;42;50;9;11;13 - 34 - 39 - 42 - 50 + 9 - 11
912;912;2016-06-17;2016;1;7;18;27;43;4;8;1 - 7 - 18 - 27 - 43 + 4 - 8
913;913;2016-06-21;2016;5;17;32;35;49;1;5;5 - 17 - 32 - 35 - 49 + 1 - 5
914;914;2016-06-24;2016;11;19;27;28;39;3;10;11 - 19 - 27 - 28 - 39 + 3 - 10
915;915;2016-06-28;2016;26;32;37;43;49;4;5;26 - 32 - 37 - 43 - 49 + 4 - 5
916;916;2016-07-01;2016;2;11;13;40;50;1;10;2 - 11 - 13 - 40 - 50 + 1 - 10
917;917;2016-07-05;2016;1;10;29;38;48;3;4;1 - 10 - 29 - 38 - 48 + 3 - 4
918;918;2016-07-08;2016;8;12;18;33;44;4;8;8 - 12 - 18 - 33 - 44 + 4 - 8
919;919;2016-07-12;2016;3;7;26;33;41;2;10;3 - 7 - 26 - 33 - 41 + 2 - 10
920;920;2016-07-15;2016;2;11;13;14;21;1;8;2 - 11 - 13 - 14 - 21 + 1 - 8
921;921;2016-07-19;2016;19;24;28;36;37;3;6;19 - 24 - 28 - 36 - 37 + 3 - 6
922;922;2016-07-22;2016;7;24;26;37;45;5;9;7 - 24 - 26 - 37 - 45 + 5 - 9
923;923;2016-07-26;2016;3;10;13;45;49;2;11;3 - 10 - 13 - 45 - 49 + 2 - 11
924;924;2016-07-29;2016;1;21;26;40;50;2;4;1 - 21 - 26 - 40 - 50 + 2 - 4
925;925;2016-08-02;2016;2;8;27;38;46;2;6;2 - 8 - 27 - 38 - 46 + 2 - 6
926;926;2016-08-05;2016;16;19;24;35;37;2;7;16 - 19 - 24 - 35 - 37 + 2 - 7
927;927;2016-08-09;2016;12;19;43;44;45;5;10;12 - 19 - 43 - 44 - 45 + 5 - 10
928;928;2016-08-12;2016;2;15;28;36;50;2;11;2 - 15 - 28 - 36 - 50 + 2 - 11
929;929;2016-08-16;2016;2;26;34;37;46;4;8;2 - 26 - 34 - 37 - 46 + 4 - 8
930;930;2016-08-19;2016;5;6;22;25;34;5;7;5 - 6 - 22 - 25 - 34 + 5 - 7
931;931;2016-08-23;2016;2;23;31;37;45;4;8;2 - 23 - 31 - 37 - 45 + 4 - 8
932;932;2016-08-26;2016;1;9;28;30;48;7;8;1 - 9 - 28 - 30 - 48 + 7 - 8
933;933;2016-08-30;2016;13;16;29;35;42;6;8;13 - 16 - 29 - 35 - 42 + 6 - 8
934;934;2016-09-02;2016;8;16;32;40;50;2;11;8 - 16 - 32 - 40 - 50 + 2 - 11
935;935;2016-09-06;2016;12;24;30;34;45;7;10;12 - 24 - 30 - 34 - 45 + 7 - 10
936;936;2016-09-09;2016;4;11;15;17;28;1;3;4 - 11 - 15 - 17 - 28 + 1 - 3
937;937;2016-09-13;2016;4;7;16;35;44;1;3;4 - 7 - 16 - 35 - 44 + 1 - 3
938;938;2016-09-16;2016;5;8;14;22;32;2;11;5 - 8 - 14 - 22 - 32 + 2 - 11
939;939;2016-09-20;2016;1;4;10;41;45;6;9;1 - 4 - 10 - 41 - 45 + 6 - 9
940;940;2016-09-23;2016;14;16;39;42;49;3;9;14 - 16 - 39 - 42 - 49 + 3 - 9
941;941;2016-09-27;2016;6;9;13;39;41;2;12;6 - 9 - 13 - 39 - 41 + 2 - 12
942;942;2016-09-30;2016;17;35;37;43;44;2;10;17 - 35 - 37 - 43 - 44 + 2 - 10
943;943;2016-10-04;2016;4;7;14;34;38;4;11;4 - 7 - 14 - 34 - 38 + 4 - 11
944;944;2016-10-07;2016;2;12;20;27;30;9;11;2 - 12 - 20 - 27 - 30 + 9 - 11
945;945;2016-10-11;2016;5;12;20;24;37;4;11;5 - 12 - 20 - 24 - 37 + 4 - 11
946;946;2016-10-14;2016;7;13;19;31;34;1;11;7 - 13 - 19 - 31 - 34 + 1 - 11
947;947;2016-10-18;2016;2;17;21;25;27;6;9;2 - 17 - 21 - 25 - 27 + 6 - 9
948;948;2016-10-21;2016;9;20;23;44;48;8;10;9 - 20 - 23 - 44 - 48 + 8 - 10
949;949;2016-10-25;2016;3;15;20;21;28;1;5;3 - 15 - 20 - 21 - 28 + 1 - 5
950;950;2016-10-28;2016;10;16;19;23;43;2;8;10 - 16 - 19 - 23 - 43 + 2 - 8
951;951;2016-11-01;2016;6;10;20;29;37;1;9;6 - 10 - 20 - 29 - 37 + 1 - 9
952;952;2016-11-04;2016;7;11;12;44;48;3;7;7 - 11 - 12 - 44 - 48 + 3 - 7
953;953;2016-11-08;2016;5;9;47;49;50;8;9;5 - 9 - 47 - 49 - 50 + 8 - 9
954;954;2016-11-11;2016;3;22;23;38;49;2;9;3 - 22 - 23 - 38 - 49 + 2 - 9
955;955;2016-11-15;2016;7;15;36;42;48;3;7;7 - 15 - 36 - 42 - 48 + 3 - 7
956;956;2016-11-18;2016;3;12;27;32;47;6;8;3 - 12 - 27 - 32 - 47 + 6 - 8
957;957;2016-11-22;2016;5;10;33;34;47;2;10;5 - 10 - 33 - 34 - 47 + 2 - 10
958;958;2016-11-25;2016;5;11;17;23;28;10;11;5 - 11 - 17 - 23 - 28 + 10 - 11
959;959;2016-11-29;2016;21;26;27;28;38;9;11;21 - 26 - 27 - 28 - 38 + 9 - 11
960;960;2016-12-02;2016;6;11;23;31;32;2;12;6 - 11 - 23 - 31 - 32 + 2 - 12
961;961;2016-12-06;2016;1;7;11;27;45;4;9;1 - 7 - 11 - 27 - 45 + 4 - 9
962;962;2016-12-09;2016;6;12;28;37;40;1;5;6 - 12 - 28 - 37 - 40 + 1 - 5
963;963;2016-12-13;2016;14;28;29;48;50;2;8;14 - 28 - 29 - 48 - 50 + 2 - 8
964;964;2016-12-16;2016;6;10;30;41;45;4;11;6 - 10 - 30 - 41 - 45 + 4 - 11
965;965;2016-12-20;2016;13;15;17;21;27;2;3;13 - 15 - 17 - 21 - 27 + 2 - 3
966;966;2016-12-23;2016;4;16;20;39;46;2;5;4 - 16 - 20 - 39 - 46 + 2 - 5
967;967;2016-12-27;2016;3;22;25;32;39;7;12;3 - 22 - 25 - 32 - 39 + 7 - 12
968;968;2016-12-30;2016;8;10;22;29;47;1;3;8 - 10 - 22 - 29 - 47 + 1 - 3
969;969;2017-01-03;2017;19;23;27;34;49;1;11;19 - 23 - 27 - 34 - 49 + 1 - 11
970;970;2017-01-06;2017;10;14;18;21;49;9;11;10 - 14 - 18 - 21 - 49 + 9 - 11
971;971;2017-01-10;2017;2;11;29;35;44;4;9;2 - 11 - 29 - 35 - 44 + 4 - 9
972;972;2017-01-13;2017;3;7;16;26;50;4;7;3 - 7 - 16 - 26 - 50 + 4 - 7
973;973;2017-01-17;2017;4;16;25;43;47;2;10;4 - 16 - 25 - 43 - 47 + 2 - 10
974;974;2017-01-20;2017;10;17;27;31;49;3;5;10 - 17 - 27 - 31 - 49 + 3 - 5
975;975;2017-01-24;2017;1;5;7;17;23;3;8;1 - 5 - 7 - 17 - 23 + 3 - 8
976;976;2017-01-27;2017;17;20;28;45;48;5;9;17 - 20 - 28 - 45 - 48 + 5 - 9
977;977;2017-01-31;2017;3;4;17;23;44;6;9;3 - 4 - 17 - 23 - 44 + 6 - 9
978;978;2017-02-03;2017;3;4;15;46;50;5;9;3 - 4 - 15 - 46 - 50 + 5 - 9
979;979;2017-02-07;2017;4;10;31;38;44;8;10;4 - 10 - 31 - 38 - 44 + 8 - 10
980;980;2017-02-10;2017;7;21;26;35;43;2;9;7 - 21 - 26 - 35 - 43 + 2 - 9
981;981;2017-02-14;2017;2;10;24;40;44;3;10;2 - 10 - 24 - 40 - 44 + 3 - 10
982;982;2017-02-17;2017;19;25;33;36;48;2;9;19 - 25 - 33 - 36 - 48 + 2 - 9
983;983;2017-02-21;2017;13;19;41;45;49;3;4;13 - 19 - 41 - 45 - 49 + 3 - 4
984;984;2017-02-24;2017;2;4;13;22;43;8;9;2 - 4 - 13 - 22 - 43 + 8 - 9
985;985;2017-02-28;2017;10;20;31;35;42;2;12;10 - 20 - 31 - 35 - 42 + 2 - 12
986;986;2017-03-03;2017;2;11;29;30;47;1;12;2 - 11 - 29 - 30 - 47 + 1 - 12
987;987;2017-03-07;2017;6;37;41;48;50;4;5;6 - 37 - 41 - 48 - 50 + 4 - 5
988;988;2017-03-10;2017;31;36;38;47;49;8;11;31 - 36 - 38 - 47 - 49 + 8 - 11
989;989;2017-03-14;2017;3;5;21;36;44;3;6;3 - 5 - 21 - 36 - 44 + 3 - 6
990;990;2017-03-17;2017;6;10;19;29;36;3;9;6 - 10 - 19 - 29 - 36 + 3 - 9
991;991;2017-03-21;2017;1;20;23;44;47;4;11;1 - 20 - 23 - 44 - 47 + 4 - 11
992;992;2017-03-24;2017;2;17;21;27;34;5;9;2 - 17 - 21 - 27 - 34 + 5 - 9
993;993;2017-03-28;2017;9;13;31;33;46;6;10;9 - 13 - 31 - 33 - 46 + 6 - 10
994;994;2017-03-31;2017;17;24;26;28;45;4;12;17 - 24 - 26 - 28 - 45 + 4 - 12
995;995;2017-04-04;2017;1;9;24;33;34;2;6;1 - 9 - 24 - 33 - 34 + 2 - 6
996;996;2017-04-07;2017;2;10;19;35;50;6;7;2 - 10 - 19 - 35 - 50 + 6 - 7
997;997;2017-04-11;2017;5;21;22;31;49;2;8;5 - 21 - 22 - 31 - 49 + 2 - 8
998;998;2017-04-14;2017;4;14;20;23;33;6;10;4 - 14 - 20 - 23 - 33 + 6 - 10
999;999;2017-04-18;2017;17;22;31;38;45;5;12;17 - 22 - 31 - 38 - 45 + 5 - 12
1000;1000;2017-04-21;2017;2;13;16;22;49;4;5;2 - 13 - 16 - 22 - 49 + 4 - 5
1001;1001;2017-04-25;2017;9;11;19;32;43;3;9;9 - 11 - 19 - 32 - 43 + 3 - 9
1002;1002;2017-04-28;2017;14;20;25;30;39;2;8;14 - 20 - 25 - 30 - 39 + 2 - 8
1003;1003;2017-05-02;2017;6;19;23;25;27;11;12;6 - 19 - 23 - 25 - 27 + 11 - 12
1004;1004;2017-05-05;2017;3;7;30;35;43;1;3;3 - 7 - 30 - 35 - 43 + 1 - 3
1005;1005;2017-05-09;2017;8;12;16;22;26;6;7;8 - 12 - 16 - 22 - 26 + 6 - 7
1006;1006;2017-05-12;2017;2;20;28;29;44;3;9;2 - 20 - 28 - 29 - 44 + 3 - 9
1007;1007;2017-05-16;2017;8;11;15;20;30;3;8;8 - 11 - 15 - 20 - 30 + 3 - 8
1008;1008;2017-05-19;2017;9;11;12;19;30;4;9;9 - 11 - 12 - 19 - 30 + 4 - 9
1009;1009;2017-05-23;2017;8;15;25;27;42;1;4;8 - 15 - 25 - 27 - 42 + 1 - 4
1010;1010;2017-05-26;2017;5;7;26;36;39;2;10;5 - 7 - 26 - 36 - 39 + 2 - 10
1011;1011;2017-05-30;2017;7;12;27;38;48;6;9;7 - 12 - 27 - 38 - 48 + 6 - 9
1012;1012;2017-06-02;2017;8;10;24;33;42;3;9;8 - 10 - 24 - 33 - 42 + 3 - 9
1013;1013;2017-06-06;2017;20;22;25;37;40;3;7;20 - 22 - 25 - 37 - 40 + 3 - 7
1014;1014;2017-06-09;2017;9;20;27;39;43;10;11;9 - 20 - 27 - 39 - 43 + 10 - 11
1015;1015;2017-06-13;2017;3;12;22;27;49;4;11;3 - 12 - 22 - 27 - 49 + 4 - 11
1016;1016;2017-06-16;2017;15;17;38;41;42;9;12;15 - 17 - 38 - 41 - 42 + 9 - 12
1017;1017;2017-06-20;2017;11;18;26;43;44;8;10;11 - 18 - 26 - 43 - 44 + 8 - 10
1018;1018;2017-06-23;2017;3;4;21;31;38;3;7;3 - 4 - 21 - 31 - 38 + 3 - 7
1019;1019;2017-06-27;2017;9;17;21;28;45;1;3;9 - 17 - 21 - 28 - 45 + 1 - 3
1020;1020;2017-06-30;2017;17;35;39;47;50;6;8;17 - 35 - 39 - 47 - 50 + 6 - 8
1021;1021;2017-07-04;2017;10;22;25;37;49;5;8;10 - 22 - 25 - 37 - 49 + 5 - 8
1022;1022;2017-07-07;2017;11;20;35;37;45;3;6;11 - 20 - 35 - 37 - 45 + 3 - 6
1023;1023;2017-07-11;2017;14;22;26;42;50;8;10;14 - 22 - 26 - 42 - 50 + 8 - 10
1024;1024;2017-07-14;2017;11;14;20;21;47;7;10;11 - 14 - 20 - 21 - 47 + 7 - 10
1025;1025;2017-07-18;2017;1;25;27;41;45;5;7;1 - 25 - 27 - 41 - 45 + 5 - 7
1026;1026;2017-07-21;2017;1;8;9;26;49;5;9;1 - 8 - 9 - 26 - 49 + 5 - 9
1027;1027;2017-07-25;2017;12;14;43;44;48;2;11;12 - 14 - 43 - 44 - 48 + 2 - 11
1028;1028;2017-07-28;2017;5;9;29;31;41;2;4;5 - 9 - 29 - 31 - 41 + 2 - 4
1029;1029;2017-08-01;2017;14;21;24;29;30;8;10;14 - 21 - 24 - 29 - 30 + 8 - 10
1030;1030;2017-08-04;2017;29;30;36;40;41;2;9;29 - 30 - 36 - 40 - 41 + 2 - 9
1031;1031;2017-08-08;2017;15;25;26;40;41;4;5;15 - 25 - 26 - 40 - 41 + 4 - 5
1032;1032;2017-08-11;2017;18;28;39;46;48;5;12;18 - 28 - 39 - 46 - 48 + 5 - 12
1033;1033;2017-08-15;2017;10;14;30;35;46;4;10;10 - 14 - 30 - 35 - 46 + 4 - 10
1034;1034;2017-08-18;2017;2;24;39;42;45;2;8;2 - 24 - 39 - 42 - 45 + 2 - 8
1035;1035;2017-08-22;2017;3;10;12;17;27;3;5;3 - 10 - 12 - 17 - 27 + 3 - 5
1036;1036;2017-08-25;2017;1;5;7;15;47;9;12;1 - 5 - 7 - 15 - 47 + 9 - 12
1037;1037;2017-08-29;2017;4;12;15;32;38;1;5;4 - 12 - 15 - 32 - 38 + 1 - 5
1038;1038;2017-09-01;2017;3;7;8;14;49;5;8;3 - 7 - 8 - 14 - 49 + 5 - 8
1039;1039;2017-09-05;2017;6;9;18;28;29;1;9;6 - 9 - 18 - 28 - 29 + 1 - 9
1040;1040;2017-09-08;2017;9;24;42;47;49;1;5;9 - 24 - 42 - 47 - 49 + 1 - 5
1041;1041;2017-09-12;2017;10;17;27;29;35;4;11;10 - 17 - 27 - 29 - 35 + 4 - 11
1042;1042;2017-09-15;2017;13;18;37;44;49;9;12;13 - 18 - 37 - 44 - 49 + 9 - 12
1043;1043;2017-09-19;2017;1;8;21;30;45;2;3;1 - 8 - 21 - 30 - 45 + 2 - 3
1044;1044;2017-09-22;2017;6;11;31;39;42;1;3;6 - 11 - 31 - 39 - 42 + 1 - 3
1045;1045;2017-09-26;2017;1;29;40;41;48;6;12;1 - 29 - 40 - 41 - 48 + 6 - 12
1046;1046;2017-09-29;2017;7;18;19;32;48;3;7;7 - 18 - 19 - 32 - 48 + 3 - 7
1047;1047;2017-10-03;2017;6;24;32;48;50;1;5;6 - 24 - 32 - 48 - 50 + 1 - 5
1048;1048;2017-10-06;2017;1;9;15;19;25;1;7;1 - 9 - 15 - 19 - 25 + 1 - 7
1049;1049;2017-10-10;2017;4;21;34;36;37;3;6;4 - 21 - 34 - 36 - 37 + 3 - 6
1050;1050;2017-10-13;2017;23;29;37;45;50;5;11;23 - 29 - 37 - 45 - 50 + 5 - 11
1051;1051;2017-10-17;2017;13;17;19;26;36;2;3;13 - 17 - 19 - 26 - 36 + 2 - 3
1052;1052;2017-10-20;2017;4;17;23;27;30;3;8;4 - 17 - 23 - 27 - 30 + 3 - 8
1053;1053;2017-10-24;2017;9;11;13;27;33;7;10;9 - 11 - 13 - 27 - 33 + 7 - 10
1054;1054;2017-10-27;2017;3;16;23;32;39;1;4;3 - 16 - 23 - 32 - 39 + 1 - 4
1055;1055;2017-10-31;2017;1;12;36;43;46;3;5;1 - 12 - 36 - 43 - 46 + 3 - 5
1056;1056;2017-11-03;2017;5;12;17;33;41;4;9;5 - 12 - 17 - 33 - 41 + 4 - 9
1057;1057;2017-11-07;2017;7;19;20;37;41;2;12;7 - 19 - 20 - 37 - 41 + 2 - 12
1058;1058;2017-11-10;2017;13;22;29;36;37;1;9;13 - 22 - 29 - 36 - 37 + 1 - 9
1059;1059;2017-11-14;2017;14;16;39;40;41;8;10;14 - 16 - 39 - 40 - 41 + 8 - 10
1060;1060;2017-11-17;2017;20;26;35;36;42;5;12;20 - 26 - 35 - 36 - 42 + 5 - 12
1061;1061;2017-11-21;2017;2;10;14;28;31;5;7;2 - 10 - 14 - 28 - 31 + 5 - 7
1062;1062;2017-11-24;2017;19;24;28;30;50;3;10;19 - 24 - 28 - 30 - 50 + 3 - 10
1063;1063;2017-11-28;2017;1;6;12;18;42;2;7;1 - 6 - 12 - 18 - 42 + 2 - 7
1064;1064;2017-12-01;2017;5;24;29;35;46;11;12;5 - 24 - 29 - 35 - 46 + 11 - 12
1065;1065;2017-12-05;2017;11;36;43;44;48;2;7;11 - 36 - 43 - 44 - 48 + 2 - 7
1066;1066;2017-12-08;2017;4;22;30;32;34;3;4;4 - 22 - 30 - 32 - 34 + 3 - 4
1067;1067;2017-12-12;2017;20;37;39;44;50;4;8;20 - 37 - 39 - 44 - 50 + 4 - 8
1068;1068;2017-12-15;2017;25;30;31;42;50;2;11;25 - 30 - 31 - 42 - 50 + 2 - 11
1069;1069;2017-12-19;2017;8;15;30;38;46;4;7;8 - 15 - 30 - 38 - 46 + 4 - 7
1070;1070;2017-12-22;2017;5;24;30;31;43;3;6;5 - 24 - 30 - 31 - 43 + 3 - 6
1071;1071;2017-12-26;2017;4;17;30;43;44;2;10;4 - 17 - 30 - 43 - 44 + 2 - 10
1072;1072;2017-12-29;2017;4;8;22;23;48;1;12;4 - 8 - 22 - 23 - 48 + 1 - 12
1073;1073;2018-01-02;2018;10;20;21;28;48;1;8;10 - 20 - 21 - 28 - 48 + 1 - 8
1074;1074;2018-01-05;2018;2;5;20;38;41;4;8;2 - 5 - 20 - 38 - 41 + 4 - 8
1075;1075;2018-01-09;2018;6;12;15;38;49;2;9;6 - 12 - 15 - 38 - 49 + 2 - 9
1076;1076;2018-01-12;2018;13;21;23;30;45;4;6;13 - 21 - 23 - 30 - 45 + 4 - 6
1077;1077;2018-01-16;2018;20;23;31;34;46;3;12;20 - 23 - 31 - 34 - 46 + 3 - 12
1078;1078;2018-01-19;2018;3;8;17;44;50;2;7;3 - 8 - 17 - 44 - 50 + 2 - 7
1079;1079;2018-01-23;2018;5;8;9;23;24;7;8;5 - 8 - 9 - 23 - 24 + 7 - 8
1080;1080;2018-01-26;2018;6;15;24;28;48;4;9;6 - 15 - 24 - 28 - 48 + 4 - 9
1081;1081;2018-01-30;2018;11;15;21;27;35;4;5;11 - 15 - 21 - 27 - 35 + 4 - 5
1082;1082;2018-02-02;2018;14;34;36;39;48;2;3;14 - 34 - 36 - 39 - 48 + 2 - 3
1083;1083;2018-02-06;2018;8;17;28;34;38;6;12;8 - 17 - 28 - 34 - 38 + 6 - 12
1084;1084;2018-02-09;2018;22;31;36;38;44;1;11;22 - 31 - 36 - 38 - 44 + 1 - 11
1085;1085;2018-02-13;2018;10;13;17;21;44;1;10;10 - 13 - 17 - 21 - 44 + 1 - 10
1086;1086;2018-02-16;2018;10;12;23;32;50;4;10;10 - 12 - 23 - 32 - 50 + 4 - 10
1087;1087;2018-02-20;2018;6;14;19;25;29;5;11;6 - 14 - 19 - 25 - 29 + 5 - 11
1088;1088;2018-02-23;2018;10;17;18;28;47;3;7;10 - 17 - 18 - 28 - 47 + 3 - 7
1089;1089;2018-02-27;2018;3;31;41;48;50;8;11;3 - 31 - 41 - 48 - 50 + 8 - 11
1090;1090;2018-03-02;2018;2;7;34;45;48;1;12;2 - 7 - 34 - 45 - 48 + 1 - 12
1091;1091;2018-03-06;2018;15;20;26;31;44;2;9;15 - 20 - 26 - 31 - 44 + 2 - 9
1092;1092;2018-03-09;2018;9;14;21;32;44;1;12;9 - 14 - 21 - 32 - 44 + 1 - 12
1093;1093;2018-03-13;2018;9;11;13;33;49;6;12;9 - 11 - 13 - 33 - 49 + 6 - 12
1094;1094;2018-03-16;2018;4;17;24;27;31;10;11;4 - 17 - 24 - 27 - 31 + 10 - 11
1095;1095;2018-03-20;2018;26;29;37;39;44;9;11;26 - 29 - 37 - 39 - 44 + 9 - 11
1096;1096;2018-03-23;2018;5;7;11;46;50;8;11;5 - 7 - 11 - 46 - 50 + 8 - 11
1097;1097;2018-03-27;2018;17;20;23;40;46;9;10;17 - 20 - 23 - 40 - 46 + 9 - 10
1098;1098;2018-03-30;2018;12;17;28;35;47;7;11;12 - 17 - 28 - 35 - 47 + 7 - 11
1099;1099;2018-04-03;2018;3;8;16;40;43;5;8;3 - 8 - 16 - 40 - 43 + 5 - 8
1100;1100;2018-04-06;2018;1;29;33;45;47;4;8;1 - 29 - 33 - 45 - 47 + 4 - 8
1101;1101;2018-04-10;2018;14;27;39;46;48;11;12;14 - 27 - 39 - 46 - 48 + 11 - 12
1102;1102;2018-04-13;2018;5;25;34;48;50;6;7;5 - 25 - 34 - 48 - 50 + 6 - 7
1103;1103;2018-04-17;2018;15;27;33;39;50;4;6;15 - 27 - 33 - 39 - 50 + 4 - 6
1104;1104;2018-04-20;2018;3;16;25;39;44;7;11;3 - 16 - 25 - 39 - 44 + 7 - 11
1105;1105;2018-04-24;2018;20;23;28;30;44;3;7;20 - 23 - 28 - 30 - 44 + 3 - 7
1106;1106;2018-04-27;2018;12;24;40;41;46;5;12;12 - 24 - 40 - 41 - 46 + 5 - 12
1107;1107;2018-05-01;2018;6;15;17;42;48;4;6;6 - 15 - 17 - 42 - 48 + 4 - 6
1108;1108;2018-05-04;2018;6;12;23;39;45;9;12;6 - 12 - 23 - 39 - 45 + 9 - 12
1109;1109;2018-05-08;2018;17;25;35;39;44;2;5;17 - 25 - 35 - 39 - 44 + 2 - 5
1110;1110;2018-05-11;2018;3;22;34;49;50;8;11;3 - 22 - 34 - 49 - 50 + 8 - 11
1111;1111;2018-05-15;2018;4;16;20;31;39;2;12;4 - 16 - 20 - 31 - 39 + 2 - 12
1112;1112;2018-05-18;2018;5;8;10;13;31;3;6;5 - 8 - 10 - 13 - 31 + 3 - 6
1113;1113;2018-05-22;2018;1;11;37;41;48;8;12;1 - 11 - 37 - 41 - 48 + 8 - 12
1114;1114;2018-05-25;2018;13;15;16;28;41;4;5;13 - 15 - 16 - 28 - 41 + 4 - 5
1115;1115;2018-05-29;2018;6;11;20;38;43;2;4;6 - 11 - 20 - 38 - 43 + 2 - 4
1116;1116;2018-06-01;2018;17;18;24;29;40;4;5;17 - 18 - 24 - 29 - 40 + 4 - 5
1117;1117;2018-06-05;2018;9;15;22;39;46;4;5;9 - 15 - 22 - 39 - 46 + 4 - 5
1118;1118;2018-06-08;2018;8;19;32;43;46;2;8;8 - 19 - 32 - 43 - 46 + 2 - 8
1119;1119;2018-06-12;2018;7;21;23;36;38;6;8;7 - 21 - 23 - 36 - 38 + 6 - 8
1120;1120;2018-06-15;2018;23;26;33;38;49;1;12;23 - 26 - 33 - 38 - 49 + 1 - 12
1121;1121;2018-06-19;2018;7;19;26;42;50;4;9;7 - 19 - 26 - 42 - 50 + 4 - 9
1122;1122;2018-06-22;2018;14;25;39;41;44;2;8;14 - 25 - 39 - 41 - 44 + 2 - 8
1123;1123;2018-06-26;2018;15;16;20;34;50;4;7;15 - 16 - 20 - 34 - 50 + 4 - 7
1124;1124;2018-06-29;2018;15;21;23;40;48;3;12;15 - 21 - 23 - 40 - 48 + 3 - 12
1125;1125;2018-07-03;2018;1;12;15;29;48;3;5;1 - 12 - 15 - 29 - 48 + 3 - 5
1126;1126;2018-07-06;2018;8;30;33;38;48;2;10;8 - 30 - 33 - 38 - 48 + 2 - 10
1127;1127;2018-07-10;2018;3;8;26;33;45;7;10;3 - 8 - 26 - 33 - 45 + 7 - 10
1128;1128;2018-07-13;2018;1;4;14;21;49;2;12;1 - 4 - 14 - 21 - 49 + 2 - 12
1129;1129;2018-07-17;2018;4;6;27;48;50;1;11;4 - 6 - 27 - 48 - 50 + 1 - 11
1130;1130;2018-07-20;2018;2;15;40;43;46;3;6;2 - 15 - 40 - 43 - 46 + 3 - 6
1131;1131;2018-07-24;2018;2;4;23;39;40;3;9;2 - 4 - 23 - 39 - 40 + 3 - 9
1132;1132;2018-07-27;2018;11;17;22;23;41;6;11;11 - 17 - 22 - 23 - 41 + 6 - 11
1133;1133;2018-07-31;2018;20;25;34;42;45;6;11;20 - 25 - 34 - 42 - 45 + 6 - 11
1134;1134;2018-08-03;2018;7;26;36;38;43;6;12;7 - 26 - 36 - 38 - 43 + 6 - 12
1135;1135;2018-08-07;2018;16;28;29;30;36;8;10;16 - 28 - 29 - 30 - 36 + 8 - 10
1136;1136;2018-08-10;2018;18;20;36;43;44;3;9;18 - 20 - 36 - 43 - 44 + 3 - 9
1137;1137;2018-08-14;2018;1;15;18;25;31;9;11;1 - 15 - 18 - 25 - 31 + 9 - 11
1138;1138;2018-08-17;2018;2;15;18;24;43;8;12;2 - 15 - 18 - 24 - 43 + 8 - 12
1139;1139;2018-08-21;2018;16;23;42;43;49;10;12;16 - 23 - 42 - 43 - 49 + 10 - 12
1140;1140;2018-08-24;2018;3;14;31;36;50;1;12;3 - 14 - 31 - 36 - 50 + 1 - 12
1141;1141;2018-08-28;2018;4;16;32;42;46;8;12;4 - 16 - 32 - 42 - 46 + 8 - 12
1142;1142;2018-08-31;2018;4;30;31;38;42;4;6;4 - 30 - 31 - 38 - 42 + 4 - 6
1143;1143;2018-09-04;2018;5;14;28;30;47;4;11;5 - 14 - 28 - 30 - 47 + 4 - 11
1144;1144;2018-09-07;2018;4;23;27;31;50;1;8;4 - 23 - 27 - 31 - 50 + 1 - 8
1145;1145;2018-09-11;2018;9;18;32;38;46;2;3;9 - 18 - 32 - 38 - 46 + 2 - 3
1146;1146;2018-09-14;2018;1;3;33;40;45;3;4;1 - 3 - 33 - 40 - 45 + 3 - 4
1147;1147;2018-09-18;2018;3;8;10;32;45;4;12;3 - 8 - 10 - 32 - 45 + 4 - 12
1148;1148;2018-09-21;2018;5;7;21;25;37;3;4;5 - 7 - 21 - 25 - 37 + 3 - 4
1149;1149;2018-09-25;2018;6;15;20;30;38;4;7;6 - 15 - 20 - 30 - 38 + 4 - 7
1150;1150;2018-09-28;2018;2;4;8;27;50;2;9;2 - 4 - 8 - 27 - 50 + 2 - 9
1151;1151;2018-10-02;2018;7;17;29;37;45;3;11;7 - 17 - 29 - 37 - 45 + 3 - 11
1152;1152;2018-10-05;2018;8;16;24;26;35;3;11;8 - 16 - 24 - 26 - 35 + 3 - 11
1153;1153;2018-10-09;2018;3;12;36;44;45;8;11;3 - 12 - 36 - 44 - 45 + 8 - 11
1154;1154;2018-10-12;2018;4;9;12;31;43;5;8;4 - 9 - 12 - 31 - 43 + 5 - 8
1155;1155;2018-10-16;2018;15;28;37;40;42;1;6;15 - 28 - 37 - 40 - 42 + 1 - 6
1156;1156;2018-10-19;2018;1;3;29;47;48;3;12;1 - 3 - 29 - 47 - 48 + 3 - 12
1157;1157;2018-10-23;2018;1;2;5;21;32;2;12;1 - 2 - 5 - 21 - 32 + 2 - 12
1158;1158;2018-10-26;2018;5;18;21;31;35;6;9;5 - 18 - 21 - 31 - 35 + 6 - 9
1159;1159;2018-10-30;2018;17;23;27;43;44;1;12;17 - 23 - 27 - 43 - 44 + 1 - 12
1160;1160;2018-11-02;2018;5;15;17;37;44;7;11;5 - 15 - 17 - 37 - 44 + 7 - 11
1161;1161;2018-11-06;2018;14;24;36;40;43;2;9;14 - 24 - 36 - 40 - 43 + 2 - 9
1162;1162;2018-11-09;2018;14;17;32;37;49;11;12;14 - 17 - 32 - 37 - 49 + 11 - 12
1163;1163;2018-11-13;2018;2;7;10;13;42;3;6;2 - 7 - 10 - 13 - 42 + 3 - 6
1164;1164;2018-11-16;2018;9;10;13;28;41;1;12;9 - 10 - 13 - 28 - 41 + 1 - 12
1165;1165;2018-11-20;2018;6;19;39;45;48;7;12;6 - 19 - 39 - 45 - 48 + 7 - 12
1166;1166;2018-11-23;2018;5;8;25;26;30;3;10;5 - 8 - 25 - 26 - 30 + 3 - 10
1167;1167;2018-11-27;2018;4;16;17;18;32;2;11;4 - 16 - 17 - 18 - 32 + 2 - 11
1168;1168;2018-11-30;2018;3;10;12;23;26;1;12;3 - 10 - 12 - 23 - 26 + 1 - 12
1169;1169;2018-12-04;2018;19;20;21;42;45;8;9;19 - 20 - 21 - 42 - 45 + 8 - 9
1170;1170;2018-12-07;2018;11;17;26;37;48;1;10;11 - 17 - 26 - 37 - 48 + 1 - 10
1171;1171;2018-12-11;2018;4;7;13;23;42;1;3;4 - 7 - 13 - 23 - 42 + 1 - 3
1172;1172;2018-12-14;2018;12;29;38;42;44;2;12;12 - 29 - 38 - 42 - 44 + 2 - 12
1173;1173;2018-12-18;2018;1;9;18;39;48;5;7;1 - 9 - 18 - 39 - 48 + 5 - 7
1174;1174;2018-12-21;2018;2;12;15;34;50;3;4;2 - 12 - 15 - 34 - 50 + 3 - 4
1175;1175;2018-12-25;2018;4;5;8;31;43;2;9;4 - 5 - 8 - 31 - 43 + 2 - 9
1176;1176;2018-12-28;2018;13;16;34;35;45;10;12;13 - 16 - 34 - 35 - 45 + 10 - 12
1177;1177;2019-01-01;2019;1;8;11;25;28;4;6;1 - 8 - 11 - 25 - 28 + 4 - 6
1178;1178;2019-01-04;2019;7;11;19;27;37;6;10;7 - 11 - 19 - 27 - 37 + 6 - 10
1179;1179;2019-01-08;2019;3;19;22;31;32;2;11;3 - 19 - 22 - 31 - 32 + 2 - 11
1180;1180;2019-01-11;2019;1;19;31;39;48;1;6;1 - 19 - 31 - 39 - 48 + 1 - 6
1181;1181;2019-01-15;2019;22;25;29;33;35;3;6;22 - 25 - 29 - 33 - 35 + 3 - 6
1182;1182;2019-01-18;2019;5;6;16;30;46;5;10;5 - 6 - 16 - 30 - 46 + 5 - 10
1183;1183;2019-01-22;2019;9;23;29;41;49;8;10;9 - 23 - 29 - 41 - 49 + 8 - 10
1184;1184;2019-01-25;2019;1;6;13;15;16;6;10;1 - 6 - 13 - 15 - 16 + 6 - 10
1185;1185;2019-01-29;2019;14;24;26;32;39;3;8;14 - 24 - 26 - 32 - 39 + 3 - 8
1186;1186;2019-02-01;2019;3;21;26;41;46;1;6;3 - 21 - 26 - 41 - 46 + 1 - 6
1187;1187;2019-02-05;2019;14;25;31;37;43;2;3;14 - 25 - 31 - 37 - 43 + 2 - 3
1188;1188;2019-02-08;2019;11;12;13;39;46;7;10;11 - 12 - 13 - 39 - 46 + 7 - 10
1189;1189;2019-02-12;2019;6;34;36;41;50;1;5;6 - 34 - 36 - 41 - 50 + 1 - 5
1190;1190;2019-02-15;2019;15;27;34;38;49;2;10;15 - 27 - 34 - 38 - 49 + 2 - 10
1191;1191;2019-02-19;2019;1;8;18;19;39;7;9;1 - 8 - 18 - 19 - 39 + 7 - 9
1192;1192;2019-02-22;2019;3;27;29;33;50;3;7;3 - 27 - 29 - 33 - 50 + 3 - 7
1193;1193;2019-02-26;2019;3;15;29;35;47;3;4;3 - 15 - 29 - 35 - 47 + 3 - 4
1194;1194;2019-03-01;2019;6;9;19;26;31;11;12;6 - 9 - 19 - 26 - 31 + 11 - 12
1195;1195;2019-03-05;2019;6;10;16;39;46;8;11;6 - 10 - 16 - 39 - 46 + 8 - 11
1196;1196;2019-03-08;2019;17;18;19;24;40;4;8;17 - 18 - 19 - 24 - 40 + 4 - 8
1197;1197;2019-03-12;2019;5;7;13;19;31;2;9;5 - 7 - 13 - 19 - 31 + 2 - 9
1198;1198;2019-03-15;2019;3;15;24;42;46;9;12;3 - 15 - 24 - 42 - 46 + 9 - 12
1199;1199;2019-03-19;2019;1;6;9;34;47;7;12;1 - 6 - 9 - 34 - 47 + 7 - 12
1200;1200;2019-03-22;2019;4;17;26;30;43;6;11;4 - 17 - 26 - 30 - 43 + 6 - 11
1201;1201;2019-03-26;2019;12;19;23;43;47;2;6;12 - 19 - 23 - 43 - 47 + 2 - 6
1202;1202;2019-03-29;2019;13;23;26;32;47;6;10;13 - 23 - 26 - 32 - 47 + 6 - 10
1203;1203;2019-04-02;2019;2;9;16;26;36;6;7;2 - 9 - 16 - 26 - 36 + 6 - 7
1204;1204;2019-04-05;2019;1;7;10;29;45;3;5;1 - 7 - 10 - 29 - 45 + 3 - 5
1205;1205;2019-04-09;2019;18;21;29;38;41;1;11;18 - 21 - 29 - 38 - 41 + 1 - 11
1206;1206;2019-04-12;2019;1;28;35;36;46;6;9;1 - 28 - 35 - 36 - 46 + 6 - 9
1207;1207;2019-04-16;2019;1;8;15;44;49;2;11;1 - 8 - 15 - 44 - 49 + 2 - 11
1208;1208;2019-04-19;2019;7;8;32;41;49;5;11;7 - 8 - 32 - 41 - 49 + 5 - 11
1209;1209;2019-04-23;2019;18;23;27;42;44;2;7;18 - 23 - 27 - 42 - 44 + 2 - 7
1210;1210;2019-04-26;2019;14;33;35;47;50;9;11;14 - 33 - 35 - 47 - 50 + 9 - 11
1211;1211;2019-04-30;2019;5;12;20;26;48;2;11;5 - 12 - 20 - 26 - 48 + 2 - 11
1212;1212;2019-05-03;2019;2;9;20;27;43;5;6;2 - 9 - 20 - 27 - 43 + 5 - 6
1213;1213;2019-05-07;2019;7;20;26;32;47;2;11;7 - 20 - 26 - 32 - 47 + 2 - 11
1214;1214;2019-05-10;2019;1;4;27;45;48;1;7;1 - 4 - 27 - 45 - 48 + 1 - 7
1215;1215;2019-05-14;2019;10;14;17;25;50;2;10;10 - 14 - 17 - 25 - 50 + 2 - 10
1216;1216;2019-05-17;2019;16;28;42;43;45;6;7;16 - 28 - 42 - 43 - 45 + 6 - 7
1217;1217;2019-05-21;2019;32;33;34;39;47;8;12;32 - 33 - 34 - 39 - 47 + 8 - 12
1218;1218;2019-05-24;2019;5;16;23;30;49;6;7;5 - 16 - 23 - 30 - 49 + 6 - 7
1219;1219;2019-05-28;2019;7;19;20;28;29;1;5;7 - 19 - 20 - 28 - 29 + 1 - 5
1220;1220;2019-05-31;2019;1;23;24;26;35;1;11;1 - 23 - 24 - 26 - 35 + 1 - 11
1221;1221;2019-06-04;2019;9;31;32;39;41;2;8;9 - 31 - 32 - 39 - 41 + 2 - 8
1222;1222;2019-06-07;2019;1;4;16;20;34;2;5;1 - 4 - 16 - 20 - 34 + 2 - 5
1223;1223;2019-06-11;2019;25;27;39;42;46;11;12;25 - 27 - 39 - 42 - 46 + 11 - 12
1224;1224;2019-06-14;2019;1;13;30;31;39;2;7;1 - 13 - 30 - 31 - 39 + 2 - 7
1225;1225;2019-06-18;2019;12;24;37;40;44;3;7;12 - 24 - 37 - 40 - 44 + 3 - 7
1226;1226;2019-06-21;2019;5;8;9;25;39;3;7;5 - 8 - 9 - 25 - 39 + 3 - 7
1227;1227;2019-06-25;2019;6;26;27;34;46;1;9;6 - 26 - 27 - 34 - 46 + 1 - 9
1228;1228;2019-06-28;2019;1;3;16;33;49;2;11;1 - 3 - 16 - 33 - 49 + 2 - 11
1229;1229;2019-07-02;2019;11;19;29;44;45;8;12;11 - 19 - 29 - 44 - 45 + 8 - 12
1230;1230;2019-07-05;2019;2;9;20;34;42;6;9;2 - 9 - 20 - 34 - 42 + 6 - 9
1231;1231;2019-07-09;2019;7;29;32;36;41;6;7;7 - 29 - 32 - 36 - 41 + 6 - 7
1232;1232;2019-07-12;2019;2;31;39;45;47;4;8;2 - 31 - 39 - 45 - 47 + 4 - 8
1233;1233;2019-07-16;2019;3;5;13;18;39;7;8;3 - 5 - 13 - 18 - 39 + 7 - 8
1234;1234;2019-07-19;2019;13;14;17;26;28;2;7;13 - 14 - 17 - 26 - 28 + 2 - 7
1235;1235;2019-07-23;2019;1;14;19;23;38;3;7;1 - 14 - 19 - 23 - 38 + 3 - 7
1236;1236;2019-07-26;2019;2;5;27;37;42;3;10;2 - 5 - 27 - 37 - 42 + 3 - 10
1237;1237;2019-07-30;2019;15;20;23;27;40;3;6;15 - 20 - 23 - 27 - 40 + 3 - 6
1238;1238;2019-08-02;2019;13;22;33;44;50;2;5;13 - 22 - 33 - 44 - 50 + 2 - 5
1239;1239;2019-08-06;2019;12;13;29;36;38;4;12;12 - 13 - 29 - 36 - 38 + 4 - 12
1240;1240;2019-08-09;2019;2;14;35;41;42;10;11;2 - 14 - 35 - 41 - 42 + 10 - 11
1241;1241;2019-08-13;2019;13;29;31;33;40;2;3;13 - 29 - 31 - 33 - 40 + 2 - 3
1242;1242;2019-08-16;2019;9;10;27;37;42;1;5;9 - 10 - 27 - 37 - 42 + 1 - 5
1243;1243;2019-08-20;2019;20;22;23;24;37;1;4;20 - 22 - 23 - 24 - 37 + 1 - 4
1244;1244;2019-08-23;2019;4;17;35;42;45;2;8;4 - 17 - 35 - 42 - 45 + 2 - 8
1245;1245;2019-08-27;2019;8;26;35;43;47;1;9;8 - 26 - 35 - 43 - 47 + 1 - 9
1246;1246;2019-08-30;2019;25;27;45;46;49;4;6;25 - 27 - 45 - 46 - 49 + 4 - 6
1247;1247;2019-09-03;2019;7;11;38;39;44;7;10;7 - 11 - 38 - 39 - 44 + 7 - 10
1248;1248;2019-09-06;2019;10;13;22;40;48;2;5;10 - 13 - 22 - 40 - 48 + 2 - 5
1249;1249;2019-09-10;2019;3;22;25;30;49;3;6;3 - 22 - 25 - 30 - 49 + 3 - 6
1250;1250;2019-09-13;2019;1;12;27;42;47;6;7;1 - 12 - 27 - 42 - 47 + 6 - 7
1251;1251;2019-09-17;2019;22;37;43;44;45;1;12;22 - 37 - 43 - 44 - 45 + 1 - 12
1252;1252;2019-09-20;2019;8;21;25;38;50;4;8;8 - 21 - 25 - 38 - 50 + 4 - 8
1253;1253;2019-09-24;2019;2;33;42;47;48;1;2;2 - 33 - 42 - 47 - 48 + 1 - 2
1254;1254;2019-09-27;2019;24;37;41;43;46;2;8;24 - 37 - 41 - 43 - 46 + 2 - 8
1255;1255;2019-10-01;2019;2;11;18;40;46;1;4;2 - 11 - 18 - 40 - 46 + 1 - 4
1256;1256;2019-10-04;2019;6;9;35;41;44;6;9;6 - 9 - 35 - 41 - 44 + 6 - 9
1257;1257;2019-10-08;2019;7;10;15;44;49;3;12;7 - 10 - 15 - 44 - 49 + 3 - 12
1258;1258;2019-10-11;2019;2;14;19;42;45;5;6;2 - 14 - 19 - 42 - 45 + 5 - 6
1259;1259;2019-10-15;2019;3;28;31;32;34;4;5;3 - 28 - 31 - 32 - 34 + 4 - 5
1260;1260;2019-10-18;2019;8;18;22;41;42;11;12;8 - 18 - 22 - 41 - 42 + 11 - 12
1261;1261;2019-10-22;2019;2;5;32;33;47;7;8;2 - 5 - 32 - 33 - 47 + 7 - 8
1262;1262;2019-10-25;2019;34;37;39;40;50;4;10;34 - 37 - 39 - 40 - 50 + 4 - 10
1263;1263;2019-10-29;2019;16;18;28;42;49;5;10;16 - 18 - 28 - 42 - 49 + 5 - 10
1264;1264;2019-11-01;2019;2;20;39;44;48;5;7;2 - 20 - 39 - 44 - 48 + 5 - 7
1265;1265;2019-11-05;2019;9;14;25;33;48;2;12;9 - 14 - 25 - 33 - 48 + 2 - 12
1266;1266;2019-11-08;2019;8;17;20;23;45;2;8;8 - 17 - 20 - 23 - 45 + 2 - 8
1267;1267;2019-11-12;2019;1;21;23;25;39;2;4;1 - 21 - 23 - 25 - 39 + 2 - 4
1268;1268;2019-11-15;2019;3;13;20;32;34;4;11;3 - 13 - 20 - 32 - 34 + 4 - 11
1269;1269;2019-11-19;2019;8;10;15;30;42;4;6;8 - 10 - 15 - 30 - 42 + 4 - 6
1270;1270;2019-11-22;2019;3;21;32;34;48;3;11;3 - 21 - 32 - 34 - 48 + 3 - 11
1271;1271;2019-11-26;2019;2;3;15;19;34;5;8;2 - 3 - 15 - 19 - 34 + 5 - 8
1272;1272;2019-11-29;2019;3;7;12;42;50;6;8;3 - 7 - 12 - 42 - 50 + 6 - 8
1273;1273;2019-12-03;2019;18;31;32;38;48;4;12;18 - 31 - 32 - 38 - 48 + 4 - 12
1274;1274;2019-12-06;2019;1;3;27;39;46;1;10;1 - 3 - 27 - 39 - 46 + 1 - 10
1275;1275;2019-12-10;2019;2;10;19;21;47;2;8;2 - 10 - 19 - 21 - 47 + 2 - 8
1276;1276;2019-12-13;2019;9;16;18;23;32;2;10;9 - 16 - 18 - 23 - 32 + 2 - 10
1277;1277;2019-12-17;2019;1;7;12;25;49;6;9;1 - 7 - 12 - 25 - 49 + 6 - 9
1278;1278;2019-12-20;2019;8;24;30;32;34;3;4;8 - 24 - 30 - 32 - 34 + 3 - 4
1279;1279;2019-12-24;2019;3;11;13;14;47;3;6;3 - 11 - 13 - 14 - 47 + 3 - 6
1280;1280;2019-12-27;2019;1;7;22;26;35;5;10;1 - 7 - 22 - 26 - 35 + 5 - 10
1281;1281;2019-12-31;2019;26;31;33;41;48;2;4;26 - 31 - 33 - 41 - 48 + 2 - 4
1282;1282;2020-01-03;2020;5;15;20;36;47;8;12;5 - 15 - 20 - 36 - 47 + 8 - 12
1283;1283;2020-01-07;2020;5;8;12;37;43;6;11;5 - 8 - 12 - 37 - 43 + 6 - 11
1284;1284;2020-01-10;2020;6;17;32;44;46;2;6;6 - 17 - 32 - 44 - 46 + 2 - 6
1285;1285;2020-01-14;2020;21;25;29;39;44;8;9;21 - 25 - 29 - 39 - 44 + 8 - 9
1286;1286;2020-01-17;2020;8;19;20;29;44;3;8;8 - 19 - 20 - 29 - 44 + 3 - 8
1287;1287;2020-01-21;2020;10;11;24;36;46;3;5;10 - 11 - 24 - 36 - 46 + 3 - 5
1288;1288;2020-01-24;2020;3;4;6;9;24;5;8;3 - 4 - 6 - 9 - 24 + 5 - 8
1289;1289;2020-01-28;2020;1;19;27;31;38;4;5;1 - 19 - 27 - 31 - 38 + 4 - 5
1290;1290;2020-01-31;2020;13;18;20;23;30;2;4;13 - 18 - 20 - 23 - 30 + 2 - 4
1291;1291;2020-02-04;2020;21;23;33;35;47;6;7;21 - 23 - 33 - 35 - 47 + 6 - 7
1292;1292;2020-02-07;2020;9;15;17;25;40;3;9;9 - 15 - 17 - 25 - 40 + 3 - 9
1293;1293;2020-02-11;2020;24;26;32;43;46;6;10;24 - 26 - 32 - 43 - 46 + 6 - 10
1294;1294;2020-02-14;2020;5;20;35;41;49;6;10;5 - 20 - 35 - 41 - 49 + 6 - 10
1295;1295;2020-02-18;2020;11;32;34;38;47;2;10;11 - 32 - 34 - 38 - 47 + 2 - 10
1296;1296;2020-02-21;2020;7;23;30;32;45;5;9;7 - 23 - 30 - 32 - 45 + 5 - 9
1297;1297;2020-02-25;2020;1;4;18;27;42;4;6;1 - 4 - 18 - 27 - 42 + 4 - 6
1298;1298;2020-02-28;2020;8;11;20;22;23;3;4;8 - 11 - 20 - 22 - 23 + 3 - 4
1299;1299;2020-03-03;2020;4;14;27;44;45;1;10;4 - 14 - 27 - 44 - 45 + 1 - 10
1300;1300;2020-03-06;2020;15;38;43;45;46;1;11;15 - 38 - 43 - 45 - 46 + 1 - 11
1301;1301;2020-03-10;2020;11;23;30;37;43;5;12;11 - 23 - 30 - 37 - 43 + 5 - 12
1302;1302;2020-03-13;2020;3;11;21;27;36;9;10;3 - 11 - 21 - 27 - 36 + 9 - 10
1303;1303;2020-03-17;2020;5;7;8;16;20;2;12;5 - 7 - 8 - 16 - 20 + 2 - 12
1304;1304;2020-03-20;2020;3;9;20;34;40;6;12;3 - 9 - 20 - 34 - 40 + 6 - 12
1305;1305;2020-03-24;2020;7;12;26;30;33;10;11;7 - 12 - 26 - 30 - 33 + 10 - 11
1306;1306;2020-03-27;2020;11;14;27;41;46;2;3;11 - 14 - 27 - 41 - 46 + 2 - 3
1307;1307;2020-03-31;2020;12;17;24;30;36;1;9;12 - 17 - 24 - 30 - 36 + 1 - 9
1308;1308;2020-04-03;2020;16;19;34;46;50;2;6;16 - 19 - 34 - 46 - 50 + 2 - 6
1309;1309;2020-04-07;2020;4;5;14;33;48;7;12;4 - 5 - 14 - 33 - 48 + 7 - 12
1310;1310;2020-04-10;2020;3;10;17;33;39;1;4;3 - 10 - 17 - 33 - 39 + 1 - 4
1311;1311;2020-04-14;2020;6;29;34;35;40;4;11;6 - 29 - 34 - 35 - 40 + 4 - 11
1312;1312;2020-04-17;2020;16;28;32;37;45;1;11;16 - 28 - 32 - 37 - 45 + 1 - 11
1313;1313;2020-04-21;2020;10;11;14;23;28;6;8;10 - 11 - 14 - 23 - 28 + 6 - 8
1314;1314;2020-04-24;2020;1;5;19;21;28;4;7;1 - 5 - 19 - 21 - 28 + 4 - 7
1315;1315;2020-04-28;2020;15;23;26;28;32;1;5;15 - 23 - 26 - 28 - 32 + 1 - 5
1316;1316;2020-05-01;2020;19;20;38;45;47;2;6;19 - 20 - 38 - 45 - 47 + 2 - 6
1317;1317;2020-05-05;2020;2;10;22;27;41;2;3;2 - 10 - 22 - 27 - 41 + 2 - 3
1318;1318;2020-05-08;2020;8;25;32;33;38;7;9;8 - 25 - 32 - 33 - 38 + 7 - 9
1319;1319;2020-05-12;2020;9;16;29;37;39;4;11;9 - 16 - 29 - 37 - 39 + 4 - 11
1320;1320;2020-05-15;2020;11;23;32;34;39;1;6;11 - 23 - 32 - 34 - 39 + 1 - 6
1321;1321;2020-05-19;2020;5;25;32;37;43;6;7;5 - 25 - 32 - 37 - 43 + 6 - 7
1322;1322;2020-05-22;2020;3;18;22;27;32;2;7;3 - 18 - 22 - 27 - 32 + 2 - 7
1323;1323;2020-05-26;2020;4;9;14;21;27;4;6;4 - 9 - 14 - 21 - 27 + 4 - 6
1324;1324;2020-05-29;2020;4;8;11;19;46;4;8;4 - 8 - 11 - 19 - 46 + 4 - 8
1325;1325;2020-06-02;2020;10;12;22;26;49;7;11;10 - 12 - 22 - 26 - 49 + 7 - 11
1326;1326;2020-06-05;2020;5;11;17;24;37;3;6;5 - 11 - 17 - 24 - 37 + 3 - 6
1327;1327;2020-06-09;2020;5;15;27;36;46;2;8;5 - 15 - 27 - 36 - 46 + 2 - 8
1328;1328;2020-06-12;2020;2;24;39;45;46;4;8;2 - 24 - 39 - 45 - 46 + 4 - 8
1329;1329;2020-06-16;2020;4;9;11;17;39;2;10;4 - 9 - 11 - 17 - 39 + 2 - 10
1330;1330;2020-06-19;2020;5;14;19;24;43;3;11;5 - 14 - 19 - 24 - 43 + 3 - 11
1331;1331;2020-06-23;2020;2;12;19;46;49;1;8;2 - 12 - 19 - 46 - 49 + 1 - 8
1332;1332;2020-06-26;2020;1;10;12;21;26;5;11;1 - 10 - 12 - 21 - 26 + 5 - 11
1333;1333;2020-06-30;2020;1;6;11;28;42;2;10;1 - 6 - 11 - 28 - 42 + 2 - 10
1334;1334;2020-07-03;2020;4;16;27;37;39;3;6;4 - 16 - 27 - 37 - 39 + 3 - 6
1335;1335;2020-07-07;2020;12;16;23;33;41;8;10;12 - 16 - 23 - 33 - 41 + 8 - 10
1336;1336;2020-07-10;2020;15;17;23;30;38;2;7;15 - 17 - 23 - 30 - 38 + 2 - 7
1337;1337;2020-07-14;2020;11;22;30;37;47;9;10;11 - 22 - 30 - 37 - 47 + 9 - 10
1338;1338;2020-07-17;2020;7;15;27;41;43;7;9;7 - 15 - 27 - 41 - 43 + 7 - 9
1339;1339;2020-07-21;2020;14;15;24;29;42;2;4;14 - 15 - 24 - 29 - 42 + 2 - 4
1340;1340;2020-07-24;2020;8;9;27;28;50;4;12;8 - 9 - 27 - 28 - 50 + 4 - 12
1341;1341;2020-07-28;2020;9;13;15;17;34;2;7;9 - 13 - 15 - 17 - 34 + 2 - 7
1342;1342;2020-07-31;2020;21;24;30;46;49;2;5;21 - 24 - 30 - 46 - 49 + 2 - 5
1343;1343;2020-08-04;2020;1;2;5;15;42;5;8;1 - 2 - 5 - 15 - 42 + 5 - 8
1344;1344;2020-08-07;2020;5;20;21;36;41;6;11;5 - 20 - 21 - 36 - 41 + 6 - 11
1345;1345;2020-08-11;2020;8;13;14;42;50;3;9;8 - 13 - 14 - 42 - 50 + 3 - 9
1346;1346;2020-08-14;2020;9;10;19;42;49;4;12;9 - 10 - 19 - 42 - 49 + 4 - 12
1347;1347;2020-08-18;2020;6;12;17;34;42;5;12;6 - 12 - 17 - 34 - 42 + 5 - 12
1348;1348;2020-08-21;2020;10;15;35;44;50;3;5;10 - 15 - 35 - 44 - 50 + 3 - 5
1349;1349;2020-08-25;2020;7;18;30;37;39;8;10;7 - 18 - 30 - 37 - 39 + 8 - 10
1350;1350;2020-08-28;2020;7;12;16;17;31;7;9;7 - 12 - 16 - 17 - 31 + 7 - 9
1351;1351;2020-09-01;2020;4;8;10;33;46;8;11;4 - 8 - 10 - 33 - 46 + 8 - 11
1352;1352;2020-09-04;2020;6;22;29;40;43;4;7;6 - 22 - 29 - 40 - 43 + 4 - 7
1353;1353;2020-09-08;2020;2;9;31;35;41;9;12;2 - 9 - 31 - 35 - 41 + 9 - 12
1354;1354;2020-09-11;2020;34;38;42;43;45;9;12;34 - 38 - 42 - 43 - 45 + 9 - 12
1355;1355;2020-09-15;2020;16;20;25;30;38;6;8;16 - 20 - 25 - 30 - 38 + 6 - 8
1356;1356;2020-09-18;2020;2;10;19;25;45;1;7;2 - 10 - 19 - 25 - 45 + 1 - 7
1357;1357;2020-09-22;2020;16;25;28;39;40;1;6;16 - 25 - 28 - 39 - 40 + 1 - 6
1358;1358;2020-09-25;2020;19;23;34;37;45;1;7;19 - 23 - 34 - 37 - 45 + 1 - 7
1359;1359;2020-09-29;2020;4;14;16;41;44;11;12;4 - 14 - 16 - 41 - 44 + 11 - 12
1360;1360;2020-10-02;2020;6;12;15;40;45;3;9;6 - 12 - 15 - 40 - 45 + 3 - 9
1361;1361;2020-10-06;2020;4;21;36;41;47;9;11;4 - 21 - 36 - 41 - 47 + 9 - 11
1362;1362;2020-10-09;2020;11;15;35;41;50;5;8;11 - 15 - 35 - 41 - 50 + 5 - 8
1363;1363;2020-10-13;2020;5;14;38;41;46;1;10;5 - 14 - 38 - 41 - 46 + 1 - 10
1364;1364;2020-10-16;2020;15;33;38;40;50;3;6;15 - 33 - 38 - 40 - 50 + 3 - 6
1365;1365;2020-10-20;2020;5;6;15;37;42;3;4;5 - 6 - 15 - 37 - 42 + 3 - 4
1366;1366;2020-10-23;2020;10;15;19;21;23;3;12;10 - 15 - 19 - 21 - 23 + 3 - 12
1367;1367;2020-10-27;2020;13;15;28;32;44;3;12;13 - 15 - 28 - 32 - 44 + 3 - 12
1368;1368;2020-10-30;2020;12;16;20;21;28;3;9;12 - 16 - 20 - 21 - 28 + 3 - 9
1369;1369;2020-11-03;2020;5;7;18;20;30;6;7;5 - 7 - 18 - 20 - 30 + 6 - 7
1370;1370;2020-11-06;2020;7;12;37;40;50;1;2;7 - 12 - 37 - 40 - 50 + 1 - 2
1371;1371;2020-11-10;2020;3;19;29;32;38;5;12;3 - 19 - 29 - 32 - 38 + 5 - 12
1372;1372;2020-11-13;2020;1;5;17;28;31;1;10;1 - 5 - 17 - 28 - 31 + 1 - 10
1373;1373;2020-11-17;2020;16;19;25;30;44;2;6;16 - 19 - 25 - 30 - 44 + 2 - 6
1374;1374;2020-11-20;2020;28;29;39;48;50;5;7;28 - 29 - 39 - 48 - 50 + 5 - 7
1375;1375;2020-11-24;2020;25;33;38;42;50;8;12;25 - 33 - 38 - 42 - 50 + 8 - 12
1376;1376;2020-11-27;2020;2;5;8;14;16;8;9;2 - 5 - 8 - 14 - 16 + 8 - 9
1377;1377;2020-12-01;2020;14;20;29;47;49;4;12;14 - 20 - 29 - 47 - 49 + 4 - 12
1378;1378;2020-12-04;2020;14;20;27;34;38;1;11;14 - 20 - 27 - 34 - 38 + 1 - 11
1379;1379;2020-12-08;2020;1;4;21;24;46;2;12;1 - 4 - 21 - 24 - 46 + 2 - 12
1380;1380;2020-12-11;2020;6;9;13;24;41;3;12;6 - 9 - 13 - 24 - 41 + 3 - 12
1381;1381;2020-12-15;2020;9;13;21;29;35;1;2;9 - 13 - 21 - 29 - 35 + 1 - 2
1382;1382;2020-12-18;2020;2;3;13;17;21;7;8;2 - 3 - 13 - 17 - 21 + 7 - 8
1383;1383;2020-12-22;2020;2;10;16;42;50;4;11;2 - 10 - 16 - 42 - 50 + 4 - 11
1384;1384;2020-12-25;2020;16;21;27;30;32;3;5;16 - 21 - 27 - 30 - 32 + 3 - 5
1385;1385;2020-12-29;2020;7;32;39;40;45;3;8;7 - 32 - 39 - 40 - 45 + 3 - 8
1386;1386;2021-01-01;2021;16;28;32;44;48;1;9;16 - 28 - 32 - 44 - 48 + 1 - 9
1387;1387;2021-01-05;2021;12;34;37;38;42;1;3;12 - 34 - 37 - 38 - 42 + 1 - 3
1388;1388;2021-01-08;2021;18;23;37;41;42;4;6;18 - 23 - 37 - 41 - 42 + 4 - 6
1389;1389;2021-01-12;2021;2;10;18;34;35;6;9;2 - 10 - 18 - 34 - 35 + 6 - 9
1390;1390;2021-01-15;2021;4;10;27;38;40;3;11;4 - 10 - 27 - 38 - 40 + 3 - 11
1391;1391;2021-01-19;2021;25;27;31;35;43;5;6;25 - 27 - 31 - 35 - 43 + 5 - 6
1392;1392;2021-01-22;2021;8;16;42;44;47;6;7;8 - 16 - 42 - 44 - 47 + 6 - 7
1393;1393;2021-01-26;2021;5;7;25;37;40;2;8;5 - 7 - 25 - 37 - 40 + 2 - 8
1394;1394;2021-01-29;2021;1;5;27;36;42;1;6;1 - 5 - 27 - 36 - 42 + 1 - 6
1395;1395;2021-02-02;2021;18;20;35;38;48;9;12;18 - 20 - 35 - 38 - 48 + 9 - 12
1396;1396;2021-02-05;2021;12;19;37;44;45;2;6;12 - 19 - 37 - 44 - 45 + 2 - 6
1397;1397;2021-02-09;2021;5;10;24;31;37;9;10;5 - 10 - 24 - 31 - 37 + 9 - 10
1398;1398;2021-02-12;2021;7;23;30;32;36;8;12;7 - 23 - 30 - 32 - 36 + 8 - 12
1399;1399;2021-02-16;2021;5;9;25;29;30;6;7;5 - 9 - 25 - 29 - 30 + 6 - 7
1400;1400;2021-02-19;2021;4;12;25;46;48;7;12;4 - 12 - 25 - 46 - 48 + 7 - 12
1401;1401;2021-02-23;2021;9;18;30;39;45;1;3;9 - 18 - 30 - 39 - 45 + 1 - 3
1402;1402;2021-02-26;2021;6;12;22;29;33;6;11;6 - 12 - 22 - 29 - 33 + 6 - 11
1403;1403;2021-03-02;2021;2;19;24;26;49;6;7;2 - 19 - 24 - 26 - 49 + 6 - 7
1404;1404;2021-03-05;2021;4;5;39;46;48;7;10;4 - 5 - 39 - 46 - 48 + 7 - 10
1405;1405;2021-03-09;2021;1;16;21;32;33;11;12;1 - 16 - 21 - 32 - 33 + 11 - 12
1406;1406;2021-03-12;2021;4;6;9;11;44;10;11;4 - 6 - 9 - 11 - 44 + 10 - 11
1407;1407;2021-03-16;2021;23;25;32;35;47;2;6;23 - 25 - 32 - 35 - 47 + 2 - 6
1408;1408;2021-03-19;2021;3;9;35;43;44;1;10;3 - 9 - 35 - 43 - 44 + 1 - 10
1409;1409;2021-03-23;2021;2;26;29;36;49;3;9;2 - 26 - 29 - 36 - 49 + 3 - 9
1410;1410;2021-03-26;2021;10;12;37;49;50;3;8;10 - 12 - 37 - 49 - 50 + 3 - 8
1411;1411;2021-03-30;2021;24;27;28;29;42;4;8;24 - 27 - 28 - 29 - 42 + 4 - 8
1412;1412;2021-04-02;2021;4;21;34;40;47;2;5;4 - 21 - 34 - 40 - 47 + 2 - 5
1413;1413;2021-04-06;2021;2;21;37;38;50;7;8;2 - 21 - 37 - 38 - 50 + 7 - 8
1414;1414;2021-04-09;2021;2;8;32;35;44;8;11;2 - 8 - 32 - 35 - 44 + 8 - 11
1415;1415;2021-04-13;2021;16;20;31;47;50;2;8;16 - 20 - 31 - 47 - 50 + 2 - 8
1416;1416;2021-04-16;2021;6;11;29;40;48;5;9;6 - 11 - 29 - 40 - 48 + 5 - 9
1417;1417;2021-04-20;2021;5;17;28;41;46;10;11;5 - 17 - 28 - 41 - 46 + 10 - 11
1418;1418;2021-04-23;2021;3;14;15;19;29;2;8;3 - 14 - 15 - 19 - 29 + 2 - 8
1419;1419;2021-04-27;2021;13;14;24;35;49;1;10;13 - 14 - 24 - 35 - 49 + 1 - 10
1420;1420;2021-04-30;2021;1;16;24;28;46;2;11;1 - 16 - 24 - 28 - 46 + 2 - 11
1421;1421;2021-05-04;2021;3;10;13;28;46;4;11;3 - 10 - 13 - 28 - 46 + 4 - 11
1422;1422;2021-05-07;2021;14;22;33;38;47;8;9;14 - 22 - 33 - 38 - 47 + 8 - 9
1423;1423;2021-05-11;2021;14;25;34;43;46;5;6;14 - 25 - 34 - 43 - 46 + 5 - 6
1424;1424;2021-05-14;2021;6;16;18;29;38;6;11;6 - 16 - 18 - 29 - 38 + 6 - 11
1425;1425;2021-05-18;2021;5;13;38;39;40;4;12;5 - 13 - 38 - 39 - 40 + 4 - 12
1426;1426;2021-05-21;2021;2;9;13;15;35;3;10;2 - 9 - 13 - 15 - 35 + 3 - 10
1427;1427;2021-05-25;2021;1;21;26;30;38;2;8;1 - 21 - 26 - 30 - 38 + 2 - 8
1428;1428;2021-05-28;2021;11;13;16;34;40;1;12;11 - 13 - 16 - 34 - 40 + 1 - 12
1429;1429;2021-06-01;2021;3;10;26;35;44;6;7;3 - 10 - 26 - 35 - 44 + 6 - 7
1430;1430;2021-06-04;2021;7;20;36;40;46;2;4;7 - 20 - 36 - 40 - 46 + 2 - 4
1431;1431;2021-06-08;2021;2;11;26;36;47;7;9;2 - 11 - 26 - 36 - 47 + 7 - 9
1432;1432;2021-06-11;2021;9;17;21;33;39;7;11;9 - 17 - 21 - 33 - 39 + 7 - 11
1433;1433;2021-06-15;2021;11;21;26;30;31;2;3;11 - 21 - 26 - 30 - 31 + 2 - 3
1434;1434;2021-06-18;2021;11;20;27;30;41;3;5;11 - 20 - 27 - 30 - 41 + 3 - 5
1435;1435;2021-06-22;2021;6;24;26;27;41;3;8;6 - 24 - 26 - 27 - 41 + 3 - 8
1436;1436;2021-06-25;2021;1;29;30;33;36;3;12;1 - 29 - 30 - 33 - 36 + 3 - 12
1437;1437;2021-06-29;2021;6;12;20;24;48;5;6;6 - 12 - 20 - 24 - 48 + 5 - 6
1438;1438;2021-07-02;2021;9;14;29;38;49;7;10;9 - 14 - 29 - 38 - 49 + 7 - 10
1439;1439;2021-07-06;2021;2;5;21;27;42;9;11;2 - 5 - 21 - 27 - 42 + 9 - 11
1440;1440;2021-07-09;2021;6;19;36;37;49;4;11;6 - 19 - 36 - 37 - 49 + 4 - 11
1441;1441;2021-07-13;2021;5;6;8;11;22;3;4;5 - 6 - 8 - 11 - 22 + 3 - 4
1442;1442;2021-07-16;2021;5;16;42;47;49;3;11;5 - 16 - 42 - 47 - 49 + 3 - 11
1443;1443;2021-07-20;2021;3;12;19;41;48;6;9;3 - 12 - 19 - 41 - 48 + 6 - 9
1444;1444;2021-07-23;2021;23;24;26;34;50;2;4;23 - 24 - 26 - 34 - 50 + 2 - 4
1445;1445;2021-07-27;2021;5;9;19;21;25;10;12;5 - 9 - 19 - 21 - 25 + 10 - 12
1446;1446;2021-07-30;2021;10;23;33;35;37;5;10;10 - 23 - 33 - 35 - 37 + 5 - 10
1447;1447;2021-08-03;2021;17;21;23;45;46;7;11;17 - 21 - 23 - 45 - 46 + 7 - 11
1448;1448;2021-08-06;2021;7;14;21;26;32;4;12;7 - 14 - 21 - 26 - 32 + 4 - 12
1449;1449;2021-08-10;2021;9;37;47;48;49;2;7;9 - 37 - 47 - 48 - 49 + 2 - 7
1450;1450;2021-08-13;2021;6;12;44;47;49;8;12;6 - 12 - 44 - 47 - 49 + 8 - 12
1451;1451;2021-08-17;2021;12;31;41;42;47;4;6;12 - 31 - 41 - 42 - 47 + 4 - 6
1452;1452;2021-08-20;2021;3;9;19;20;23;9;11;3 - 9 - 19 - 20 - 23 + 9 - 11
1453;1453;2021-08-24;2021;19;21;36;44;50;3;10;19 - 21 - 36 - 44 - 50 + 3 - 10
1454;1454;2021-08-27;2021;2;3;31;46;50;8;12;2 - 3 - 31 - 46 - 50 + 8 - 12
1455;1455;2021-08-31;2021;5;13;17;32;43;2;10;5 - 13 - 17 - 32 - 43 + 2 - 10
1456;1456;2021-09-03;2021;5;7;13;29;35;3;7;5 - 7 - 13 - 29 - 35 + 3 - 7
1457;1457;2021-09-07;2021;7;19;35;42;43;7;9;7 - 19 - 35 - 42 - 43 + 7 - 9
1458;1458;2021-09-10;2021;1;6;7;18;28;2;8;1 - 6 - 7 - 18 - 28 + 2 - 8
1459;1459;2021-09-14;2021;12;18;35;38;45;2;8;12 - 18 - 35 - 38 - 45 + 2 - 8
1460;1460;2021-09-17;2021;5;7;8;10;34;1;9;5 - 7 - 8 - 10 - 34 + 1 - 9
1461;1461;2021-09-21;2021;20;25;26;30;38;2;8;20 - 25 - 26 - 30 - 38 + 2 - 8
1462;1462;2021-09-24;2021;2;12;20;27;41;10;12;2 - 12 - 20 - 27 - 41 + 10 - 12
1463;1463;2021-09-28;2021;6;7;12;33;39;1;7;6 - 7 - 12 - 33 - 39 + 1 - 7
1464;1464;2021-10-01;2021;1;15;19;26;48;6;12;1 - 15 - 19 - 26 - 48 + 6 - 12
1465;1465;2021-10-05;2021;11;13;14;36;45;7;9;11 - 13 - 14 - 36 - 45 + 7 - 9
1466;1466;2021-10-08;2021;1;10;23;42;46;3;5;1 - 10 - 23 - 42 - 46 + 3 - 5
1467;1467;2021-10-12;2021;6;13;22;45;49;10;11;6 - 13 - 22 - 45 - 49 + 10 - 11
1468;1468;2021-10-15;2021;21;26;31;34;49;2;5;21 - 26 - 31 - 34 - 49 + 2 - 5
1469;1469;2021-10-19;2021;4;20;36;40;41;1;6;4 - 20 - 36 - 40 - 41 + 1 - 6
1470;1470;2021-10-22;2021;12;17;22;33;39;2;12;12 - 17 - 22 - 33 - 39 + 2 - 12
1471;1471;2021-10-26;2021;12;15;20;42;44;1;2;12 - 15 - 20 - 42 - 44 + 1 - 2
1472;1472;2021-10-29;2021;10;15;28;32;49;3;9;10 - 15 - 28 - 32 - 49 + 3 - 9
1473;1473;2021-11-02;2021;2;3;17;29;43;1;4;2 - 3 - 17 - 29 - 43 + 1 - 4
1474;1474;2021-11-05;2021;2;12;25;30;41;8;11;2 - 12 - 25 - 30 - 41 + 8 - 11
1475;1475;2021-11-09;2021;17;25;26;33;36;1;8;17 - 25 - 26 - 33 - 36 + 1 - 8
1476;1476;2021-11-12;2021;2;9;15;47;50;6;9;2 - 9 - 15 - 47 - 50 + 6 - 9
1477;1477;2021-11-16;2021;9;19;21;32;36;3;4;9 - 19 - 21 - 32 - 36 + 3 - 4
1478;1478;2021-11-19;2021;22;26;38;47;50;2;6;22 - 26 - 38 - 47 - 50 + 2 - 6
1479;1479;2021-11-23;2021;17;21;36;42;46;7;10;17 - 21 - 36 - 42 - 46 + 7 - 10
1480;1480;2021-11-26;2021;1;20;41;42;50;3;7;1 - 20 - 41 - 42 - 50 + 3 - 7
1481;1481;2021-11-30;2021;19;20;26;33;43;1;4;19 - 20 - 26 - 33 - 43 + 1 - 4
1482;1482;2021-12-03;2021;21;22;29;32;46;9;10;21 - 22 - 29 - 32 - 46 + 9 - 10
1483;1483;2021-12-07;2021;22;31;38;46;47;7;11;22 - 31 - 38 - 46 - 47 + 7 - 11
1484;1484;2021-12-10;2021;11;21;33;38;42;2;8;11 - 21 - 33 - 38 - 42 + 2 - 8
1485;1485;2021-12-14;2021;19;21;37;47;48;3;6;19 - 21 - 37 - 47 - 48 + 3 - 6
1486;1486;2021-12-17;2021;1;2;15;30;35;2;7;1 - 2 - 15 - 30 - 35 + 2 - 7
1487;1487;2021-12-21;2021;12;17;21;34;38;2;3;12 - 17 - 21 - 34 - 38 + 2 - 3
1488;1488;2021-12-24;2021;2;26;28;34;41;5;10;2 - 26 - 28 - 34 - 41 + 5 - 10
1489;1489;2021-12-28;2021;4;6;15;17;29;9;12;4 - 6 - 15 - 17 - 29 + 9 - 12
1490;1490;2021-12-31;2021;7;22;25;43;49;6;7;7 - 22 - 25 - 43 - 49 + 6 - 7
1491;1491;2022-01-04;2022;18;28;35;36;41;6;11;18 - 28 - 35 - 36 - 41 + 6 - 11
1492;1492;2022-01-07;2022;2;14;37;44;50;7;11;2 - 14 - 37 - 44 - 50 + 7 - 11
1493;1493;2022-01-11;2022;4;23;32;33;44;9;12;4 - 23 - 32 - 33 - 44 + 9 - 12
1494;1494;2022-01-14;2022;6;17;25;31;46;9;12;6 - 17 - 25 - 31 - 46 + 9 - 12
1495;1495;2022-01-18;2022;3;12;19;24;30;2;5;3 - 12 - 19 - 24 - 30 + 2 - 5
1496;1496;2022-01-21;2022;5;14;35;36;39;7;12;5 - 14 - 35 - 36 - 39 + 7 - 12
1497;1497;2022-01-25;2022;6;16;18;39;47;2;4;6 - 16 - 18 - 39 - 47 + 2 - 4
1498;1498;2022-01-28;2022;10;25;29;34;45;9;10;10 - 25 - 29 - 34 - 45 + 9 - 10
1499;1499;2022-02-01;2022;1;19;36;38;49;6;9;1 - 19 - 36 - 38 - 49 + 6 - 9
1500;1500;2022-02-04;2022;3;25;38;43;49;3;7;3 - 25 - 38 - 43 - 49 + 3 - 7
1501;1501;2022-02-08;2022;6;20;34;37;43;7;10;6 - 20 - 34 - 37 - 43 + 7 - 10
1502;1502;2022-02-11;2022;13;18;38;42;45;7;11;13 - 18 - 38 - 42 - 45 + 7 - 11
1503;1503;2022-02-15;2022;9;20;31;33;44;2;12;9 - 20 - 31 - 33 - 44 + 2 - 12
1504;1504;2022-02-18;2022;25;38;41;43;50;6;10;25 - 38 - 41 - 43 - 50 + 6 - 10
1505;1505;2022-02-22;2022;5;9;14;26;32;3;7;5 - 9 - 14 - 26 - 32 + 3 - 7
1506;1506;2022-02-25;2022;10;13;24;30;42;1;5;10 - 13 - 24 - 30 - 42 + 1 - 5
1507;1507;2022-03-01;2022;8;24;26;39;42;3;5;8 - 24 - 26 - 39 - 42 + 3 - 5
1508;1508;2022-03-04;2022;6;20;40;42;43;10;12;6 - 20 - 40 - 42 - 43 + 10 - 12
1509;1509;2022-03-08;2022;12;18;21;25;31;2;9;12 - 18 - 21 - 25 - 31 + 2 - 9
1510;1510;2022-03-11;2022;12;19;22;23;48;2;6;12 - 19 - 22 - 23 - 48 + 2 - 6
1511;1511;2022-03-15;2022;1;2;12;19;26;2;8;1 - 2 - 12 - 19 - 26 + 2 - 8
1512;1512;2022-03-18;2022;1;9;14;17;43;6;12;1 - 9 - 14 - 17 - 43 + 6 - 12
1513;1513;2022-03-22;2022;7;17;21;29;40;8;11;7 - 17 - 21 - 29 - 40 + 8 - 11
1514;1514;2022-03-25;2022;6;10;24;27;29;5;12;6 - 10 - 24 - 27 - 29 + 5 - 12
1515;1515;2022-03-29;2022;8;11;33;42;43;6;11;8 - 11 - 33 - 42 - 43 + 6 - 11
1516;1516;2022-04-01;2022;2;7;21;31;45;4;10;2 - 7 - 21 - 31 - 45 + 4 - 10
1517;1517;2022-04-05;2022;1;11;13;24;49;5;6;1 - 11 - 13 - 24 - 49 + 5 - 6
1518;1518;2022-04-08;2022;1;15;16;38;45;4;11;1 - 15 - 16 - 38 - 45 + 4 - 11
1519;1519;2022-04-12;2022;21;30;31;35;47;2;10;21 - 30 - 31 - 35 - 47 + 2 - 10
1520;1520;2022-04-15;2022;6;24;30;32;48;5;6;6 - 24 - 30 - 32 - 48 + 5 - 6
1521;1521;2022-04-19;2022;2;12;17;28;46;6;10;2 - 12 - 17 - 28 - 46 + 6 - 10
1522;1522;2022-04-22;2022;6;11;21;35;36;1;9;6 - 11 - 21 - 35 - 36 + 1 - 9
1523;1523;2022-04-26;2022;4;25;28;34;45;8;11;4 - 25 - 28 - 34 - 45 + 8 - 11
1524;1524;2022-04-29;2022;10;11;20;36;37;3;7;10 - 11 - 20 - 36 - 37 + 3 - 7
1525;1525;2022-05-03;2022;8;20;26;47;48;3;8;8 - 20 - 26 - 47 - 48 + 3 - 8
1526;1526;2022-05-06;2022;3;8;18;24;40;3;11;3 - 8 - 18 - 24 - 40 + 3 - 11
1527;1527;2022-05-10;2022;3;25;27;28;29;4;9;3 - 25 - 27 - 28 - 29 + 4 - 9
1528;1528;2022-05-13;2022;3;11;17;45;48;4;8;3 - 11 - 17 - 45 - 48 + 4 - 8
1529;1529;2022-05-17;2022;5;28;30;48;49;5;11;5 - 28 - 30 - 48 - 49 + 5 - 11
1530;1530;2022-05-20;2022;8;22;23;32;50;3;9;8 - 22 - 23 - 32 - 50 + 3 - 9
1531;1531;2022-05-24;2022;10;13;27;36;37;2;10;10 - 13 - 27 - 36 - 37 + 2 - 10
1532;1532;2022-05-27;2022;15;23;28;34;48;3;5;15 - 23 - 28 - 34 - 48 + 3 - 5
1533;1533;2022-05-31;2022;3;10;13;42;49;3;9;3 - 10 - 13 - 42 - 49 + 3 - 9
1534;1534;2022-06-03;2022;12;28;29;34;48;9;11;12 - 28 - 29 - 34 - 48 + 9 - 11
1535;1535;2022-06-07;2022;6;16;17;25;31;2;6;6 - 16 - 17 - 25 - 31 + 2 - 6
1536;1536;2022-06-10;2022;17;26;36;37;40;9;12;17 - 26 - 36 - 37 - 40 + 9 - 12
1537;1537;2022-06-14;2022;2;7;27;34;40;3;11;2 - 7 - 27 - 34 - 40 + 3 - 11
1538;1538;2022-06-17;2022;19;21;22;31;38;7;11;19 - 21 - 22 - 31 - 38 + 7 - 11
1539;1539;2022-06-21;2022;6;23;36;39;47;8;10;6 - 23 - 36 - 39 - 47 + 8 - 10
1540;1540;2022-06-24;2022;10;17;28;44;50;8;12;10 - 17 - 28 - 44 - 50 + 8 - 12
1541;1541;2022-06-28;2022;10;35;42;47;48;2;11;10 - 35 - 42 - 47 - 48 + 2 - 11
1542;1542;2022-07-01;2022;6;18;24;34;46;3;12;6 - 18 - 24 - 34 - 46 + 3 - 12
1543;1543;2022-07-05;2022;7;10;25;45;48;3;6;7 - 10 - 25 - 45 - 48 + 3 - 6
1544;1544;2022-07-08;2022;28;31;35;43;46;4;7;28 - 31 - 35 - 43 - 46 + 4 - 7
1545;1545;2022-07-12;2022;14;18;24;25;50;6;11;14 - 18 - 24 - 25 - 50 + 6 - 11
1546;1546;2022-07-15;2022;9;17;29;38;39;7;10;9 - 17 - 29 - 38 - 39 + 7 - 10
1547;1547;2022-07-19;2022;6;23;27;40;41;2;12;6 - 23 - 27 - 40 - 41 + 2 - 12
1548;1548;2022-07-22;2022;16;18;29;32;50;4;11;16 - 18 - 29 - 32 - 50 + 4 - 11
1549;1549;2022-07-26;2022;3;5;17;25;27;1;9;3 - 5 - 17 - 25 - 27 + 1 - 9
1550;1550;2022-07-29;2022;3;23;38;43;48;3;8;3 - 23 - 38 - 43 - 48 + 3 - 8
1551;1551;2022-08-02;2022;7;18;28;40;48;8;11;7 - 18 - 28 - 40 - 48 + 8 - 11
1552;1552;2022-08-05;2022;3;29;33;35;44;8;10;3 - 29 - 33 - 35 - 44 + 8 - 10
1553;1553;2022-08-09;2022;18;19;21;27;47;5;11;18 - 19 - 21 - 27 - 47 + 5 - 11
1554;1554;2022-08-12;2022;14;17;34;35;42;6;10;14 - 17 - 34 - 35 - 42 + 6 - 10
1555;1555;2022-08-16;2022;10;14;25;32;39;7;8;10 - 14 - 25 - 32 - 39 + 7 - 8
1556;1556;2022-08-19;2022;2;9;13;19;38;2;6;2 - 9 - 13 - 19 - 38 + 2 - 6
1557;1557;2022-08-23;2022;19;26;31;39;48;2;3;19 - 26 - 31 - 39 - 48 + 2 - 3
1558;1558;2022-08-26;2022;22;23;25;38;44;11;12;22 - 23 - 25 - 38 - 44 + 11 - 12
1559;1559;2022-08-30;2022;4;6;10;15;19;1;4;4 - 6 - 10 - 15 - 19 + 1 - 4
1560;1560;2022-09-02;2022;7;12;13;20;45;3;12;7 - 12 - 13 - 20 - 45 + 3 - 12
1561;1561;2022-09-06;2022;7;10;22;29;44;4;5;7 - 10 - 22 - 29 - 44 + 4 - 5
1562;1562;2022-09-09;2022;17;23;24;26;27;4;9;17 - 23 - 24 - 26 - 27 + 4 - 9
1563;1563;2022-09-13;2022;9;12;15;40;47;1;11;9 - 12 - 15 - 40 - 47 + 1 - 11
1564;1564;2022-09-16;2022;10;27;36;45;49;3;4;10 - 27 - 36 - 45 - 49 + 3 - 4
1565;1565;2022-09-20;2022;11;21;23;32;48;3;12;11 - 21 - 23 - 32 - 48 + 3 - 12
1566;1566;2022-09-23;2022;14;15;22;35;48;3;8;14 - 15 - 22 - 35 - 48 + 3 - 8
1567;1567;2022-09-27;2022;4;20;21;34;44;1;3;4 - 20 - 21 - 34 - 44 + 1 - 3
1568;1568;2022-09-30;2022;1;2;11;16;26;3;12;1 - 2 - 11 - 16 - 26 + 3 - 12
1569;1569;2022-10-04;2022;3;18;28;42;43;3;12;3 - 18 - 28 - 42 - 43 + 3 - 12
1570;1570;2022-10-07;2022;26;27;42;45;50;1;12;26 - 27 - 42 - 45 - 50 + 1 - 12
1571;1571;2022-10-11;2022;8;23;32;35;40;1;8;8 - 23 - 32 - 35 - 40 + 1 - 8
1572;1572;2022-10-14;2022;24;28;29;34;48;3;7;24 - 28 - 29 - 34 - 48 + 3 - 7
1573;1573;2022-10-18;2022;3;5;13;42;48;1;6;3 - 5 - 13 - 42 - 48 + 1 - 6
1574;1574;2022-10-21;2022;25;26;28;38;40;1;6;25 - 26 - 28 - 38 - 40 + 1 - 6
1575;1575;2022-10-25;2022;7;24;34;39;46;1;6;7 - 24 - 34 - 39 - 46 + 1 - 6
1576;1576;2022-10-28;2022;14;16;21;28;35;1;11;14 - 16 - 21 - 28 - 35 + 1 - 11
1577;1577;2022-11-01;2022;19;37;42;47;48;1;6;19 - 37 - 42 - 47 - 48 + 1 - 6
1578;1578;2022-11-04;2022;2;11;37;45;47;2;3;2 - 11 - 37 - 45 - 47 + 2 - 3
1579;1579;2022-11-08;2022;3;5;32;33;50;1;8;3 - 5 - 32 - 33 - 50 + 1 - 8
1580;1580;2022-11-11;2022;2;19;24;25;44;2;10;2 - 19 - 24 - 25 - 44 + 2 - 10
1581;1581;2022-11-15;2022;13;21;24;31;33;1;12;13 - 21 - 24 - 31 - 33 + 1 - 12
1582;1582;2022-11-18;2022;13;16;19;35;41;1;11;13 - 16 - 19 - 35 - 41 + 1 - 11
1583;1583;2022-11-22;2022;21;22;24;29;42;3;11;21 - 22 - 24 - 29 - 42 + 3 - 11
1584;1584;2022-11-25;2022;19;21;35;37;39;2;6;19 - 21 - 35 - 37 - 39 + 2 - 6
1585;1585;2022-11-29;2022;15;20;24;35;38;8;12;15 - 20 - 24 - 35 - 38 + 8 - 12
1586;1586;2022-12-02;2022;12;21;35;39;45;6;11;12 - 21 - 35 - 39 - 45 + 6 - 11
1587;1587;2022-12-06;2022;12;20;25;26;27;8;12;12 - 20 - 25 - 26 - 27 + 8 - 12
1588;1588;2022-12-09;2022;8;27;31;46;50;1;3;8 - 27 - 31 - 46 - 50 + 1 - 3
1589;1589;2022-12-13;2022;3;9;12;26;30;10;11;3 - 9 - 12 - 26 - 30 + 10 - 11
1590;1590;2022-12-16;2022;2;15;19;35;44;2;7;2 - 15 - 19 - 35 - 44 + 2 - 7
1591;1591;2022-12-20;2022;1;11;17;20;27;4;5;1 - 11 - 17 - 20 - 27 + 4 - 5
1592;1592;2022-12-23;2022;16;17;23;26;35;5;11;16 - 17 - 23 - 26 - 35 + 5 - 11
1593;1593;2022-12-27;2022;19;31;33;34;43;3;5;19 - 31 - 33 - 34 - 43 + 3 - 5
1594;1594;2022-12-30;2022;17;34;42;47;48;1;9;17 - 34 - 42 - 47 - 48 + 1 - 9
1595;1595;2023-01-03;2023;20;21;29;45;46;3;10;20 - 21 - 29 - 45 - 46 + 3 - 10
1596;1596;2023-01-06;2023;16;31;35;44;45;4;12;16 - 31 - 35 - 44 - 45 + 4 - 12
1597;1597;2023-01-10;2023;11;13;34;40;42;3;10;11 - 13 - 34 - 40 - 42 + 3 - 10
1598;1598;2023-01-13;2023;4;13;25;33;37;5;10;4 - 13 - 25 - 33 - 37 + 5 - 10
1599;1599;2023-01-17;2023;18;21;30;46;50;2;6;18 - 21 - 30 - 46 - 50 + 2 - 6
1600;1600;2023-01-20;2023;3;6;13;40;42;7;11;3 - 6 - 13 - 40 - 42 + 7 - 11
1601;1601;2023-01-24;2023;11;27;41;43;47;7;11;11 - 27 - 41 - 43 - 47 + 7 - 11
1602;1602;2023-01-27;2023;8;9;15;19;31;10;12;8 - 9 - 15 - 19 - 31 + 10 - 12
1603;1603;2023-01-31;2023;7;12;19;33;43;3;7;7 - 12 - 19 - 33 - 43 + 3 - 7
1604;1604;2023-02-03;2023;2;14;17;32;45;3;10;2 - 14 - 17 - 32 - 45 + 3 - 10
1605;1605;2023-02-07;2023;2;8;34;44;47;3;9;2 - 8 - 34 - 44 - 47 + 3 - 9
1606;1606;2023-02-10;2023;3;13;25;36;47;3;8;3 - 13 - 25 - 36 - 47 + 3 - 8
1607;1607;2023-02-14;2023;24;26;38;43;46;2;3;24 - 26 - 38 - 43 - 46 + 2 - 3
1608;1608;2023-02-17;2023;8;23;27;42;45;1;9;8 - 23 - 27 - 42 - 45 + 1 - 9
1609;1609;2023-02-21;2023;21;22;34;41;49;2;7;21 - 22 - 34 - 41 - 49 + 2 - 7
1610;1610;2023-02-24;2023;7;23;34;42;48;1;3;7 - 23 - 34 - 42 - 48 + 1 - 3
1611;1611;2023-02-28;2023;12;29;33;37;47;5;10;12 - 29 - 33 - 37 - 47 + 5 - 10
1612;1612;2023-03-03;2023;3;6;8;24;50;10;11;3 - 6 - 8 - 24 - 50 + 10 - 11
1613;1613;2023-03-07;2023;11;13;24;35;50;6;11;11 - 13 - 24 - 35 - 50 + 6 - 11
1614;1614;2023-03-10;2023;9;16;37;38;48;2;7;9 - 16 - 37 - 38 - 48 + 2 - 7
1615;1615;2023-03-14;2023;16;26;28;31;46;11;12;16 - 26 - 28 - 31 - 46 + 11 - 12
1616;1616;2023-03-17;2023;5;15;26;37;49;8;11;5 - 15 - 26 - 37 - 49 + 8 - 11
1617;1617;2023-03-21;2023;1;9;20;29;32;2;3;1 - 9 - 20 - 29 - 32 + 2 - 3
1618;1618;2023-03-24;2023;5;12;25;36;46;6;10;5 - 12 - 25 - 36 - 46 + 6 - 10
1619;1619;2023-03-28;2023;16;21;34;36;44;9;10;16 - 21 - 34 - 36 - 44 + 9 - 10
1620;1620;2023-03-31;2023;16;18;28;34;47;5;10;16 - 18 - 28 - 34 - 47 + 5 - 10
1621;1621;2023-04-04;2023;10;16;31;33;50;3;8;10 - 16 - 31 - 33 - 50 + 3 - 8
1622;1622;2023-04-07;2023;5;26;28;36;46;6;12;5 - 26 - 28 - 36 - 46 + 6 - 12
1623;1623;2023-04-11;2023;10;14;16;19;29;2;10;10 - 14 - 16 - 19 - 29 + 2 - 10
1624;1624;2023-04-14;2023;4;11;37;44;49;6;7;4 - 11 - 37 - 44 - 49 + 6 - 7
1625;1625;2023-04-18;2023;17;21;23;35;37;10;11;17 - 21 - 23 - 35 - 37 + 10 - 11
1626;1626;2023-04-21;2023;7;8;18;33;42;2;8;7 - 8 - 18 - 33 - 42 + 2 - 8
1627;1627;2023-04-25;2023;10;29;30;40;45;1;12;10 - 29 - 30 - 40 - 45 + 1 - 12
1628;1628;2023-04-28;2023;11;13;16;23;34;1;10;11 - 13 - 16 - 23 - 34 + 1 - 10
1629;1629;2023-05-02;2023;7;32;44;47;48;7;8;7 - 32 - 44 - 47 - 48 + 7 - 8
1630;1630;2023-05-05;2023;3;8;18;34;49;3;7;3 - 8 - 18 - 34 - 49 + 3 - 7
1631;1631;2023-05-09;2023;13;17;21;28;46;7;9;13 - 17 - 21 - 28 - 46 + 7 - 9
1632;1632;2023-05-12;2023;9;10;13;39;44;4;6;9 - 10 - 13 - 39 - 44 + 4 - 6
1633;1633;2023-05-16;2023;4;6;9;14;37;4;11;4 - 6 - 9 - 14 - 37 + 4 - 11
1634;1634;2023-05-19;2023;18;27;34;41;49;3;9;18 - 27 - 34 - 41 - 49 + 3 - 9
1635;1635;2023-05-23;2023;5;6;14;23;34;2;11;5 - 6 - 14 - 23 - 34 + 2 - 11
1636;1636;2023-05-26;2023;15;25;37;38;41;1;7;15 - 25 - 37 - 38 - 41 + 1 - 7
1637;1637;2023-05-30;2023;27;29;32;33;47;2;8;27 - 29 - 32 - 33 - 47 + 2 - 8
1638;1638;2023-06-02;2023;3;12;15;25;43;10;11;3 - 12 - 15 - 25 - 43 + 10 - 11
1639;1639;2023-06-06;2023;13;21;32;39;50;2;10;13 - 21 - 32 - 39 - 50 + 2 - 10
1640;1640;2023-06-09;2023;18;26;36;41;50;11;12;18 - 26 - 36 - 41 - 50 + 11 - 12
1641;1641;2023-06-13;2023;15;16;21;41;50;5;6;15 - 16 - 21 - 41 - 50 + 5 - 6
1642;1642;2023-06-16;2023;7;26;34;41;44;9;11;7 - 26 - 34 - 41 - 44 + 9 - 11
1643;1643;2023-06-20;2023;11;17;28;32;35;5;6;11 - 17 - 28 - 32 - 35 + 5 - 6
1644;1644;2023-06-23;2023;1;3;11;33;46;10;11;1 - 3 - 11 - 33 - 46 + 10 - 11
1645;1645;2023-06-27;2023;17;22;23;27;44;1;7;17 - 22 - 23 - 27 - 44 + 1 - 7
1646;1646;2023-06-30;2023;1;6;25;29;36;7;10;1 - 6 - 25 - 29 - 36 + 7 - 10
1647;1647;2023-07-04;2023;14;17;23;36;44;2;8;14 - 17 - 23 - 36 - 44 + 2 - 8
1648;1648;2023-07-07;2023;2;11;12;19;38;4;8;2 - 11 - 12 - 19 - 38 + 4 - 8
1649;1649;2023-07-11;2023;2;11;28;42;48;4;9;2 - 11 - 28 - 42 - 48 + 4 - 9
1650;1650;2023-07-14;2023;5;8;29;35;48;5;6;5 - 8 - 29 - 35 - 48 + 5 - 6
1651;1651;2023-07-18;2023;4;12;34;35;45;1;9;4 - 12 - 34 - 35 - 45 + 1 - 9
1652;1652;2023-07-21;2023;7;31;33;35;36;7;10;7 - 31 - 33 - 35 - 36 + 7 - 10
1653;1653;2023-07-25;2023;5;7;11;27;37;6;12;5 - 7 - 11 - 27 - 37 + 6 - 12
1654;1654;2023-07-28;2023;7;32;33;34;38;6;9;7 - 32 - 33 - 34 - 38 + 6 - 9
1655;1655;2023-08-01;2023;25;27;35;40;45;7;11;25 - 27 - 35 - 40 - 45 + 7 - 11
1656;1656;2023-08-04;2023;15;20;31;44;48;1;3;15 - 20 - 31 - 44 - 48 + 1 - 3
1657;1657;2023-08-08;2023;8;9;33;35;40;3;6;8 - 9 - 33 - 35 - 40 + 3 - 6
1658;1658;2023-08-11;2023;4;6;10;13;34;3;5;4 - 6 - 10 - 13 - 34 + 3 - 5
1659;1659;2023-08-15;2023;3;5;9;32;43;6;10;3 - 5 - 9 - 32 - 43 + 6 - 10
1660;1660;2023-08-18;2023;23;25;30;44;47;9;12;23 - 25 - 30 - 44 - 47 + 9 - 12
1661;1661;2023-08-22;2023;2;9;23;32;40;6;7;2 - 9 - 23 - 32 - 40 + 6 - 7
1662;1662;2023-08-25;2023;16;17;34;35;44;5;10;16 - 17 - 34 - 35 - 44 + 5 - 10
1663;1663;2023-08-29;2023;21;23;32;40;49;8;11;21 - 23 - 32 - 40 - 49 + 8 - 11
1664;1664;2023-09-01;2023;4;5;35;37;43;5;6;4 - 5 - 35 - 37 - 43 + 5 - 6
1665;1665;2023-09-05;2023;1;7;24;41;48;10;12;1 - 7 - 24 - 41 - 48 + 10 - 12
1666;1666;2023-09-08;2023;10;20;21;26;33;3;4;10 - 20 - 21 - 26 - 33 + 3 - 4
1667;1667;2023-09-12;2023;5;14;36;40;42;2;11;5 - 14 - 36 - 40 - 42 + 2 - 11
1668;1668;2023-09-15;2023;12;14;21;45;48;8;11;12 - 14 - 21 - 45 - 48 + 8 - 11
1669;1669;2023-09-19;2023;10;15;31;41;42;2;5;10 - 15 - 31 - 41 - 42 + 2 - 5
1670;1670;2023-09-22;2023;3;23;24;34;35;5;8;3 - 23 - 24 - 34 - 35 + 5 - 8
1671;1671;2023-09-26;2023;2;6;14;19;23;5;7;2 - 6 - 14 - 19 - 23 + 5 - 7
1672;1672;2023-09-29;2023;9;11;13;21;32;2;7;9 - 11 - 13 - 21 - 32 + 2 - 7
1673;1673;2023-10-03;2023;6;20;22;24;45;4;5;6 - 20 - 22 - 24 - 45 + 4 - 5
1674;1674;2023-10-06;2023;21;29;31;34;43;2;9;21 - 29 - 31 - 34 - 43 + 2 - 9
1675;1675;2023-10-10;2023;18;20;22;33;43;3;9;18 - 20 - 22 - 33 - 43 + 3 - 9
1676;1676;2023-10-13;2023;21;26;28;40;41;2;4;21 - 26 - 28 - 40 - 41 + 2 - 4
1677;1677;2023-10-17;2023;10;17;20;35;40;3;4;10 - 17 - 20 - 35 - 40 + 3 - 4
1678;1678;2023-10-20;2023;2;20;28;40;45;1;5;2 - 20 - 28 - 40 - 45 + 1 - 5
1679;1679;2023-10-24;2023;8;16;18;31;34;6;9;8 - 16 - 18 - 31 - 34 + 6 - 9
1680;1680;2023-10-27;2023;29;33;35;48;49;3;8;29 - 33 - 35 - 48 - 49 + 3 - 8
1681;1681;2023-10-31;2023;5;7;20;40;50;2;10;5 - 7 - 20 - 40 - 50 + 2 - 10
1682;1682;2023-11-03;2023;8;21;31;39;47;5;9;8 - 21 - 31 - 39 - 47 + 5 - 9
1683;1683;2023-11-07;2023;8;10;11;30;39;4;10;8 - 10 - 11 - 30 - 39 + 4 - 10
1684;1684;2023-11-10;2023;10;21;30;38;42;2;12;10 - 21 - 30 - 38 - 42 + 2 - 12
1685;1685;2023-11-14;2023;13;16;36;44;50;3;5;13 - 16 - 36 - 44 - 50 + 3 - 5
1686;1686;2023-11-17;2023;2;24;26;46;50;2;7;2 - 24 - 26 - 46 - 50 + 2 - 7
1687;1687;2023-11-21;2023;19;29;34;46;47;2;3;19 - 29 - 34 - 46 - 47 + 2 - 3
1688;1688;2023-11-24;2023;15;20;29;39;48;1;7;15 - 20 - 29 - 39 - 48 + 1 - 7
1689;1689;2023-11-28;2023;12;16;27;33;44;7;8;12 - 16 - 27 - 33 - 44 + 7 - 8
1690;1690;2023-12-01;2023;4;10;14;38;50;9;12;4 - 10 - 14 - 38 - 50 + 9 - 12
1691;1691;2023-12-05;2023;4;6;20;24;25;5;9;4 - 6 - 20 - 24 - 25 + 5 - 9
1692;1692;2023-12-08;2023;17;30;42;48;50;4;8;17 - 30 - 42 - 48 - 50 + 4 - 8
1693;1693;2023-12-12;2023;6;28;37;39;43;9;12;6 - 28 - 37 - 39 - 43 + 9 - 12
1694;1694;2023-12-15;2023;2;13;37;38;48;5;9;2 - 13 - 37 - 38 - 48 + 5 - 9
1695;1695;2023-12-19;2023;10;20;41;43;45;2;12;10 - 20 - 41 - 43 - 45 + 2 - 12
1696;1696;2023-12-22;2023;6;14;34;44;49;4;12;6 - 14 - 34 - 44 - 49 + 4 - 12
1697;1697;2023-12-26;2023;8;27;30;35;47;9;10;8 - 27 - 30 - 35 - 47 + 9 - 10
1698;1698;2023-12-29;2023;2;3;19;36;37;6;9;2 - 3 - 19 - 36 - 37 + 6 - 9
1699;1699;2024-01-02;2024;7;15;18;46;49;10;12;7 - 15 - 18 - 46 - 49 + 10 - 12
1700;1700;2024-01-05;2024;4;7;18;39;50;3;8;4 - 7 - 18 - 39 - 50 + 3 - 8
1701;1701;2024-01-09;2024;2;9;12;39;40;1;3;2 - 9 - 12 - 39 - 40 + 1 - 3
1702;1702;2024-01-12;2024;16;17;18;45;49;9;12;16 - 17 - 18 - 45 - 49 + 9 - 12
1703;1703;2024-01-16;2024;10;18;21;33;45;8;12;10 - 18 - 21 - 33 - 45 + 8 - 12
1704;1704;2024-01-19;2024;27;28;44;48;50;7;12;27 - 28 - 44 - 48 - 50 + 7 - 12
1705;1705;2024-01-23;2024;14;23;39;48;50;3;12;14 - 23 - 39 - 48 - 50 + 3 - 12
1706;1706;2024-01-26;2024;8;19;32;41;42;9;12;8 - 19 - 32 - 41 - 42 + 9 - 12
1707;1707;2024-01-30;2024;5;10;19;27;30;5;6;5 - 10 - 19 - 27 - 30 + 5 - 6
1708;1708;2024-02-02;2024;13;20;23;27;42;5;9;13 - 20 - 23 - 27 - 42 + 5 - 9
1709;1709;2024-02-06;2024;2;7;21;28;45;5;11;2 - 7 - 21 - 28 - 45 + 5 - 11
1710;1710;2024-02-09;2024;23;24;35;37;45;9;12;23 - 24 - 35 - 37 - 45 + 9 - 12
1711;1711;2024-02-13;2024;13;17;18;20;46;4;9;13 - 17 - 18 - 20 - 46 + 4 - 9
1712;1712;2024-02-16;2024;8;13;14;24;26;1;2;8 - 13 - 14 - 24 - 26 + 1 - 2
1713;1713;2024-02-20;2024;23;31;37;42;48;3;7;23 - 31 - 37 - 42 - 48 + 3 - 7
1714;1714;2024-02-23;2024;24;27;28;30;49;1;12;24 - 27 - 28 - 30 - 49 + 1 - 12
1715;1715;2024-02-27;2024;3;4;9;12;20;5;6;3 - 4 - 9 - 12 - 20 + 5 - 6
1716;1716;2024-03-01;2024;4;7;19;20;34;2;4;4 - 7 - 19 - 20 - 34 + 2 - 4
1717;1717;2024-03-05;2024;2;15;17;23;36;3;8;2 - 15 - 17 - 23 - 36 + 3 - 8
1718;1718;2024-03-08;2024;8;11;12;16;44;4;7;8 - 11 - 12 - 16 - 44 + 4 - 7
1719;1719;2024-03-12;2024;13;19;30;38;46;4;12;13 - 19 - 30 - 38 - 46 + 4 - 12
1720;1720;2024-03-15;2024;1;4;31;34;40;4;5;1 - 4 - 31 - 34 - 40 + 4 - 5
1721;1721;2024-03-19;2024;7;16;18;20;32;1;3;7 - 16 - 18 - 20 - 32 + 1 - 3
1722;1722;2024-03-22;2024;8;11;23;32;44;9;10;8 - 11 - 23 - 32 - 44 + 9 - 10
1723;1723;2024-03-26;2024;2;13;14;26;29;5;6;2 - 13 - 14 - 26 - 29 + 5 - 6
1724;1724;2024-03-29;2024;16;17;35;36;49;1;10;16 - 17 - 35 - 36 - 49 + 1 - 10
1725;1725;2024-04-02;2024;1;23;31;36;48;5;8;1 - 23 - 31 - 36 - 48 + 5 - 8
1726;1726;2024-04-05;2024;13;18;26;35;37;8;11;13 - 18 - 26 - 35 - 37 + 8 - 11
1727;1727;2024-04-09;2024;19;23;26;27;46;2;10;19 - 23 - 26 - 27 - 46 + 2 - 10
1728;1728;2024-04-12;2024;2;3;12;16;45;2;11;2 - 3 - 12 - 16 - 45 + 2 - 11
1729;1729;2024-04-16;2024;22;29;31;39;46;3;7;22 - 29 - 31 - 39 - 46 + 3 - 7
1730;1730;2024-04-19;2024;10;20;40;44;46;1;3;10 - 20 - 40 - 44 - 46 + 1 - 3
1731;1731;2024-04-23;2024;6;9;11;32;49;2;10;6 - 9 - 11 - 32 - 49 + 2 - 10
1732;1732;2024-04-26;2024;2;20;39;40;47;4;8;2 - 20 - 39 - 40 - 47 + 4 - 8
1733;1733;2024-04-30;2024;13;22;24;33;47;1;5;13 - 22 - 24 - 33 - 47 + 1 - 5
1734;1734;2024-05-03;2024;6;9;10;30;49;3;4;6 - 9 - 10 - 30 - 49 + 3 - 4
1735;1735;2024-05-07;2024;35;36;41;42;45;6;11;35 - 36 - 41 - 42 - 45 + 6 - 11
1736;1736;2024-05-10;2024;13;28;29;44;48;4;12;13 - 28 - 29 - 44 - 48 + 4 - 12
1737;1737;2024-05-14;2024;2;8;17;28;35;7;9;2 - 8 - 17 - 28 - 35 + 7 - 9
1738;1738;2024-05-17;2024;18;31;32;41;46;1;10;18 - 31 - 32 - 41 - 46 + 1 - 10
1739;1739;2024-05-21;2024;11;13;14;34;48;7;9;11 - 13 - 14 - 34 - 48 + 7 - 9
1740;1740;2024-05-24;2024;9;12;18;22;50;1;3;9 - 12 - 18 - 22 - 50 + 1 - 3
1741;1741;2024-05-28;2024;16;18;35;36;41;6;7;16 - 18 - 35 - 36 - 41 + 6 - 7
1742;1742;2024-05-31;2024;4;7;16;33;34;7;8;4 - 7 - 16 - 33 - 34 + 7 - 8
1743;1743;2024-06-04;2024;6;7;9;14;43;3;4;6 - 7 - 9 - 14 - 43 + 3 - 4
1744;1744;2024-06-07;2024;15;16;26;30;37;5;8;15 - 16 - 26 - 30 - 37 + 5 - 8
1745;1745;2024-06-11;2024;7;15;34;45;48;7;9;7 - 15 - 34 - 45 - 48 + 7 - 9
1746;1746;2024-06-14;2024;2;13;16;24;32;1;7;2 - 13 - 16 - 24 - 32 + 1 - 7
1747;1747;2024-06-18;2024;3;11;33;34;36;1;12;3 - 11 - 33 - 34 - 36 + 1 - 12
1748;1748;2024-06-21;2024;3;4;7;11;17;3;12;3 - 4 - 7 - 11 - 17 + 3 - 12
1749;1749;2024-06-25;2024;14;16;37;45;49;5;7;14 - 16 - 37 - 45 - 49 + 5 - 7
1750;1750;2024-06-28;2024;10;16;18;22;35;1;10;10 - 16 - 18 - 22 - 35 + 1 - 10
1751;1751;2024-07-02;2024;2;7;34;35;46;6;8;2 - 7 - 34 - 35 - 46 + 6 - 8
1752;1752;2024-07-05;2024;11;13;29;31;47;1;11;11 - 13 - 29 - 31 - 47 + 1 - 11
1753;1753;2024-07-09;2024;6;15;19;28;39;7;11;6 - 15 - 19 - 28 - 39 + 7 - 11
1754;1754;2024-07-12;2024;12;18;24;25;39;8;10;12 - 18 - 24 - 25 - 39 + 8 - 10
1755;1755;2024-07-16;2024;2;32;35;36;39;7;8;2 - 32 - 35 - 36 - 39 + 7 - 8
1756;1756;2024-07-19;2024;15;22;35;44;48;6;7;15 - 22 - 35 - 44 - 48 + 6 - 7
1757;1757;2024-07-23;2024;4;8;10;16;34;4;8;4 - 8 - 10 - 16 - 34 + 4 - 8
1758;1758;2024-07-26;2024;4;19;23;35;37;4;8;4 - 19 - 23 - 35 - 37 + 4 - 8
1759;1759;2024-07-30;2024;9;25;28;37;38;2;8;9 - 25 - 28 - 37 - 38 + 2 - 8
1760;1760;2024-08-02;2024;5;7;12;33;46;3;12;5 - 7 - 12 - 33 - 46 + 3 - 12
1761;1761;2024-08-06;2024;1;18;27;41;50;2;12;1 - 18 - 27 - 41 - 50 + 2 - 12
1762;1762;2024-08-09;2024;21;23;25;33;44;4;10;21 - 23 - 25 - 33 - 44 + 4 - 10
1763;1763;2024-08-13;2024;15;16;39;40;47;1;6;15 - 16 - 39 - 40 - 47 + 1 - 6
1764;1764;2024-08-16;2024;15;17;29;45;49;1;10;15 - 17 - 29 - 45 - 49 + 1 - 10
1765;1765;2024-08-20;2024;7;10;13;18;26;3;12;7 - 10 - 13 - 18 - 26 + 3 - 12
1766;1766;2024-08-23;2024;9;15;24;47;50;8;9;9 - 15 - 24 - 47 - 50 + 8 - 9
1767;1767;2024-08-27;2024;1;8;11;42;47;4;11;1 - 8 - 11 - 42 - 47 + 4 - 11
1768;1768;2024-08-30;2024;3;24;27;33;42;4;6;3 - 24 - 27 - 33 - 42 + 4 - 6
1769;1769;2024-09-03;2024;7;9;11;16;45;2;5;7 - 9 - 11 - 16 - 45 + 2 - 5
1770;1770;2024-09-06;2024;12;14;34;41;47;3;4;12 - 14 - 34 - 41 - 47 + 3 - 4
1771;1771;2024-09-10;2024;6;29;46;47;48;2;9;6 - 29 - 46 - 47 - 48 + 2 - 9
1772;1772;2024-09-13;2024;10;15;17;31;42;4;12;10 - 15 - 17 - 31 - 42 + 4 - 12
1773;1773;2024-09-17;2024;20;30;32;41;44;1;10;20 - 30 - 32 - 41 - 44 + 1 - 10
1774;1774;2024-09-20;2024;16;25;29;34;37;3;7;16 - 25 - 29 - 34 - 37 + 3 - 7
1775;1775;2024-09-24;2024;18;20;21;36;49;3;5;18 - 20 - 21 - 36 - 49 + 3 - 5
1776;1776;2024-09-27;2024;7;20;21;27;38;5;12;7 - 20 - 21 - 27 - 38 + 5 - 12
1777;1777;2024-10-01;2024;8;22;29;41;42;9;11;8 - 22 - 29 - 41 - 42 + 9 - 11
1778;1778;2024-10-04;2024;4;8;16;17;20;1;6;4 - 8 - 16 - 17 - 20 + 1 - 6
1779;1779;2024-10-08;2024;7;14;19;34;40;6;8;7 - 14 - 19 - 34 - 40 + 6 - 8
1780;1780;2024-10-11;2024;16;23;32;46;49;4;5;16 - 23 - 32 - 46 - 49 + 4 - 5
1781;1781;2024-10-15;2024;2;15;32;36;48;3;9;2 - 15 - 32 - 36 - 48 + 3 - 9
1782;1782;2024-10-18;2024;4;15;23;30;39;1;12;4 - 15 - 23 - 30 - 39 + 1 - 12
1783;1783;2024-10-22;2024;3;13;27;30;46;1;2;3 - 13 - 27 - 30 - 46 + 1 - 2
1784;1784;2024-10-25;2024;4;17;20;25;45;8;9;4 - 17 - 20 - 25 - 45 + 8 - 9
1785;1785;2024-10-29;2024;1;2;19;30;45;10;12;1 - 2 - 19 - 30 - 45 + 10 - 12
1786;1786;2024-11-01;2024;7;33;38;44;50;2;7;7 - 33 - 38 - 44 - 50 + 2 - 7
1787;1787;2024-11-05;2024;1;8;19;37;50;6;9;1 - 8 - 19 - 37 - 50 + 6 - 9
1788;1788;2024-11-08;2024;2;33;35;42;48;1;3;2 - 33 - 35 - 42 - 48 + 1 - 3
1789;1789;2024-11-12;2024;10;11;12;22;50;1;10;10 - 11 - 12 - 22 - 50 + 1 - 10
1790;1790;2024-11-15;2024;7;8;34;39;44;2;6;7 - 8 - 34 - 39 - 44 + 2 - 6
1791;1791;2024-11-19;2024;4;13;20;28;49;7;12;4 - 13 - 20 - 28 - 49 + 7 - 12
1792;1792;2024-11-22;2024;10;11;12;29;31;8;11;10 - 11 - 12 - 29 - 31 + 8 - 11
1793;1793;2024-11-26;2024;7;11;25;31;40;9;12;7 - 11 - 25 - 31 - 40 + 9 - 12
1794;1794;2024-11-29;2024;8;17;18;29;43;5;9;8 - 17 - 18 - 29 - 43 + 5 - 9
1795;1795;2024-12-03;2024;23;25;34;46;47;6;8;23 - 25 - 34 - 46 - 47 + 6 - 8
1796;1796;2024-12-06;2024;14;25;39;44;47;6;10;14 - 25 - 39 - 44 - 47 + 6 - 10
1797;1797;2024-12-10;2024;5;24;25;29;47;5;9;5 - 24 - 25 - 29 - 47 + 5 - 9
1798;1798;2024-12-13;2024;1;15;25;42;50;4;10;1 - 15 - 25 - 42 - 50 + 4 - 10
1799;1799;2024-12-17;2024;1;3;4;21;29;2;7;1 - 3 - 4 - 21 - 29 + 2 - 7
1800;1800;2024-12-20;2024;10;14;21;33;50;6;9;10 - 14 - 21 - 33 - 50 + 6 - 9
1801;1801;2024-12-24;2024;6;10;16;23;24;11;12;6 - 10 - 16 - 23 - 24 + 11 - 12
1802;1802;2024-12-27;2024;12;22;27;33;45;4;8;12 - 22 - 27 - 33 - 45 + 4 - 8
1803;1803;2024-12-31;2024;19;24;26;28;33;8;12;19 - 24 - 26 - 28 - 33 + 8 - 12
1804;1804;2025-01-03;2025;3;19;29;35;37;1;9;3 - 19 - 29 - 35 - 37 + 1 - 9
1805;1805;2025-01-07;2025;20;33;35;41;47;4;12;20 - 33 - 35 - 41 - 47 + 4 - 12
1806;1806;2025-01-10;2025;12;27;36;37;42;6;7;12 - 27 - 36 - 37 - 42 + 6 - 7
1807;1807;2025-01-14;2025;18;20;29;41;48;5;9;18 - 20 - 29 - 41 - 48 + 5 - 9
1808;1808;2025-01-17;2025;8;15;24;35;42;6;8;8 - 15 - 24 - 35 - 42 + 6 - 8
1809;1809;2025-01-21;2025;6;8;14;27;41;4;5;6 - 8 - 14 - 27 - 41 + 4 - 5
1810;1810;2025-01-24;2025;2;11;19;30;49;3;8;2 - 11 - 19 - 30 - 49 + 3 - 8
1811;1811;2025-01-28;2025;9;37;41;42;49;1;9;9 - 37 - 41 - 42 - 49 + 1 - 9
1812;1812;2025-01-31;2025;22;30;41;44;49;2;7;22 - 30 - 41 - 44 - 49 + 2 - 7
1813;1813;2025-02-04;2025;3;4;29;39;43;5;10;3 - 4 - 29 - 39 - 43 + 5 - 10
1814;1814;2025-02-07;2025;10;23;24;29;45;8;10;10 - 23 - 24 - 29 - 45 + 8 - 10
1815;1815;2025-02-11;2025;3;21;36;41;46;1;6;3 - 21 - 36 - 41 - 46 + 1 - 6
1816;1816;2025-02-14;2025;4;14;31;36;38;3;10;4 - 14 - 31 - 36 - 38 + 3 - 10
1817;1817;2025-02-18;2025;5;14;25;26;40;5;7;5 - 14 - 25 - 26 - 40 + 5 - 7
1818;1818;2025-02-21;2025;1;3;11;20;43;2;11;1 - 3 - 11 - 20 - 43 + 2 - 11
1819;1819;2025-02-25;2025;17;22;23;24;44;6;11;17 - 22 - 23 - 24 - 44 + 6 - 11
1820;1820;2025-02-28;2025;7;16;31;43;46;5;9;7 - 16 - 31 - 43 - 46 + 5 - 9
1821;1821;2025-03-04;2025;15;20;29;35;42;2;9;15 - 20 - 29 - 35 - 42 + 2 - 9
1822;1822;2025-03-07;2025;6;10;27;32;48;3;8;6 - 10 - 27 - 32 - 48 + 3 - 8
1823;1823;2025-03-11;2025;13;36;37;42;47;7;11;13 - 36 - 37 - 42 - 47 + 7 - 11
1824;1824;2025-03-14;2025;8;10;33;35;49;2;9;8 - 10 - 33 - 35 - 49 + 2 - 9
1825;1825;2025-03-18;2025;4;9;35;46;50;8;11;4 - 9 - 35 - 46 - 50 + 8 - 11
1826;1826;2025-03-21;2025;9;17;18;21;50;5;12;9 - 17 - 18 - 21 - 50 + 5 - 12
1827;1827;2025-03-25;2025;1;3;18;33;36;2;6;1 - 3 - 18 - 33 - 36 + 2 - 6
1828;1828;2025-03-28;2025;10;21;30;42;45;1;9;10 - 21 - 30 - 42 - 45 + 1 - 9
1829;1829;2025-04-01;2025;9;24;30;46;49;4;12;9 - 24 - 30 - 46 - 49 + 4 - 12
1830;1830;2025-04-04;2025;27;39;41;45;50;5;7;27 - 39 - 41 - 45 - 50 + 5 - 7
1831;1831;2025-04-08;2025;3;14;15;48;49;1;7;3 - 14 - 15 - 48 - 49 + 1 - 7
1832;1832;2025-04-11;2025;14;28;34;46;49;3;8;14 - 28 - 34 - 46 - 49 + 3 - 8
1833;1833;2025-04-15;2025;3;31;33;38;44;6;12;3 - 31 - 33 - 38 - 44 + 6 - 12
1834;1834;2025-04-18;2025;20;27;35;39;48;3;8;20 - 27 - 35 - 39 - 48 + 3 - 8
1835;1835;2025-04-22;2025;7;28;33;37;47;9;12;7 - 28 - 33 - 37 - 47 + 9 - 12
1836;1836;2025-04-25;2025;13;22;32;39;41;1;12;13 - 22 - 32 - 39 - 41 + 1 - 12
1837;1837;2025-04-29;2025;2;9;24;30;41;1;11;2 - 9 - 24 - 30 - 41 + 1 - 11
1838;1838;2025-05-02;2025;3;5;19;21;49;1;10;3 - 5 - 19 - 21 - 49 + 1 - 10
1839;1839;2025-05-06;2025;8;23;24;47;48;4;9;8 - 23 - 24 - 47 - 48 + 4 - 9
1840;1840;2025-05-09;2025;15;18;25;29;47;5;9;15 - 18 - 25 - 29 - 47 + 5 - 9
1841;1841;2025-05-13;2025;9;19;44;47;50;2;9;9 - 19 - 44 - 47 - 50 + 2 - 9
1842;1842;2025-05-16;2025;6;9;25;37;46;6;12;6 - 9 - 25 - 37 - 46 + 6 - 12
1843;1843;2025-05-20;2025;1;8;13;29;47;5;6;1 - 8 - 13 - 29 - 47 + 5 - 6
1844;1844;2025-05-23;2025;10;29;43;46;49;7;12;10 - 29 - 43 - 46 - 49 + 7 - 12
1845;1845;2025-05-27;2025;12;30;38;40;41;4;12;12 - 30 - 38 - 40 - 41 + 4 - 12
1846;1846;2025-05-30;2025;4;7;14;33;36;1;5;4 - 7 - 14 - 33 - 36 + 1 - 5
1847;1847;2025-06-03;2025;12;15;38;47;48;5;7;12 - 15 - 38 - 47 - 48 + 5 - 7
1848;1848;2025-06-06;2025;20;21;29;30;35;2;12;20 - 21 - 29 - 30 - 35 + 2 - 12
1849;1849;2025-06-10;2025;19;36;39;40;45;5;6;19 - 36 - 39 - 40 - 45 + 5 - 6
1850;1850;2025-06-13;2025;2;28;40;43;45;3;7;2 - 28 - 40 - 43 - 45 + 3 - 7
1851;1851;2025-06-17;2025;13;22;23;44;49;3;5;13 - 22 - 23 - 44 - 49 + 3 - 5
1852;1852;2025-06-20;2025;5;8;24;37;47;3;9;5 - 8 - 24 - 37 - 47 + 3 - 9
1853;1853;2025-06-24;2025;7;16;21;23;39;7;11;7 - 16 - 21 - 23 - 39 + 7 - 11
1854;1854;2025-06-27;2025;19;27;36;45;49;7;10;19 - 27 - 36 - 45 - 49 + 7 - 10
1855;1855;2025-07-01;2025;1;17;28;32;34;7;8;1 - 17 - 28 - 32 - 34 + 7 - 8
1856;1856;2025-07-04;2025;19;29;42;45;48;5;7;19 - 29 - 42 - 45 - 48 + 5 - 7
1857;1857;2025-07-08;2025;1;8;9;18;50;1;5;1 - 8 - 9 - 18 - 50 + 1 - 5
1858;1858;2025-07-11;2025;8;23;24;45;49;2;10;8 - 23 - 24 - 45 - 49 + 2 - 10
1859;1859;2025-07-15;2025;24;38;41;45;49;1;6;24 - 38 - 41 - 45 - 49 + 1 - 6
1860;1860;2025-07-18;2025;13;19;25;42;45;2;9;13 - 19 - 25 - 42 - 45 + 2 - 9
1861;1861;2025-07-22;2025;8;15;26;33;41;9;10;8 - 15 - 26 - 33 - 41 + 9 - 10
1862;1862;2025-07-25;2025;6;7;23;32;36;11;12;6 - 7 - 23 - 32 - 36 + 11 - 12
1863;1863;2025-07-29;2025;5;6;42;44;46;4;8;5 - 6 - 42 - 44 - 46 + 4 - 8
1864;1864;2025-08-01;2025;4;16;25;29;30;2;10;4 - 16 - 25 - 29 - 30 + 2 - 10
1865;1865;2025-08-05;2025;1;3;5;42;47;5;10;1 - 3 - 5 - 42 - 47 + 5 - 10
1866;1866;2025-08-08;2025;2;12;19;34;44;6;10;2 - 12 - 19 - 34 - 44 + 6 - 10
1867;1867;2025-08-12;2025;18;28;42;46;48;3;9;18 - 28 - 42 - 46 - 48 + 3 - 9
1868;1868;2025-08-15;2025;13;30;35;36;40;2;6;13 - 30 - 35 - 36 - 40 + 2 - 6
1869;1869;2025-08-19;2025;24;31;34;41;43;6;8;24 - 31 - 34 - 41 - 43 + 6 - 8
1870;1870;2025-08-22;2025;6;9;12;30;39;4;10;6 - 9 - 12 - 30 - 39 + 4 - 10
1871;1871;2025-08-26;2025;2;14;38;42;45;10;11;2 - 14 - 38 - 42 - 45 + 10 - 11
1872;1872;2025-08-29;2025;6;9;10;13;37;1;7;6 - 9 - 10 - 13 - 37 + 1 - 7
1873;1873;2025-09-02;2025;13;30;31;32;36;1;12;13 - 30 - 31 - 32 - 36 + 1 - 12
1874;1874;2025-09-05;2025;27;30;31;41;43;5;8;27 - 30 - 31 - 41 - 43 + 5 - 8
1875;1875;2025-09-09;2025;3;13;24;39;40;2;8;3 - 13 - 24 - 39 - 40 + 2 - 8
1876;1876;2025-09-12;2025;5;10;23;31;37;3;11;5 - 10 - 23 - 31 - 37 + 3 - 11
1877;1877;2025-09-16;2025;1;9;13;35;40;5;6;1 - 9 - 13 - 35 - 40 + 5 - 6
1878;1878;2025-09-19;2025;8;10;26;32;42;9;12;8 - 10 - 26 - 32 - 42 + 9 - 12
1879;1879;2025-09-23;2025;11;13;24;29;33;2;5;11 - 13 - 24 - 29 - 33 + 2 - 5
1880;1880;2025-09-26;2025;4;17;25;28;44;5;11;4 - 17 - 25 - 28 - 44 + 5 - 11
1881;1881;2025-09-30;2025;3;8;15;17;48;2;8;3 - 8 - 15 - 17 - 48 + 2 - 8
1882;1882;2025-10-03;2025;6;12;18;25;41;2;6;6 - 12 - 18 - 25 - 41 + 2 - 6
1883;1883;2025-10-07;2025;24;39;42;43;48;5;8;24 - 39 - 42 - 43 - 48 + 5 - 8
1884;1884;2025-10-10;2025;6;7;17;20;21;1;10;6 - 7 - 17 - 20 - 21 + 1 - 10
1885;1885;2025-10-14;2025;5;8;14;16;18;3;10;5 - 8 - 14 - 16 - 18 + 3 - 10
1886;1886;2025-10-17;2025;13;35;39;44;47;3;5;13 - 35 - 39 - 44 - 47 + 3 - 5
1887;1887;2025-10-21;2025;5;24;29;40;42;6;12;5 - 24 - 29 - 40 - 42 + 6 - 12
1888;1888;2025-10-24;2025;7;8;25;31;45;7;12;7 - 8 - 25 - 31 - 45 + 7 - 12
1889;1889;2025-10-28;2025;7;8;24;35;49;2;12;7 - 8 - 24 - 35 - 49 + 2 - 12
1890;1890;2025-10-31;2025;5;14;38;43;45;7;11;5 - 14 - 38 - 43 - 45 + 7 - 11
1891;1891;2025-11-04;2025;6;9;25;28;45;1;4;6 - 9 - 25 - 28 - 45 + 1 - 4
1892;1892;2025-11-07;2025;11;21;39;40;43;2;8;11 - 21 - 39 - 40 - 43 + 2 - 8
1893;1893;2025-11-11;2025;4;22;32;36;47;2;10;4 - 22 - 32 - 36 - 47 + 2 - 10
1894;1894;2025-11-14;2025;9;26;27;45;48;8;9;9 - 26 - 27 - 45 - 48 + 8 - 9
1895;1895;2025-11-18;2025;2;4;15;21;48;6;12;2 - 4 - 15 - 21 - 48 + 6 - 12
1896;1896;2025-11-21;2025;17;19;29;35;48;5;9;17 - 19 - 29 - 35 - 48 + 5 - 9
1897;1897;2025-11-25;2025;6;11;17;35;44;3;7;6 - 11 - 17 - 35 - 44 + 3 - 7
1898;1898;2025-11-28;2025;5;29;33;39;42;3;9;5 - 29 - 33 - 39 - 42 + 3 - 9
1899;1899;2025-12-02;2025;4;13;14;20;41;6;12;4 - 13 - 14 - 20 - 41 + 6 - 12
1900;1900;2025-12-05;2025;9;15;25;34;46;8;12;9 - 15 - 25 - 34 - 46 + 8 - 12
1901;1901;2025-12-09;2025;2;8;13;29;49;2;11;2 - 8 - 13 - 29 - 49 + 2 - 11
1902;1902;2025-12-12;2025;7;25;30;37;41;5;11;7 - 25 - 30 - 37 - 41 + 5 - 11
1903;1903;2025-12-16;2025;14;16;40;41;44;2;10;14 - 16 - 40 - 41 - 44 + 2 - 10
1904;1904;2025-12-19;2025;17;21;39;43;44;1;11;17 - 21 - 39 - 43 - 44 + 1 - 11
1905;1905;2025-12-23;2025;8;26;27;29;44;11;12;8 - 26 - 27 - 29 - 44 + 11 - 12
1906;1906;2025-12-26;2025;12;22;32;36;48;3;4;12 - 22 - 32 - 36 - 48 + 3 - 4
1907;1907;2025-12-30;2025;11;26;29;34;44;1;10;11 - 26 - 29 - 34 - 44 + 1 - 10
1908;1908;2026-01-02;2026;8;27;42;44;46;1;10;8 - 27 - 42 - 44 - 46 + 1 - 10
1909;1909;2026-01-06;2026;5;14;17;18;31;10;12;5 - 14 - 17 - 18 - 31 + 10 - 12
1910;1910;2026-01-09;2026;1;7;10;26;34;2;4;1 - 7 - 10 - 26 - 34 + 2 - 4
1911;1911;2026-01-13;2026;6;10;18;44;47;2;10;6 - 10 - 18 - 44 - 47 + 2 - 10
1912;1912;2026-01-16;2026;5;17;24;29;50;5;10;5 - 17 - 24 - 29 - 50 + 5 - 10
1913;1913;2026-01-20;2026;11;18;19;22;50;1;11;11 - 18 - 19 - 22 - 50 + 1 - 11
1914;1914;2026-01-23;2026;4;5;13;21;42;3;10;4 - 5 - 13 - 21 - 42 + 3 - 10
1915;1915;2026-01-27;2026;4;23;42;43;47;3;9;4 - 23 - 42 - 43 - 47 + 3 - 9
1916;1916;2026-01-30;2026;14;18;31;35;46;7;11;14 - 18 - 31 - 35 - 46 + 7 - 11
1917;1917;2026-02-03;2026;26;27;28;34;37;4;9;26 - 27 - 28 - 34 - 37 + 4 - 9
1918;1918;2026-02-06;2026;10;13;20;23;24;6;11;10 - 13 - 20 - 23 - 24 + 6 - 11
1919;1919;2026-02-10;2026;1;17;19;34;42;5;8;1 - 17 - 19 - 34 - 42 + 5 - 8
1920;1920;2026-02-13;2026;9;13;31;37;40;6;9;9 - 13 - 31 - 37 - 40 + 6 - 9
1921;1921;2026-02-17;2026;1;4;6;10;41;5;12;1 - 4 - 6 - 10 - 41 + 5 - 12
1922;1922;2026-02-20;2026;13;24;28;33;35;5;9;13 - 24 - 28 - 33 - 35 + 5 - 9
1923;1923;2026-02-24;2026;10;27;40;43;47;6;10;10 - 27 - 40 - 43 - 47 + 6 - 10
1924;1924;2026-02-27;2026;14;24;27;39;42;6;10;14 - 24 - 27 - 39 - 42 + 6 - 10
1925;1925;2026-03-03;2026;6;7;24;34;50;5;7;6 - 7 - 24 - 34 - 50 + 5 - 7
1926;1926;2026-03-06;2026;15;16;19;28;37;4;5;15 - 16 - 19 - 28 - 37 + 4 - 5
1927;1927;2026-03-10;2026;12;14;27;44;50;2;5;12 - 14 - 27 - 44 - 50 + 2 - 5
1928;1928;2026-03-13;2026;13;17;26;41;48;1;2;13 - 17 - 26 - 41 - 48 + 1 - 2
1929;1929;2026-03-17;2026;5;17;28;33;41;3;9;5 - 17 - 28 - 33 - 41 + 3 - 9
1930;1930;2026-03-20;2026;5;12;16;37;46;8;10;5 - 12 - 16 - 37 - 46 + 8 - 10
1931;1931;2026-03-24;2026;12;16;17;18;27;1;3;12 - 16 - 17 - 18 - 27 + 1 - 3
1932;3688;2026-03-27;2026;4;10;43;44;48;2;4;4 - 10 - 43 - 44 - 48 + 2 - 4
1933;3689;2026-03-31;2026;5;8;10;33;38;2;7;5 - 8 - 10 - 33 - 38 + 2 - 7
1934;3690;2026-04-03;2026;8;27;29;46;49;2;10;8 - 27 - 29 - 46 - 49 + 2 - 10
1935;3691;2026-04-07;2026;11;14;19;36;49;6;7;11 - 14 - 19 - 36 - 49 + 6 - 7
1936;3692;2026-04-10;2026;10;13;14;38;41;6;9;10 - 13 - 14 - 38 - 41 + 6 - 9
1937;3693;2026-04-14;2026;1;2;4;28;44;5;12;1 - 2 - 4 - 28 - 44 + 5 - 12
1938;3694;2026-04-17;2026;22;23;28;41;47;6;8;22 - 23 - 28 - 41 - 47 + 6 - 8
1939;3695;2026-04-21;2026;13;16;29;40;47;3;4;13 - 16 - 29 - 40 - 47 + 3 - 4
1940;3696;2026-04-24;2026;25;26;30;40;45;1;5;25 - 26 - 30 - 40 - 45 + 1 - 5
1941;3697;2026-04-28;2026;26;29;41;46;47;8;9;26 - 29 - 41 - 46 - 47 + 8 - 9
1942;3698;2026-05-01;2026;3;9;42;46;47;1;11;3 - 9 - 42 - 46 - 47 + 1 - 11
1943;3699;2026-05-05;2026;3;4;8;20;31;6;8;3 - 4 - 8 - 20 - 31 + 6 - 8
1944;3700;2026-05-08;2026;2;17;19;34;37;8;11;2 - 17 - 19 - 34 - 37 + 8 - 11
1945;3701;2026-05-12;2026;4;26;32;35;36;5;7;4 - 26 - 32 - 35 - 36 + 5 - 7
1946;3702;2026-05-15;2026;3;10;38;41;43;2;9;3 - 10 - 38 - 41 - 43 + 2 - 9
1947;3734;2026-05-19;2026;2;12;20;38;45;2;5;2 - 12 - 20 - 38 - 45 + 2 - 5
1948;3737;2026-05-22;2026;6;22;26;31;37;5;8;6 - 22 - 26 - 31 - 37 + 5 - 8
1949;3740;2026-05-26;2026;6;23;25;35;37;6;12;6 - 23 - 25 - 35 - 37 + 6 - 12
1950;3743;2026-05-29;2026;5;14;18;31;35;2;12;5 - 14 - 18 - 31 - 35 + 2 - 12
1951;3746;2026-06-02;2026;6;9;17;18;42;7;9;6 - 9 - 17 - 18 - 42 + 7 - 9
1952;3749;2026-06-05;2026;5;6;16;17;49;2;12;5 - 6 - 16 - 17 - 49 + 2 - 12
1953;3752;2026-06-09;2026;2;7;23;44;46;3;5;2 - 7 - 23 - 44 - 46 + 3 - 5
1954;3755;2026-06-12;2026;4;7;14;22;23;1;7;4 - 7 - 14 - 22 - 23 + 1 - 7
1955;6576;2026-06-16;2026;18;25;31;37;45;4;9;18 - 25 - 31 - 37 - 45 + 4 - 9
1956;6579;2026-06-19;2026;8;34;39;41;42;2;7;8 - 34 - 39 - 41 - 42 + 2 - 7
1957;6584;2026-06-23;2026;3;33;36;45;46;5;6;3 - 33 - 36 - 45 - 46 + 5 - 6
1958;6587;2026-06-26;2026;6;16;26;34;35;11;12;6 - 16 - 26 - 34 - 35 + 11 - 12
1959;6592;2026-06-30;2026;1;8;37;44;48;2;6;1 - 8 - 37 - 44 - 48 + 2 - 6
1960;6798;2026-07-03;2026;2;12;17;25;39;1;2;2 - 12 - 17 - 25 - 39 + 1 - 2
1961;6802;2026-07-07;2026;5;29;33;45;47;5;8;5 - 29 - 33 - 45 - 47 + 5 - 8
1962;6807;2026-07-10;2026;2;14;28;33;48;8;10;2 - 14 - 28 - 33 - 48 + 8 - 10
1963;6812;2026-07-14;2026;10;19;37;42;47;9;12;10 - 19 - 37 - 42 - 47 + 9 - 12
1964;6816;2026-07-17;2026;12;21;23;34;40;9;10;12 - 21 - 23 - 34 - 40 + 9 - 10
1965;6821;2026-07-21;2026;2;3;8;28;39;2;11;2 - 3 - 8 - 28 - 39 + 2 - 11
1966;6825;2026-07-24;2026;8;10;30;36;47;1;4;8 - 10 - 30 - 36 - 47 + 1 - 4
1967;6830;2026-07-28;2026;5;7;24;30;49;10;11;5 - 7 - 24 - 30 - 49 + 10 - 11
1968;6834;2026-07-31;2026;10;24;25;31;45;4;5;10 - 24 - 25 - 31 - 45 + 4 - 5
1969;6839;2026-08-04;2026;25;30;34;46;50;1;12;25 - 30 - 34 - 46 - 50 + 1 - 12
1970;6843;2026-08-07;2026;26;29;35;38;47;1;2;26 - 29 - 35 - 38 - 47 + 1 - 2
1971;6848;2026-08-11;2026;3;11;17;46;48;1;2;3 - 11 - 17 - 46 - 48 + 1 - 2
1972;6852;2026-08-14;2026;5;29;39;48;49;4;8;5 - 29 - 39 - 48 - 49 + 4 - 8
1973;6919;2026-08-18;2026;3;9;38;40;50;6;10;3 - 9 - 38 - 40 - 50 + 6 - 10
1974;6920;2026-08-21;2026;10;14;15;19;45;4;12;10 - 14 - 15 - 19 - 45 + 4 - 12
1975;6921;2026-08-25;2026;8;16;30;47;48;4;9;8 - 16 - 30 - 47 - 48 + 4 - 9
1976;6922;2026-08-28;2026;7;14;28;42;45;6;9;7 - 14 - 28 - 42 - 45 + 6 - 9
1977;6923;2026-09-01;2026;2;10;23;37;47;3;5;2 - 10 - 23 - 37 - 47 + 3 - 5
1978;6924;2026-09-04;2026;11;12;19;27;46;4;12;11 - 12 - 19 - 27 - 46 + 4 - 12
1979;6884;2026-09-08;2026;13;17;33;35;39;7;12;13 - 17 - 33 - 35 - 39 + 7 - 12
1980;7003;2026-09-11;2026;1;7;15;39;50;1;11;1 - 7 - 15 - 39 - 50 + 1 - 11
1981;7007;2026-09-15;2026;10;16;18;22;28;6;10;10 - 16 - 18 - 22 - 28 + 6 - 10
