DATA;DIA DA SEMANA;JOGOS ESPERADOS (TEORIA);JOGOS NA BD (REALIDADE);ESTADO AUDITORIA;OBSERVACOES OBRIGATORIAS
13/02/2004;SEX;EUROMILLIONS;EUROMILLIONS;TUDO PRESENTE E BEM DATADO;
14/02/2004;SAB;NENHUM;NENHUM;CALMO (Nenhum Jogo);
15/02/2004;DOM;NENHUM;NENHUM;CALMO (Nenhum Jogo);
16/02/2004;SEG;NENHUM;NENHUM;CALMO (Nenhum Jogo);
17/02/2004;TER;NENHUM;NENHUM;CALMO (Nenhum Jogo);
18/02/2004;QUA;NENHUM;NENHUM;CALMO (Nenhum Jogo);
19/02/2004;QUI;NENHUM;NENHUM;CALMO (Nenhum Jogo);
20/02/2004;SEX;EUROMILLIONS;EUROMILLIONS;TUDO PRESENTE E BEM DATADO;
21/02/2004;SAB;NENHUM;NENHUM;CALMO (Nenhum Jogo);
22/02/2004;DOM;NENHUM;NENHUM;CALMO (Nenhum Jogo);
23/02/2004;SEG;NENHUM;NENHUM;CALMO (Nenhum Jogo);
24/02/2004;TER;NENHUM;NENHUM;CALMO (Nenhum Jogo);
25/02/2004;QUA;NENHUM;NENHUM;CALMO (Nenhum Jogo);
26/02/2004;QUI;NENHUM;NENHUM;CALMO (Nenhum Jogo);
27/02/2004;SEX;EUROMILLIONS;EUROMILLIONS;TUDO PRESENTE E BEM DATADO;
28/02/2004;SAB;NENHUM;NENHUM;CALMO (Nenhum Jogo);
29/02/2004;DOM;NENHUM;NENHUM;CALMO (Nenhum Jogo);
01/03/2004;SEG;NENHUM;NENHUM;CALMO (Nenhum Jogo);
02/03/2004;TER;NENHUM;NENHUM;CALMO (Nenhum Jogo);
03/03/2004;QUA;NENHUM;NENHUM;CALMO (Nenhum Jogo);
04/03/2004;QUI;NENHUM;NENHUM;CALMO (Nenhum Jogo);
05/03/2004;SEX;EUROMILLIONS;EUROMILLIONS;TUDO PRESENTE E BEM DATADO;
06/03/2004;SAB;NENHUM;NENHUM;CALMO (Nenhum Jogo);
07/03/2004;DOM;NENHUM;NENHUM;CALMO (Nenhum Jogo);
08/03/2004;SEG;NENHUM;NENHUM;CALMO (Nenhum Jogo);
09/03/2004;TER;NENHUM;NENHUM;CALMO (Nenhum Jogo);
10/03/2004;QUA;NENHUM;NENHUM;CALMO (Nenhum Jogo);
11/03/2004;QUI;NENHUM;NENHUM;CALMO (Nenhum Jogo);
12/03/2004;SEX;EUROMILLIONS;EUROMILLIONS;TUDO PRESENTE E BEM DATADO;
13/03/2004;SAB;NENHUM;NENHUM;CALMO (Nenhum Jogo);
14/03/2004;DOM;NENHUM;NENHUM;CALMO (Nenhum Jogo);
15/03/2004;SEG;NENHUM;NENHUM;CALMO (Nenhum Jogo);
16/03/2004;TER;NENHUM;NENHUM;CALMO (Nenhum Jogo);
17/03/2004;QUA;NENHUM;NENHUM;CALMO (Nenhum Jogo);
18/03/2004;QUI;NENHUM;NENHUM;CALMO (Nenhum Jogo);
19/03/2004;SEX;EUROMILLIONS;EUROMILLIONS;TUDO PRESENTE E BEM DATADO;
20/03/2004;SAB;NENHUM;NENHUM;CALMO (Nenhum Jogo);
21/03/2004;DOM;NENHUM;NENHUM;CALMO (Nenhum Jogo);
22/03/2004;SEG;NENHUM;NENHUM;CALMO (Nenhum Jogo);
23/03/2004;TER;NENHUM;NENHUM;CALMO (Nenhum Jogo);
24/03/2004;QUA;NENHUM;NENHUM;CALMO (Nenhum Jogo);
25/03/2004;QUI;NENHUM;NENHUM;CALMO (Nenhum Jogo);
26/03/2004;SEX;EUROMILLIONS;EUROMILLIONS;TUDO PRESENTE E BEM DATADO;
27/03/2004;SAB;NENHUM;NENHUM;CALMO (Nenhum Jogo);
28/03/2004;DOM;NENHUM;NENHUM;CALMO (Nenhum Jogo);
29/03/2004;SEG;NENHUM;NENHUM;CALMO (Nenhum Jogo);
30/03/2004;TER;NENHUM;NENHUM;CALMO (Nenhum Jogo);
31/03/2004;QUA;NENHUM;NENHUM;CALMO (Nenhum Jogo);
01/04/2004;QUI;NENHUM;NENHUM;CALMO (Nenhum Jogo);
02/04/2004;SEX;EUROMILLIONS;EUROMILLIONS;TUDO PRESENTE E BEM DATADO;
03/04/2004;SAB;NENHUM;NENHUM;CALMO (Nenhum Jogo);
04/04/2004;DOM;NENHUM;NENHUM;CALMO (Nenhum Jogo);
05/04/2004;SEG;NENHUM;NENHUM;CALMO (Nenhum Jogo);
06/04/2004;TER;NENHUM;NENHUM;CALMO (Nenhum Jogo);
07/04/2004;QUA;NENHUM;NENHUM;CALMO (Nenhum Jogo);
08/04/2004;QUI;NENHUM;NENHUM;CALMO (Nenhum Jogo);
09/04/2004;SEX;EUROMILLIONS;EUROMILLIONS;TUDO PRESENTE E BEM DATADO;
10/04/2004;SAB;NENHUM;NENHUM;CALMO (Nenhum Jogo);
11/04/2004;DOM;NENHUM;NENHUM;CALMO (Nenhum Jogo);
12/04/2004;SEG;NENHUM;NENHUM;CALMO (Nenhum Jogo);
13/04/2004;TER;NENHUM;NENHUM;CALMO (Nenhum Jogo);
14/04/2004;QUA;NENHUM;NENHUM;CALMO (Nenhum Jogo);
15/04/2004;QUI;NENHUM;NENHUM;CALMO (Nenhum Jogo);
16/04/2004;SEX;EUROMILLIONS;EUROMILLIONS;TUDO PRESENTE E BEM DATADO;
17/04/2004;SAB;NENHUM;NENHUM;CALMO (Nenhum Jogo);
18/04/2004;DOM;NENHUM;NENHUM;CALMO (Nenhum Jogo);
19/04/2004;SEG;NENHUM;NENHUM;CALMO (Nenhum Jogo);
20/04/2004;TER;NENHUM;NENHUM;CALMO (Nenhum Jogo);
21/04/2004;QUA;NENHUM;NENHUM;CALMO (Nenhum Jogo);
22/04/2004;QUI;NENHUM;NENHUM;CALMO (Nenhum Jogo);
23/04/2004;SEX;EUROMILLIONS;EUROMILLIONS;TUDO PRESENTE E BEM DATADO;
24/04/2004;SAB;NENHUM;NENHUM;CALMO (Nenhum Jogo);
25/04/2004;DOM;NENHUM;NENHUM;CALMO (Nenhum Jogo);
26/04/2004;SEG;NENHUM;NENHUM;CALMO (Nenhum Jogo);
27/04/2004;TER;NENHUM;NENHUM;CALMO (Nenhum Jogo);
28/04/2004;QUA;NENHUM;NENHUM;CALMO (Nenhum Jogo);
29/04/2004;QUI;NENHUM;NENHUM;CALMO (Nenhum Jogo);
30/04/2004;SEX;EUROMILLIONS;EUROMILLIONS;TUDO PRESENTE E BEM DATADO;
01/05/2004;SAB;NENHUM;NENHUM;CALMO (Nenhum Jogo);
02/05/2004;DOM;NENHUM;NENHUM;CALMO (Nenhum Jogo);
03/05/2004;SEG;NENHUM;NENHUM;CALMO (Nenhum Jogo);
04/05/2004;TER;NENHUM;NENHUM;CALMO (Nenhum Jogo);
05/05/2004;QUA;NENHUM;NENHUM;CALMO (Nenhum Jogo);
06/05/2004;QUI;NENHUM;NENHUM;CALMO (Nenhum Jogo);
07/05/2004;SEX;EUROMILLIONS;EUROMILLIONS;TUDO PRESENTE E BEM DATADO;
08/05/2004;SAB;NENHUM;NENHUM;CALMO (Nenhum Jogo);
09/05/2004;DOM;NENHUM;NENHUM;CALMO (Nenhum Jogo);
10/05/2004;SEG;NENHUM;NENHUM;CALMO (Nenhum Jogo);
11/05/2004;TER;NENHUM;NENHUM;CALMO (Nenhum Jogo);
12/05/2004;QUA;NENHUM;NENHUM;CALMO (Nenhum Jogo);
13/05/2004;QUI;NENHUM;NENHUM;CALMO (Nenhum Jogo);
14/05/2004;SEX;EUROMILLIONS;EUROMILLIONS;TUDO PRESENTE E BEM DATADO;
15/05/2004;SAB;NENHUM;NENHUM;CALMO (Nenhum Jogo);
16/05/2004;DOM;NENHUM;NENHUM;CALMO (Nenhum Jogo);
17/05/2004;SEG;NENHUM;NENHUM;CALMO (Nenhum Jogo);
18/05/2004;TER;NENHUM;NENHUM;CALMO (Nenhum Jogo);
19/05/2004;QUA;NENHUM;NENHUM;CALMO (Nenhum Jogo);
20/05/2004;QUI;NENHUM;NENHUM;CALMO (Nenhum Jogo);
21/05/2004;SEX;EUROMILLIONS;EUROMILLIONS;TUDO PRESENTE E BEM DATADO;
22/05/2004;SAB;NENHUM;NENHUM;CALMO (Nenhum Jogo);
23/05/2004;DOM;NENHUM;NENHUM;CALMO (Nenhum Jogo);
24/05/2004;SEG;NENHUM;NENHUM;CALMO (Nenhum Jogo);
25/05/2004;TER;NENHUM;NENHUM;CALMO (Nenhum Jogo);
26/05/2004;QUA;NENHUM;NENHUM;CALMO (Nenhum Jogo);
27/05/2004;QUI;NENHUM;NENHUM;CALMO (Nenhum Jogo);
28/05/2004;SEX;EUROMILLIONS;EUROMILLIONS;TUDO PRESENTE E BEM DATADO;
29/05/2004;SAB;NENHUM;NENHUM;CALMO (Nenhum Jogo);
30/05/2004;DOM;NENHUM;NENHUM;CALMO (Nenhum Jogo);
31/05/2004;SEG;NENHUM;NENHUM;CALMO (Nenhum Jogo);
01/06/2004;TER;NENHUM;NENHUM;CALMO (Nenhum Jogo);
02/06/2004;QUA;NENHUM;NENHUM;CALMO (Nenhum Jogo);
03/06/2004;QUI;NENHUM;NENHUM;CALMO (Nenhum Jogo);
04/06/2004;SEX;EUROMILLIONS;EUROMILLIONS;TUDO PRESENTE E BEM DATADO;
05/06/2004;SAB;NENHUM;NENHUM;CALMO (Nenhum Jogo);
06/06/2004;DOM;NENHUM;NENHUM;CALMO (Nenhum Jogo);
07/06/2004;SEG;NENHUM;NENHUM;CALMO (Nenhum Jogo);
08/06/2004;TER;NENHUM;NENHUM;CALMO (Nenhum Jogo);
09/06/2004;QUA;NENHUM;NENHUM;CALMO (Nenhum Jogo);
10/06/2004;QUI;NENHUM;NENHUM;CALMO (Nenhum Jogo);
11/06/2004;SEX;EUROMILLIONS;EUROMILLIONS;TUDO PRESENTE E BEM DATADO;
12/06/2004;SAB;NENHUM;NENHUM;CALMO (Nenhum Jogo);
13/06/2004;DOM;NENHUM;NENHUM;CALMO (Nenhum Jogo);
14/06/2004;SEG;NENHUM;NENHUM;CALMO (Nenhum Jogo);
15/06/2004;TER;NENHUM;NENHUM;CALMO (Nenhum Jogo);
16/06/2004;QUA;NENHUM;NENHUM;CALMO (Nenhum Jogo);
17/06/2004;QUI;NENHUM;NENHUM;CALMO (Nenhum Jogo);
18/06/2004;SEX;EUROMILLIONS;EUROMILLIONS;TUDO PRESENTE E BEM DATADO;
19/06/2004;SAB;NENHUM;NENHUM;CALMO (Nenhum Jogo);
20/06/2004;DOM;NENHUM;NENHUM;CALMO (Nenhum Jogo);
21/06/2004;SEG;NENHUM;NENHUM;CALMO (Nenhum Jogo);
22/06/2004;TER;NENHUM;NENHUM;CALMO (Nenhum Jogo);
23/06/2004;QUA;NENHUM;NENHUM;CALMO (Nenhum Jogo);
24/06/2004;QUI;NENHUM;NENHUM;CALMO (Nenhum Jogo);
25/06/2004;SEX;EUROMILLIONS;EUROMILLIONS;TUDO PRESENTE E BEM DATADO;
26/06/2004;SAB;NENHUM;NENHUM;CALMO (Nenhum Jogo);
27/06/2004;DOM;NENHUM;NENHUM;CALMO (Nenhum Jogo);
28/06/2004;SEG;NENHUM;NENHUM;CALMO (Nenhum Jogo);
29/06/2004;TER;NENHUM;NENHUM;CALMO (Nenhum Jogo);
30/06/2004;QUA;NENHUM;NENHUM;CALMO (Nenhum Jogo);
01/07/2004;QUI;NENHUM;NENHUM;CALMO (Nenhum Jogo);
02/07/2004;SEX;EUROMILLIONS;EUROMILLIONS;TUDO PRESENTE E BEM DATADO;
03/07/2004;SAB;NENHUM;NENHUM;CALMO (Nenhum Jogo);
04/07/2004;DOM;NENHUM;NENHUM;CALMO (Nenhum Jogo);
05/07/2004;SEG;NENHUM;NENHUM;CALMO (Nenhum Jogo);
06/07/2004;TER;NENHUM;NENHUM;CALMO (Nenhum Jogo);
07/07/2004;QUA;NENHUM;NENHUM;CALMO (Nenhum Jogo);
08/07/2004;QUI;NENHUM;NENHUM;CALMO (Nenhum Jogo);
09/07/2004;SEX;EUROMILLIONS;EUROMILLIONS;TUDO PRESENTE E BEM DATADO;
10/07/2004;SAB;NENHUM;NENHUM;CALMO (Nenhum Jogo);
11/07/2004;DOM;NENHUM;NENHUM;CALMO (Nenhum Jogo);
12/07/2004;SEG;NENHUM;NENHUM;CALMO (Nenhum Jogo);
13/07/2004;TER;NENHUM;NENHUM;CALMO (Nenhum Jogo);
14/07/2004;QUA;NENHUM;NENHUM;CALMO (Nenhum Jogo);
15/07/2004;QUI;NENHUM;NENHUM;CALMO (Nenhum Jogo);
16/07/2004;SEX;EUROMILLIONS;EUROMILLIONS;TUDO PRESENTE E BEM DATADO;
17/07/2004;SAB;NENHUM;NENHUM;CALMO (Nenhum Jogo);
18/07/2004;DOM;NENHUM;NENHUM;CALMO (Nenhum Jogo);
19/07/2004;SEG;NENHUM;NENHUM;CALMO (Nenhum Jogo);
20/07/2004;TER;NENHUM;NENHUM;CALMO (Nenhum Jogo);
21/07/2004;QUA;NENHUM;NENHUM;CALMO (Nenhum Jogo);
22/07/2004;QUI;NENHUM;NENHUM;CALMO (Nenhum Jogo);
23/07/2004;SEX;EUROMILLIONS;EUROMILLIONS;TUDO PRESENTE E BEM DATADO;
24/07/2004;SAB;NENHUM;NENHUM;CALMO (Nenhum Jogo);
25/07/2004;DOM;NENHUM;NENHUM;CALMO (Nenhum Jogo);
26/07/2004;SEG;NENHUM;NENHUM;CALMO (Nenhum Jogo);
27/07/2004;TER;NENHUM;NENHUM;CALMO (Nenhum Jogo);
28/07/2004;QUA;NENHUM;NENHUM;CALMO (Nenhum Jogo);
29/07/2004;QUI;NENHUM;NENHUM;CALMO (Nenhum Jogo);
30/07/2004;SEX;EUROMILLIONS;EUROMILLIONS;TUDO PRESENTE E BEM DATADO;
31/07/2004;SAB;NENHUM;NENHUM;CALMO (Nenhum Jogo);
01/08/2004;DOM;NENHUM;NENHUM;CALMO (Nenhum Jogo);
02/08/2004;SEG;NENHUM;NENHUM;CALMO (Nenhum Jogo);
03/08/2004;TER;NENHUM;NENHUM;CALMO (Nenhum Jogo);
04/08/2004;QUA;NENHUM;NENHUM;CALMO (Nenhum Jogo);
05/08/2004;QUI;NENHUM;NENHUM;CALMO (Nenhum Jogo);
06/08/2004;SEX;EUROMILLIONS;EUROMILLIONS;TUDO PRESENTE E BEM DATADO;
07/08/2004;SAB;NENHUM;NENHUM;CALMO (Nenhum Jogo);
08/08/2004;DOM;NENHUM;NENHUM;CALMO (Nenhum Jogo);
09/08/2004;SEG;NENHUM;NENHUM;CALMO (Nenhum Jogo);
10/08/2004;TER;NENHUM;NENHUM;CALMO (Nenhum Jogo);
11/08/2004;QUA;NENHUM;NENHUM;CALMO (Nenhum Jogo);
12/08/2004;QUI;NENHUM;NENHUM;CALMO (Nenhum Jogo);
13/08/2004;SEX;EUROMILLIONS;EUROMILLIONS;TUDO PRESENTE E BEM DATADO;
14/08/2004;SAB;NENHUM;NENHUM;CALMO (Nenhum Jogo);
15/08/2004;DOM;NENHUM;NENHUM;CALMO (Nenhum Jogo);
16/08/2004;SEG;NENHUM;NENHUM;CALMO (Nenhum Jogo);
17/08/2004;TER;NENHUM;NENHUM;CALMO (Nenhum Jogo);
18/08/2004;QUA;NENHUM;NENHUM;CALMO (Nenhum Jogo);
19/08/2004;QUI;NENHUM;NENHUM;CALMO (Nenhum Jogo);
20/08/2004;SEX;EUROMILLIONS;EUROMILLIONS;TUDO PRESENTE E BEM DATADO;
21/08/2004;SAB;NENHUM;NENHUM;CALMO (Nenhum Jogo);
22/08/2004;DOM;NENHUM;NENHUM;CALMO (Nenhum Jogo);
23/08/2004;SEG;NENHUM;NENHUM;CALMO (Nenhum Jogo);
24/08/2004;TER;NENHUM;NENHUM;CALMO (Nenhum Jogo);
25/08/2004;QUA;NENHUM;NENHUM;CALMO (Nenhum Jogo);
26/08/2004;QUI;NENHUM;NENHUM;CALMO (Nenhum Jogo);
27/08/2004;SEX;EUROMILLIONS;EUROMILLIONS;TUDO PRESENTE E BEM DATADO;
28/08/2004;SAB;NENHUM;NENHUM;CALMO (Nenhum Jogo);
29/08/2004;DOM;NENHUM;NENHUM;CALMO (Nenhum Jogo);
30/08/2004;SEG;NENHUM;NENHUM;CALMO (Nenhum Jogo);
31/08/2004;TER;NENHUM;NENHUM;CALMO (Nenhum Jogo);
01/09/2004;QUA;NENHUM;NENHUM;CALMO (Nenhum Jogo);
02/09/2004;QUI;NENHUM;NENHUM;CALMO (Nenhum Jogo);
03/09/2004;SEX;EUROMILLIONS;EUROMILLIONS;TUDO PRESENTE E BEM DATADO;
04/09/2004;SAB;NENHUM;NENHUM;CALMO (Nenhum Jogo);
05/09/2004;DOM;NENHUM;NENHUM;CALMO (Nenhum Jogo);
06/09/2004;SEG;NENHUM;NENHUM;CALMO (Nenhum Jogo);
07/09/2004;TER;NENHUM;NENHUM;CALMO (Nenhum Jogo);
08/09/2004;QUA;NENHUM;NENHUM;CALMO (Nenhum Jogo);
09/09/2004;QUI;NENHUM;NENHUM;CALMO (Nenhum Jogo);
10/09/2004;SEX;EUROMILLIONS;EUROMILLIONS;TUDO PRESENTE E BEM DATADO;
11/09/2004;SAB;NENHUM;NENHUM;CALMO (Nenhum Jogo);
12/09/2004;DOM;NENHUM;NENHUM;CALMO (Nenhum Jogo);
13/09/2004;SEG;NENHUM;NENHUM;CALMO (Nenhum Jogo);
14/09/2004;TER;NENHUM;NENHUM;CALMO (Nenhum Jogo);
15/09/2004;QUA;NENHUM;NENHUM;CALMO (Nenhum Jogo);
16/09/2004;QUI;NENHUM;NENHUM;CALMO (Nenhum Jogo);
17/09/2004;SEX;EUROMILLIONS;EUROMILLIONS;TUDO PRESENTE E BEM DATADO;
18/09/2004;SAB;NENHUM;NENHUM;CALMO (Nenhum Jogo);
19/09/2004;DOM;NENHUM;NENHUM;CALMO (Nenhum Jogo);
20/09/2004;SEG;NENHUM;NENHUM;CALMO (Nenhum Jogo);
21/09/2004;TER;NENHUM;NENHUM;CALMO (Nenhum Jogo);
22/09/2004;QUA;NENHUM;NENHUM;CALMO (Nenhum Jogo);
23/09/2004;QUI;NENHUM;NENHUM;CALMO (Nenhum Jogo);
24/09/2004;SEX;EUROMILLIONS;EUROMILLIONS;TUDO PRESENTE E BEM DATADO;
25/09/2004;SAB;NENHUM;NENHUM;CALMO (Nenhum Jogo);
26/09/2004;DOM;NENHUM;NENHUM;CALMO (Nenhum Jogo);
27/09/2004;SEG;NENHUM;NENHUM;CALMO (Nenhum Jogo);
28/09/2004;TER;NENHUM;NENHUM;CALMO (Nenhum Jogo);
29/09/2004;QUA;NENHUM;NENHUM;CALMO (Nenhum Jogo);
30/09/2004;QUI;NENHUM;NENHUM;CALMO (Nenhum Jogo);
01/10/2004;SEX;EUROMILLIONS;EUROMILLIONS;TUDO PRESENTE E BEM DATADO;
02/10/2004;SAB;NENHUM;NENHUM;CALMO (Nenhum Jogo);
03/10/2004;DOM;NENHUM;NENHUM;CALMO (Nenhum Jogo);
04/10/2004;SEG;NENHUM;NENHUM;CALMO (Nenhum Jogo);
05/10/2004;TER;NENHUM;NENHUM;CALMO (Nenhum Jogo);
06/10/2004;QUA;NENHUM;NENHUM;CALMO (Nenhum Jogo);
07/10/2004;QUI;NENHUM;NENHUM;CALMO (Nenhum Jogo);
08/10/2004;SEX;EUROMILLIONS;EUROMILLIONS;TUDO PRESENTE E BEM DATADO;
09/10/2004;SAB;NENHUM;NENHUM;CALMO (Nenhum Jogo);
10/10/2004;DOM;NENHUM;NENHUM;CALMO (Nenhum Jogo);
11/10/2004;SEG;NENHUM;NENHUM;CALMO (Nenhum Jogo);
12/10/2004;TER;NENHUM;NENHUM;CALMO (Nenhum Jogo);
13/10/2004;QUA;NENHUM;NENHUM;CALMO (Nenhum Jogo);
14/10/2004;QUI;NENHUM;NENHUM;CALMO (Nenhum Jogo);
15/10/2004;SEX;EUROMILLIONS;EUROMILLIONS;TUDO PRESENTE E BEM DATADO;
16/10/2004;SAB;NENHUM;NENHUM;CALMO (Nenhum Jogo);
17/10/2004;DOM;NENHUM;NENHUM;CALMO (Nenhum Jogo);
18/10/2004;SEG;NENHUM;NENHUM;CALMO (Nenhum Jogo);
19/10/2004;TER;NENHUM;NENHUM;CALMO (Nenhum Jogo);
20/10/2004;QUA;NENHUM;NENHUM;CALMO (Nenhum Jogo);
21/10/2004;QUI;NENHUM;NENHUM;CALMO (Nenhum Jogo);
22/10/2004;SEX;EUROMILLIONS;EUROMILLIONS;TUDO PRESENTE E BEM DATADO;
23/10/2004;SAB;NENHUM;NENHUM;CALMO (Nenhum Jogo);
24/10/2004;DOM;NENHUM;NENHUM;CALMO (Nenhum Jogo);
25/10/2004;SEG;NENHUM;NENHUM;CALMO (Nenhum Jogo);
26/10/2004;TER;NENHUM;NENHUM;CALMO (Nenhum Jogo);
27/10/2004;QUA;NENHUM;NENHUM;CALMO (Nenhum Jogo);
28/10/2004;QUI;NENHUM;NENHUM;CALMO (Nenhum Jogo);
29/10/2004;SEX;EUROMILLIONS;EUROMILLIONS;TUDO PRESENTE E BEM DATADO;
30/10/2004;SAB;NENHUM;NENHUM;CALMO (Nenhum Jogo);
31/10/2004;DOM;NENHUM;NENHUM;CALMO (Nenhum Jogo);
01/11/2004;SEG;NENHUM;NENHUM;CALMO (Nenhum Jogo);
02/11/2004;TER;NENHUM;NENHUM;CALMO (Nenhum Jogo);
03/11/2004;QUA;NENHUM;NENHUM;CALMO (Nenhum Jogo);
04/11/2004;QUI;NENHUM;NENHUM;CALMO (Nenhum Jogo);
05/11/2004;SEX;EUROMILLIONS;EUROMILLIONS;TUDO PRESENTE E BEM DATADO;
06/11/2004;SAB;NENHUM;NENHUM;CALMO (Nenhum Jogo);
07/11/2004;DOM;NENHUM;NENHUM;CALMO (Nenhum Jogo);
08/11/2004;SEG;NENHUM;NENHUM;CALMO (Nenhum Jogo);
09/11/2004;TER;NENHUM;NENHUM;CALMO (Nenhum Jogo);
10/11/2004;QUA;NENHUM;NENHUM;CALMO (Nenhum Jogo);
11/11/2004;QUI;NENHUM;NENHUM;CALMO (Nenhum Jogo);
12/11/2004;SEX;EUROMILLIONS;EUROMILLIONS;TUDO PRESENTE E BEM DATADO;
13/11/2004;SAB;NENHUM;NENHUM;CALMO (Nenhum Jogo);
14/11/2004;DOM;NENHUM;NENHUM;CALMO (Nenhum Jogo);
15/11/2004;SEG;NENHUM;NENHUM;CALMO (Nenhum Jogo);
16/11/2004;TER;NENHUM;NENHUM;CALMO (Nenhum Jogo);
17/11/2004;QUA;NENHUM;NENHUM;CALMO (Nenhum Jogo);
18/11/2004;QUI;NENHUM;NENHUM;CALMO (Nenhum Jogo);
19/11/2004;SEX;EUROMILLIONS;EUROMILLIONS;TUDO PRESENTE E BEM DATADO;
20/11/2004;SAB;NENHUM;NENHUM;CALMO (Nenhum Jogo);
21/11/2004;DOM;NENHUM;NENHUM;CALMO (Nenhum Jogo);
22/11/2004;SEG;NENHUM;NENHUM;CALMO (Nenhum Jogo);
23/11/2004;TER;NENHUM;NENHUM;CALMO (Nenhum Jogo);
24/11/2004;QUA;NENHUM;NENHUM;CALMO (Nenhum Jogo);
25/11/2004;QUI;NENHUM;NENHUM;CALMO (Nenhum Jogo);
26/11/2004;SEX;EUROMILLIONS;EUROMILLIONS;TUDO PRESENTE E BEM DATADO;
27/11/2004;SAB;NENHUM;NENHUM;CALMO (Nenhum Jogo);
28/11/2004;DOM;NENHUM;NENHUM;CALMO (Nenhum Jogo);
29/11/2004;SEG;NENHUM;NENHUM;CALMO (Nenhum Jogo);
30/11/2004;TER;NENHUM;NENHUM;CALMO (Nenhum Jogo);
01/12/2004;QUA;NENHUM;NENHUM;CALMO (Nenhum Jogo);
02/12/2004;QUI;NENHUM;NENHUM;CALMO (Nenhum Jogo);
03/12/2004;SEX;EUROMILLIONS;EUROMILLIONS;TUDO PRESENTE E BEM DATADO;
04/12/2004;SAB;NENHUM;NENHUM;CALMO (Nenhum Jogo);
05/12/2004;DOM;NENHUM;NENHUM;CALMO (Nenhum Jogo);
06/12/2004;SEG;NENHUM;NENHUM;CALMO (Nenhum Jogo);
07/12/2004;TER;NENHUM;NENHUM;CALMO (Nenhum Jogo);
08/12/2004;QUA;NENHUM;NENHUM;CALMO (Nenhum Jogo);
09/12/2004;QUI;NENHUM;NENHUM;CALMO (Nenhum Jogo);
10/12/2004;SEX;EUROMILLIONS;EUROMILLIONS;TUDO PRESENTE E BEM DATADO;
11/12/2004;SAB;NENHUM;NENHUM;CALMO (Nenhum Jogo);
12/12/2004;DOM;NENHUM;NENHUM;CALMO (Nenhum Jogo);
13/12/2004;SEG;NENHUM;NENHUM;CALMO (Nenhum Jogo);
14/12/2004;TER;NENHUM;NENHUM;CALMO (Nenhum Jogo);
15/12/2004;QUA;NENHUM;NENHUM;CALMO (Nenhum Jogo);
16/12/2004;QUI;NENHUM;NENHUM;CALMO (Nenhum Jogo);
17/12/2004;SEX;EUROMILLIONS;EUROMILLIONS;TUDO PRESENTE E BEM DATADO;
18/12/2004;SAB;NENHUM;NENHUM;CALMO (Nenhum Jogo);
19/12/2004;DOM;NENHUM;NENHUM;CALMO (Nenhum Jogo);
20/12/2004;SEG;NENHUM;NENHUM;CALMO (Nenhum Jogo);
21/12/2004;TER;NENHUM;NENHUM;CALMO (Nenhum Jogo);
22/12/2004;QUA;NENHUM;NENHUM;CALMO (Nenhum Jogo);
23/12/2004;QUI;NENHUM;NENHUM;CALMO (Nenhum Jogo);
24/12/2004;SEX;EUROMILLIONS;EUROMILLIONS;TUDO PRESENTE E BEM DATADO;
25/12/2004;SAB;NENHUM;NENHUM;CALMO (Nenhum Jogo);
26/12/2004;DOM;NENHUM;NENHUM;CALMO (Nenhum Jogo);
27/12/2004;SEG;NENHUM;NENHUM;CALMO (Nenhum Jogo);
28/12/2004;TER;NENHUM;NENHUM;CALMO (Nenhum Jogo);
29/12/2004;QUA;NENHUM;NENHUM;CALMO (Nenhum Jogo);
30/12/2004;QUI;NENHUM;NENHUM;CALMO (Nenhum Jogo);
31/12/2004;SEX;EUROMILLIONS;EUROMILLIONS;TUDO PRESENTE E BEM DATADO;
01/01/2005;SAB;NENHUM;NENHUM;CALMO (Nenhum Jogo);
02/01/2005;DOM;NENHUM;NENHUM;CALMO (Nenhum Jogo);
03/01/2005;SEG;NENHUM;NENHUM;CALMO (Nenhum Jogo);
04/01/2005;TER;NENHUM;NENHUM;CALMO (Nenhum Jogo);
05/01/2005;QUA;NENHUM;NENHUM;CALMO (Nenhum Jogo);
06/01/2005;QUI;NENHUM;NENHUM;CALMO (Nenhum Jogo);
07/01/2005;SEX;EUROMILLIONS;EUROMILLIONS;TUDO PRESENTE E BEM DATADO;
08/01/2005;SAB;NENHUM;NENHUM;CALMO (Nenhum Jogo);
09/01/2005;DOM;NENHUM;NENHUM;CALMO (Nenhum Jogo);
10/01/2005;SEG;NENHUM;NENHUM;CALMO (Nenhum Jogo);
11/01/2005;TER;NENHUM;NENHUM;CALMO (Nenhum Jogo);
12/01/2005;QUA;NENHUM;NENHUM;CALMO (Nenhum Jogo);
13/01/2005;QUI;NENHUM;NENHUM;CALMO (Nenhum Jogo);
14/01/2005;SEX;EUROMILLIONS;EUROMILLIONS;TUDO PRESENTE E BEM DATADO;
15/01/2005;SAB;NENHUM;NENHUM;CALMO (Nenhum Jogo);
16/01/2005;DOM;NENHUM;NENHUM;CALMO (Nenhum Jogo);
17/01/2005;SEG;NENHUM;NENHUM;CALMO (Nenhum Jogo);
18/01/2005;TER;NENHUM;NENHUM;CALMO (Nenhum Jogo);
19/01/2005;QUA;NENHUM;NENHUM;CALMO (Nenhum Jogo);
20/01/2005;QUI;NENHUM;NENHUM;CALMO (Nenhum Jogo);
21/01/2005;SEX;EUROMILLIONS;EUROMILLIONS;TUDO PRESENTE E BEM DATADO;
22/01/2005;SAB;NENHUM;NENHUM;CALMO (Nenhum Jogo);
23/01/2005;DOM;NENHUM;NENHUM;CALMO (Nenhum Jogo);
24/01/2005;SEG;NENHUM;NENHUM;CALMO (Nenhum Jogo);
25/01/2005;TER;NENHUM;NENHUM;CALMO (Nenhum Jogo);
26/01/2005;QUA;NENHUM;NENHUM;CALMO (Nenhum Jogo);
27/01/2005;QUI;NENHUM;NENHUM;CALMO (Nenhum Jogo);
28/01/2005;SEX;EUROMILLIONS;EUROMILLIONS;TUDO PRESENTE E BEM DATADO;
29/01/2005;SAB;NENHUM;NENHUM;CALMO (Nenhum Jogo);
30/01/2005;DOM;NENHUM;NENHUM;CALMO (Nenhum Jogo);
31/01/2005;SEG;NENHUM;NENHUM;CALMO (Nenhum Jogo);
01/02/2005;TER;NENHUM;NENHUM;CALMO (Nenhum Jogo);
02/02/2005;QUA;NENHUM;NENHUM;CALMO (Nenhum Jogo);
03/02/2005;QUI;NENHUM;NENHUM;CALMO (Nenhum Jogo);
04/02/2005;SEX;EUROMILLIONS;EUROMILLIONS;TUDO PRESENTE E BEM DATADO;
05/02/2005;SAB;NENHUM;NENHUM;CALMO (Nenhum Jogo);
06/02/2005;DOM;NENHUM;NENHUM;CALMO (Nenhum Jogo);
07/02/2005;SEG;NENHUM;NENHUM;CALMO (Nenhum Jogo);
08/02/2005;TER;NENHUM;NENHUM;CALMO (Nenhum Jogo);
09/02/2005;QUA;NENHUM;NENHUM;CALMO (Nenhum Jogo);
10/02/2005;QUI;NENHUM;NENHUM;CALMO (Nenhum Jogo);
11/02/2005;SEX;EUROMILLIONS;EUROMILLIONS;TUDO PRESENTE E BEM DATADO;
12/02/2005;SAB;NENHUM;NENHUM;CALMO (Nenhum Jogo);
13/02/2005;DOM;NENHUM;NENHUM;CALMO (Nenhum Jogo);
14/02/2005;SEG;NENHUM;NENHUM;CALMO (Nenhum Jogo);
15/02/2005;TER;NENHUM;NENHUM;CALMO (Nenhum Jogo);
16/02/2005;QUA;NENHUM;NENHUM;CALMO (Nenhum Jogo);
17/02/2005;QUI;NENHUM;NENHUM;CALMO (Nenhum Jogo);
18/02/2005;SEX;EUROMILLIONS;EUROMILLIONS;TUDO PRESENTE E BEM DATADO;
19/02/2005;SAB;NENHUM;NENHUM;CALMO (Nenhum Jogo);
20/02/2005;DOM;NENHUM;NENHUM;CALMO (Nenhum Jogo);
21/02/2005;SEG;NENHUM;NENHUM;CALMO (Nenhum Jogo);
22/02/2005;TER;NENHUM;NENHUM;CALMO (Nenhum Jogo);
23/02/2005;QUA;NENHUM;NENHUM;CALMO (Nenhum Jogo);
24/02/2005;QUI;NENHUM;NENHUM;CALMO (Nenhum Jogo);
25/02/2005;SEX;EUROMILLIONS;EUROMILLIONS;TUDO PRESENTE E BEM DATADO;
26/02/2005;SAB;NENHUM;NENHUM;CALMO (Nenhum Jogo);
27/02/2005;DOM;NENHUM;NENHUM;CALMO (Nenhum Jogo);
28/02/2005;SEG;NENHUM;NENHUM;CALMO (Nenhum Jogo);
01/03/2005;TER;NENHUM;NENHUM;CALMO (Nenhum Jogo);
02/03/2005;QUA;NENHUM;NENHUM;CALMO (Nenhum Jogo);
03/03/2005;QUI;NENHUM;NENHUM;CALMO (Nenhum Jogo);
04/03/2005;SEX;EUROMILLIONS;EUROMILLIONS;TUDO PRESENTE E BEM DATADO;
05/03/2005;SAB;NENHUM;NENHUM;CALMO (Nenhum Jogo);
06/03/2005;DOM;NENHUM;NENHUM;CALMO (Nenhum Jogo);
07/03/2005;SEG;NENHUM;NENHUM;CALMO (Nenhum Jogo);
08/03/2005;TER;NENHUM;NENHUM;CALMO (Nenhum Jogo);
09/03/2005;QUA;NENHUM;NENHUM;CALMO (Nenhum Jogo);
10/03/2005;QUI;NENHUM;NENHUM;CALMO (Nenhum Jogo);
11/03/2005;SEX;EUROMILLIONS;EUROMILLIONS;TUDO PRESENTE E BEM DATADO;
12/03/2005;SAB;NENHUM;NENHUM;CALMO (Nenhum Jogo);
13/03/2005;DOM;NENHUM;NENHUM;CALMO (Nenhum Jogo);
14/03/2005;SEG;NENHUM;NENHUM;CALMO (Nenhum Jogo);
15/03/2005;TER;NENHUM;NENHUM;CALMO (Nenhum Jogo);
16/03/2005;QUA;NENHUM;NENHUM;CALMO (Nenhum Jogo);
17/03/2005;QUI;NENHUM;NENHUM;CALMO (Nenhum Jogo);
18/03/2005;SEX;EUROMILLIONS;EUROMILLIONS;TUDO PRESENTE E BEM DATADO;
19/03/2005;SAB;NENHUM;NENHUM;CALMO (Nenhum Jogo);
20/03/2005;DOM;NENHUM;NENHUM;CALMO (Nenhum Jogo);
21/03/2005;SEG;NENHUM;NENHUM;CALMO (Nenhum Jogo);
22/03/2005;TER;NENHUM;NENHUM;CALMO (Nenhum Jogo);
23/03/2005;QUA;NENHUM;NENHUM;CALMO (Nenhum Jogo);
24/03/2005;QUI;NENHUM;NENHUM;CALMO (Nenhum Jogo);
25/03/2005;SEX;EUROMILLIONS;EUROMILLIONS;TUDO PRESENTE E BEM DATADO;
26/03/2005;SAB;NENHUM;NENHUM;CALMO (Nenhum Jogo);
27/03/2005;DOM;NENHUM;NENHUM;CALMO (Nenhum Jogo);
28/03/2005;SEG;NENHUM;NENHUM;CALMO (Nenhum Jogo);
29/03/2005;TER;NENHUM;NENHUM;CALMO (Nenhum Jogo);
30/03/2005;QUA;NENHUM;NENHUM;CALMO (Nenhum Jogo);
31/03/2005;QUI;NENHUM;NENHUM;CALMO (Nenhum Jogo);
01/04/2005;SEX;EUROMILLIONS;EUROMILLIONS;TUDO PRESENTE E BEM DATADO;
02/04/2005;SAB;NENHUM;NENHUM;CALMO (Nenhum Jogo);
03/04/2005;DOM;NENHUM;NENHUM;CALMO (Nenhum Jogo);
04/04/2005;SEG;NENHUM;NENHUM;CALMO (Nenhum Jogo);
05/04/2005;TER;NENHUM;NENHUM;CALMO (Nenhum Jogo);
06/04/2005;QUA;NENHUM;NENHUM;CALMO (Nenhum Jogo);
07/04/2005;QUI;NENHUM;NENHUM;CALMO (Nenhum Jogo);
08/04/2005;SEX;EUROMILLIONS;EUROMILLIONS;TUDO PRESENTE E BEM DATADO;
09/04/2005;SAB;NENHUM;NENHUM;CALMO (Nenhum Jogo);
10/04/2005;DOM;NENHUM;NENHUM;CALMO (Nenhum Jogo);
11/04/2005;SEG;NENHUM;NENHUM;CALMO (Nenhum Jogo);
12/04/2005;TER;NENHUM;NENHUM;CALMO (Nenhum Jogo);
13/04/2005;QUA;NENHUM;NENHUM;CALMO (Nenhum Jogo);
14/04/2005;QUI;NENHUM;NENHUM;CALMO (Nenhum Jogo);
15/04/2005;SEX;EUROMILLIONS;EUROMILLIONS;TUDO PRESENTE E BEM DATADO;
16/04/2005;SAB;NENHUM;NENHUM;CALMO (Nenhum Jogo);
17/04/2005;DOM;NENHUM;NENHUM;CALMO (Nenhum Jogo);
18/04/2005;SEG;NENHUM;NENHUM;CALMO (Nenhum Jogo);
19/04/2005;TER;NENHUM;NENHUM;CALMO (Nenhum Jogo);
20/04/2005;QUA;NENHUM;NENHUM;CALMO (Nenhum Jogo);
21/04/2005;QUI;NENHUM;NENHUM;CALMO (Nenhum Jogo);
22/04/2005;SEX;EUROMILLIONS;EUROMILLIONS;TUDO PRESENTE E BEM DATADO;
23/04/2005;SAB;NENHUM;NENHUM;CALMO (Nenhum Jogo);
24/04/2005;DOM;NENHUM;NENHUM;CALMO (Nenhum Jogo);
25/04/2005;SEG;NENHUM;NENHUM;CALMO (Nenhum Jogo);
26/04/2005;TER;NENHUM;NENHUM;CALMO (Nenhum Jogo);
27/04/2005;QUA;NENHUM;NENHUM;CALMO (Nenhum Jogo);
28/04/2005;QUI;NENHUM;NENHUM;CALMO (Nenhum Jogo);
29/04/2005;SEX;EUROMILLIONS;EUROMILLIONS;TUDO PRESENTE E BEM DATADO;
30/04/2005;SAB;NENHUM;NENHUM;CALMO (Nenhum Jogo);
01/05/2005;DOM;NENHUM;NENHUM;CALMO (Nenhum Jogo);
02/05/2005;SEG;NENHUM;NENHUM;CALMO (Nenhum Jogo);
03/05/2005;TER;NENHUM;NENHUM;CALMO (Nenhum Jogo);
04/05/2005;QUA;NENHUM;NENHUM;CALMO (Nenhum Jogo);
05/05/2005;QUI;NENHUM;NENHUM;CALMO (Nenhum Jogo);
06/05/2005;SEX;EUROMILLIONS;EUROMILLIONS;TUDO PRESENTE E BEM DATADO;
07/05/2005;SAB;NENHUM;NENHUM;CALMO (Nenhum Jogo);
08/05/2005;DOM;NENHUM;NENHUM;CALMO (Nenhum Jogo);
09/05/2005;SEG;NENHUM;NENHUM;CALMO (Nenhum Jogo);
10/05/2005;TER;NENHUM;NENHUM;CALMO (Nenhum Jogo);
11/05/2005;QUA;NENHUM;NENHUM;CALMO (Nenhum Jogo);
12/05/2005;QUI;NENHUM;NENHUM;CALMO (Nenhum Jogo);
13/05/2005;SEX;EUROMILLIONS;EUROMILLIONS;TUDO PRESENTE E BEM DATADO;
14/05/2005;SAB;NENHUM;NENHUM;CALMO (Nenhum Jogo);
15/05/2005;DOM;NENHUM;NENHUM;CALMO (Nenhum Jogo);
16/05/2005;SEG;NENHUM;NENHUM;CALMO (Nenhum Jogo);
17/05/2005;TER;NENHUM;NENHUM;CALMO (Nenhum Jogo);
18/05/2005;QUA;NENHUM;NENHUM;CALMO (Nenhum Jogo);
19/05/2005;QUI;NENHUM;NENHUM;CALMO (Nenhum Jogo);
20/05/2005;SEX;EUROMILLIONS;EUROMILLIONS;TUDO PRESENTE E BEM DATADO;
21/05/2005;SAB;NENHUM;NENHUM;CALMO (Nenhum Jogo);
22/05/2005;DOM;NENHUM;NENHUM;CALMO (Nenhum Jogo);
23/05/2005;SEG;NENHUM;NENHUM;CALMO (Nenhum Jogo);
24/05/2005;TER;NENHUM;NENHUM;CALMO (Nenhum Jogo);
25/05/2005;QUA;NENHUM;NENHUM;CALMO (Nenhum Jogo);
26/05/2005;QUI;NENHUM;NENHUM;CALMO (Nenhum Jogo);
27/05/2005;SEX;EUROMILLIONS;EUROMILLIONS;TUDO PRESENTE E BEM DATADO;
28/05/2005;SAB;NENHUM;NENHUM;CALMO (Nenhum Jogo);
29/05/2005;DOM;NENHUM;NENHUM;CALMO (Nenhum Jogo);
30/05/2005;SEG;NENHUM;NENHUM;CALMO (Nenhum Jogo);
31/05/2005;TER;NENHUM;NENHUM;CALMO (Nenhum Jogo);
01/06/2005;QUA;NENHUM;NENHUM;CALMO (Nenhum Jogo);
02/06/2005;QUI;NENHUM;NENHUM;CALMO (Nenhum Jogo);
03/06/2005;SEX;EUROMILLIONS;EUROMILLIONS;TUDO PRESENTE E BEM DATADO;
04/06/2005;SAB;NENHUM;NENHUM;CALMO (Nenhum Jogo);
05/06/2005;DOM;NENHUM;NENHUM;CALMO (Nenhum Jogo);
06/06/2005;SEG;NENHUM;NENHUM;CALMO (Nenhum Jogo);
07/06/2005;TER;NENHUM;NENHUM;CALMO (Nenhum Jogo);
08/06/2005;QUA;NENHUM;NENHUM;CALMO (Nenhum Jogo);
09/06/2005;QUI;NENHUM;NENHUM;CALMO (Nenhum Jogo);
10/06/2005;SEX;EUROMILLIONS;EUROMILLIONS;TUDO PRESENTE E BEM DATADO;
11/06/2005;SAB;NENHUM;NENHUM;CALMO (Nenhum Jogo);
12/06/2005;DOM;NENHUM;NENHUM;CALMO (Nenhum Jogo);
13/06/2005;SEG;NENHUM;NENHUM;CALMO (Nenhum Jogo);
14/06/2005;TER;NENHUM;NENHUM;CALMO (Nenhum Jogo);
15/06/2005;QUA;NENHUM;NENHUM;CALMO (Nenhum Jogo);
16/06/2005;QUI;NENHUM;NENHUM;CALMO (Nenhum Jogo);
17/06/2005;SEX;EUROMILLIONS;EUROMILLIONS;TUDO PRESENTE E BEM DATADO;
18/06/2005;SAB;NENHUM;NENHUM;CALMO (Nenhum Jogo);
19/06/2005;DOM;NENHUM;NENHUM;CALMO (Nenhum Jogo);
20/06/2005;SEG;NENHUM;NENHUM;CALMO (Nenhum Jogo);
21/06/2005;TER;NENHUM;NENHUM;CALMO (Nenhum Jogo);
22/06/2005;QUA;NENHUM;NENHUM;CALMO (Nenhum Jogo);
23/06/2005;QUI;NENHUM;NENHUM;CALMO (Nenhum Jogo);
24/06/2005;SEX;EUROMILLIONS;EUROMILLIONS;TUDO PRESENTE E BEM DATADO;
25/06/2005;SAB;NENHUM;NENHUM;CALMO (Nenhum Jogo);
26/06/2005;DOM;NENHUM;NENHUM;CALMO (Nenhum Jogo);
27/06/2005;SEG;NENHUM;NENHUM;CALMO (Nenhum Jogo);
28/06/2005;TER;NENHUM;NENHUM;CALMO (Nenhum Jogo);
29/06/2005;QUA;NENHUM;NENHUM;CALMO (Nenhum Jogo);
30/06/2005;QUI;NENHUM;NENHUM;CALMO (Nenhum Jogo);
01/07/2005;SEX;EUROMILLIONS;EUROMILLIONS;TUDO PRESENTE E BEM DATADO;
02/07/2005;SAB;NENHUM;NENHUM;CALMO (Nenhum Jogo);
03/07/2005;DOM;NENHUM;NENHUM;CALMO (Nenhum Jogo);
04/07/2005;SEG;NENHUM;NENHUM;CALMO (Nenhum Jogo);
05/07/2005;TER;NENHUM;NENHUM;CALMO (Nenhum Jogo);
06/07/2005;QUA;NENHUM;NENHUM;CALMO (Nenhum Jogo);
07/07/2005;QUI;NENHUM;NENHUM;CALMO (Nenhum Jogo);
08/07/2005;SEX;EUROMILLIONS;EUROMILLIONS;TUDO PRESENTE E BEM DATADO;
09/07/2005;SAB;NENHUM;NENHUM;CALMO (Nenhum Jogo);
10/07/2005;DOM;NENHUM;NENHUM;CALMO (Nenhum Jogo);
11/07/2005;SEG;NENHUM;NENHUM;CALMO (Nenhum Jogo);
12/07/2005;TER;NENHUM;NENHUM;CALMO (Nenhum Jogo);
13/07/2005;QUA;NENHUM;NENHUM;CALMO (Nenhum Jogo);
14/07/2005;QUI;NENHUM;NENHUM;CALMO (Nenhum Jogo);
15/07/2005;SEX;EUROMILLIONS;EUROMILLIONS;TUDO PRESENTE E BEM DATADO;
16/07/2005;SAB;NENHUM;NENHUM;CALMO (Nenhum Jogo);
17/07/2005;DOM;NENHUM;NENHUM;CALMO (Nenhum Jogo);
18/07/2005;SEG;NENHUM;NENHUM;CALMO (Nenhum Jogo);
19/07/2005;TER;NENHUM;NENHUM;CALMO (Nenhum Jogo);
20/07/2005;QUA;NENHUM;NENHUM;CALMO (Nenhum Jogo);
21/07/2005;QUI;NENHUM;NENHUM;CALMO (Nenhum Jogo);
22/07/2005;SEX;EUROMILLIONS;EUROMILLIONS;TUDO PRESENTE E BEM DATADO;
23/07/2005;SAB;NENHUM;NENHUM;CALMO (Nenhum Jogo);
24/07/2005;DOM;NENHUM;NENHUM;CALMO (Nenhum Jogo);
25/07/2005;SEG;NENHUM;NENHUM;CALMO (Nenhum Jogo);
26/07/2005;TER;NENHUM;NENHUM;CALMO (Nenhum Jogo);
27/07/2005;QUA;NENHUM;NENHUM;CALMO (Nenhum Jogo);
28/07/2005;QUI;NENHUM;NENHUM;CALMO (Nenhum Jogo);
29/07/2005;SEX;EUROMILLIONS;EUROMILLIONS;TUDO PRESENTE E BEM DATADO;
30/07/2005;SAB;NENHUM;NENHUM;CALMO (Nenhum Jogo);
31/07/2005;DOM;NENHUM;NENHUM;CALMO (Nenhum Jogo);
01/08/2005;SEG;NENHUM;NENHUM;CALMO (Nenhum Jogo);
02/08/2005;TER;NENHUM;NENHUM;CALMO (Nenhum Jogo);
03/08/2005;QUA;NENHUM;NENHUM;CALMO (Nenhum Jogo);
04/08/2005;QUI;NENHUM;NENHUM;CALMO (Nenhum Jogo);
05/08/2005;SEX;EUROMILLIONS;EUROMILLIONS;TUDO PRESENTE E BEM DATADO;
06/08/2005;SAB;NENHUM;NENHUM;CALMO (Nenhum Jogo);
07/08/2005;DOM;NENHUM;NENHUM;CALMO (Nenhum Jogo);
08/08/2005;SEG;NENHUM;NENHUM;CALMO (Nenhum Jogo);
09/08/2005;TER;NENHUM;NENHUM;CALMO (Nenhum Jogo);
10/08/2005;QUA;NENHUM;NENHUM;CALMO (Nenhum Jogo);
11/08/2005;QUI;NENHUM;NENHUM;CALMO (Nenhum Jogo);
12/08/2005;SEX;EUROMILLIONS;EUROMILLIONS;TUDO PRESENTE E BEM DATADO;
13/08/2005;SAB;NENHUM;NENHUM;CALMO (Nenhum Jogo);
14/08/2005;DOM;NENHUM;NENHUM;CALMO (Nenhum Jogo);
15/08/2005;SEG;NENHUM;NENHUM;CALMO (Nenhum Jogo);
16/08/2005;TER;NENHUM;NENHUM;CALMO (Nenhum Jogo);
17/08/2005;QUA;NENHUM;NENHUM;CALMO (Nenhum Jogo);
18/08/2005;QUI;NENHUM;NENHUM;CALMO (Nenhum Jogo);
19/08/2005;SEX;EUROMILLIONS;EUROMILLIONS;TUDO PRESENTE E BEM DATADO;
20/08/2005;SAB;NENHUM;NENHUM;CALMO (Nenhum Jogo);
21/08/2005;DOM;NENHUM;NENHUM;CALMO (Nenhum Jogo);
22/08/2005;SEG;NENHUM;NENHUM;CALMO (Nenhum Jogo);
23/08/2005;TER;NENHUM;NENHUM;CALMO (Nenhum Jogo);
24/08/2005;QUA;NENHUM;NENHUM;CALMO (Nenhum Jogo);
25/08/2005;QUI;NENHUM;NENHUM;CALMO (Nenhum Jogo);
26/08/2005;SEX;EUROMILLIONS;EUROMILLIONS;TUDO PRESENTE E BEM DATADO;
27/08/2005;SAB;NENHUM;NENHUM;CALMO (Nenhum Jogo);
28/08/2005;DOM;NENHUM;NENHUM;CALMO (Nenhum Jogo);
29/08/2005;SEG;NENHUM;NENHUM;CALMO (Nenhum Jogo);
30/08/2005;TER;NENHUM;NENHUM;CALMO (Nenhum Jogo);
31/08/2005;QUA;NENHUM;NENHUM;CALMO (Nenhum Jogo);
01/09/2005;QUI;NENHUM;NENHUM;CALMO (Nenhum Jogo);
02/09/2005;SEX;EUROMILLIONS;EUROMILLIONS;TUDO PRESENTE E BEM DATADO;
03/09/2005;SAB;NENHUM;NENHUM;CALMO (Nenhum Jogo);
04/09/2005;DOM;NENHUM;NENHUM;CALMO (Nenhum Jogo);
05/09/2005;SEG;NENHUM;NENHUM;CALMO (Nenhum Jogo);
06/09/2005;TER;NENHUM;NENHUM;CALMO (Nenhum Jogo);
07/09/2005;QUA;NENHUM;NENHUM;CALMO (Nenhum Jogo);
08/09/2005;QUI;NENHUM;NENHUM;CALMO (Nenhum Jogo);
09/09/2005;SEX;EUROMILLIONS;EUROMILLIONS;TUDO PRESENTE E BEM DATADO;
10/09/2005;SAB;NENHUM;NENHUM;CALMO (Nenhum Jogo);
11/09/2005;DOM;NENHUM;NENHUM;CALMO (Nenhum Jogo);
12/09/2005;SEG;NENHUM;NENHUM;CALMO (Nenhum Jogo);
13/09/2005;TER;NENHUM;NENHUM;CALMO (Nenhum Jogo);
14/09/2005;QUA;NENHUM;NENHUM;CALMO (Nenhum Jogo);
15/09/2005;QUI;NENHUM;NENHUM;CALMO (Nenhum Jogo);
16/09/2005;SEX;EUROMILLIONS;EUROMILLIONS;TUDO PRESENTE E BEM DATADO;
17/09/2005;SAB;NENHUM;NENHUM;CALMO (Nenhum Jogo);
18/09/2005;DOM;NENHUM;NENHUM;CALMO (Nenhum Jogo);
19/09/2005;SEG;NENHUM;NENHUM;CALMO (Nenhum Jogo);
20/09/2005;TER;NENHUM;NENHUM;CALMO (Nenhum Jogo);
21/09/2005;QUA;NENHUM;NENHUM;CALMO (Nenhum Jogo);
22/09/2005;QUI;NENHUM;NENHUM;CALMO (Nenhum Jogo);
23/09/2005;SEX;EUROMILLIONS;EUROMILLIONS;TUDO PRESENTE E BEM DATADO;
24/09/2005;SAB;NENHUM;NENHUM;CALMO (Nenhum Jogo);
25/09/2005;DOM;NENHUM;NENHUM;CALMO (Nenhum Jogo);
26/09/2005;SEG;NENHUM;NENHUM;CALMO (Nenhum Jogo);
27/09/2005;TER;NENHUM;NENHUM;CALMO (Nenhum Jogo);
28/09/2005;QUA;NENHUM;NENHUM;CALMO (Nenhum Jogo);
29/09/2005;QUI;NENHUM;NENHUM;CALMO (Nenhum Jogo);
30/09/2005;SEX;EUROMILLIONS;EUROMILLIONS;TUDO PRESENTE E BEM DATADO;
01/10/2005;SAB;NENHUM;NENHUM;CALMO (Nenhum Jogo);
02/10/2005;DOM;NENHUM;NENHUM;CALMO (Nenhum Jogo);
03/10/2005;SEG;NENHUM;NENHUM;CALMO (Nenhum Jogo);
04/10/2005;TER;NENHUM;NENHUM;CALMO (Nenhum Jogo);
05/10/2005;QUA;NENHUM;NENHUM;CALMO (Nenhum Jogo);
06/10/2005;QUI;NENHUM;NENHUM;CALMO (Nenhum Jogo);
07/10/2005;SEX;EUROMILLIONS;EUROMILLIONS;TUDO PRESENTE E BEM DATADO;
08/10/2005;SAB;NENHUM;NENHUM;CALMO (Nenhum Jogo);
09/10/2005;DOM;NENHUM;NENHUM;CALMO (Nenhum Jogo);
10/10/2005;SEG;NENHUM;NENHUM;CALMO (Nenhum Jogo);
11/10/2005;TER;NENHUM;NENHUM;CALMO (Nenhum Jogo);
12/10/2005;QUA;NENHUM;NENHUM;CALMO (Nenhum Jogo);
13/10/2005;QUI;NENHUM;NENHUM;CALMO (Nenhum Jogo);
14/10/2005;SEX;EUROMILLIONS;EUROMILLIONS;TUDO PRESENTE E BEM DATADO;
15/10/2005;SAB;NENHUM;NENHUM;CALMO (Nenhum Jogo);
16/10/2005;DOM;NENHUM;NENHUM;CALMO (Nenhum Jogo);
17/10/2005;SEG;NENHUM;NENHUM;CALMO (Nenhum Jogo);
18/10/2005;TER;NENHUM;NENHUM;CALMO (Nenhum Jogo);
19/10/2005;QUA;NENHUM;NENHUM;CALMO (Nenhum Jogo);
20/10/2005;QUI;NENHUM;NENHUM;CALMO (Nenhum Jogo);
21/10/2005;SEX;EUROMILLIONS;EUROMILLIONS;TUDO PRESENTE E BEM DATADO;
22/10/2005;SAB;NENHUM;NENHUM;CALMO (Nenhum Jogo);
23/10/2005;DOM;NENHUM;NENHUM;CALMO (Nenhum Jogo);
24/10/2005;SEG;NENHUM;NENHUM;CALMO (Nenhum Jogo);
25/10/2005;TER;NENHUM;NENHUM;CALMO (Nenhum Jogo);
26/10/2005;QUA;NENHUM;NENHUM;CALMO (Nenhum Jogo);
27/10/2005;QUI;NENHUM;NENHUM;CALMO (Nenhum Jogo);
28/10/2005;SEX;EUROMILLIONS;EUROMILLIONS;TUDO PRESENTE E BEM DATADO;
29/10/2005;SAB;NENHUM;NENHUM;CALMO (Nenhum Jogo);
30/10/2005;DOM;NENHUM;NENHUM;CALMO (Nenhum Jogo);
31/10/2005;SEG;NENHUM;NENHUM;CALMO (Nenhum Jogo);
01/11/2005;TER;NENHUM;NENHUM;CALMO (Nenhum Jogo);
02/11/2005;QUA;NENHUM;NENHUM;CALMO (Nenhum Jogo);
03/11/2005;QUI;NENHUM;NENHUM;CALMO (Nenhum Jogo);
04/11/2005;SEX;EUROMILLIONS;EUROMILLIONS;TUDO PRESENTE E BEM DATADO;
05/11/2005;SAB;NENHUM;NENHUM;CALMO (Nenhum Jogo);
06/11/2005;DOM;NENHUM;NENHUM;CALMO (Nenhum Jogo);
07/11/2005;SEG;NENHUM;NENHUM;CALMO (Nenhum Jogo);
08/11/2005;TER;NENHUM;NENHUM;CALMO (Nenhum Jogo);
09/11/2005;QUA;NENHUM;NENHUM;CALMO (Nenhum Jogo);
10/11/2005;QUI;NENHUM;NENHUM;CALMO (Nenhum Jogo);
11/11/2005;SEX;EUROMILLIONS;EUROMILLIONS;TUDO PRESENTE E BEM DATADO;
12/11/2005;SAB;NENHUM;NENHUM;CALMO (Nenhum Jogo);
13/11/2005;DOM;NENHUM;NENHUM;CALMO (Nenhum Jogo);
14/11/2005;SEG;NENHUM;NENHUM;CALMO (Nenhum Jogo);
15/11/2005;TER;NENHUM;NENHUM;CALMO (Nenhum Jogo);
16/11/2005;QUA;NENHUM;NENHUM;CALMO (Nenhum Jogo);
17/11/2005;QUI;NENHUM;NENHUM;CALMO (Nenhum Jogo);
18/11/2005;SEX;EUROMILLIONS;EUROMILLIONS;TUDO PRESENTE E BEM DATADO;
19/11/2005;SAB;NENHUM;NENHUM;CALMO (Nenhum Jogo);
20/11/2005;DOM;NENHUM;NENHUM;CALMO (Nenhum Jogo);
21/11/2005;SEG;NENHUM;NENHUM;CALMO (Nenhum Jogo);
22/11/2005;TER;NENHUM;NENHUM;CALMO (Nenhum Jogo);
23/11/2005;QUA;NENHUM;NENHUM;CALMO (Nenhum Jogo);
24/11/2005;QUI;NENHUM;NENHUM;CALMO (Nenhum Jogo);
25/11/2005;SEX;EUROMILLIONS;EUROMILLIONS;TUDO PRESENTE E BEM DATADO;
26/11/2005;SAB;NENHUM;NENHUM;CALMO (Nenhum Jogo);
27/11/2005;DOM;NENHUM;NENHUM;CALMO (Nenhum Jogo);
28/11/2005;SEG;NENHUM;NENHUM;CALMO (Nenhum Jogo);
29/11/2005;TER;NENHUM;NENHUM;CALMO (Nenhum Jogo);
30/11/2005;QUA;NENHUM;NENHUM;CALMO (Nenhum Jogo);
01/12/2005;QUI;NENHUM;NENHUM;CALMO (Nenhum Jogo);
02/12/2005;SEX;EUROMILLIONS;EUROMILLIONS;TUDO PRESENTE E BEM DATADO;
03/12/2005;SAB;NENHUM;NENHUM;CALMO (Nenhum Jogo);
04/12/2005;DOM;NENHUM;NENHUM;CALMO (Nenhum Jogo);
05/12/2005;SEG;NENHUM;NENHUM;CALMO (Nenhum Jogo);
06/12/2005;TER;NENHUM;NENHUM;CALMO (Nenhum Jogo);
07/12/2005;QUA;NENHUM;NENHUM;CALMO (Nenhum Jogo);
08/12/2005;QUI;NENHUM;NENHUM;CALMO (Nenhum Jogo);
09/12/2005;SEX;EUROMILLIONS;EUROMILLIONS;TUDO PRESENTE E BEM DATADO;
10/12/2005;SAB;NENHUM;NENHUM;CALMO (Nenhum Jogo);
11/12/2005;DOM;NENHUM;NENHUM;CALMO (Nenhum Jogo);
12/12/2005;SEG;NENHUM;NENHUM;CALMO (Nenhum Jogo);
13/12/2005;TER;NENHUM;NENHUM;CALMO (Nenhum Jogo);
14/12/2005;QUA;NENHUM;NENHUM;CALMO (Nenhum Jogo);
15/12/2005;QUI;NENHUM;NENHUM;CALMO (Nenhum Jogo);
16/12/2005;SEX;EUROMILLIONS;EUROMILLIONS;TUDO PRESENTE E BEM DATADO;
17/12/2005;SAB;NENHUM;NENHUM;CALMO (Nenhum Jogo);
18/12/2005;DOM;NENHUM;NENHUM;CALMO (Nenhum Jogo);
19/12/2005;SEG;NENHUM;NENHUM;CALMO (Nenhum Jogo);
20/12/2005;TER;NENHUM;NENHUM;CALMO (Nenhum Jogo);
21/12/2005;QUA;NENHUM;NENHUM;CALMO (Nenhum Jogo);
22/12/2005;QUI;NENHUM;NENHUM;CALMO (Nenhum Jogo);
23/12/2005;SEX;EUROMILLIONS;EUROMILLIONS;TUDO PRESENTE E BEM DATADO;
24/12/2005;SAB;NENHUM;NENHUM;CALMO (Nenhum Jogo);
25/12/2005;DOM;NENHUM;NENHUM;CALMO (Nenhum Jogo);
26/12/2005;SEG;NENHUM;NENHUM;CALMO (Nenhum Jogo);
27/12/2005;TER;NENHUM;NENHUM;CALMO (Nenhum Jogo);
28/12/2005;QUA;NENHUM;NENHUM;CALMO (Nenhum Jogo);
29/12/2005;QUI;NENHUM;NENHUM;CALMO (Nenhum Jogo);
30/12/2005;SEX;EUROMILLIONS;EUROMILLIONS;TUDO PRESENTE E BEM DATADO;
31/12/2005;SAB;NENHUM;NENHUM;CALMO (Nenhum Jogo);
01/01/2006;DOM;NENHUM;NENHUM;CALMO (Nenhum Jogo);
02/01/2006;SEG;NENHUM;NENHUM;CALMO (Nenhum Jogo);
03/01/2006;TER;NENHUM;NENHUM;CALMO (Nenhum Jogo);
04/01/2006;QUA;NENHUM;NENHUM;CALMO (Nenhum Jogo);
05/01/2006;QUI;NENHUM;NENHUM;CALMO (Nenhum Jogo);
06/01/2006;SEX;EUROMILLIONS;EUROMILLIONS;TUDO PRESENTE E BEM DATADO;
07/01/2006;SAB;NENHUM;NENHUM;CALMO (Nenhum Jogo);
08/01/2006;DOM;NENHUM;NENHUM;CALMO (Nenhum Jogo);
09/01/2006;SEG;NENHUM;NENHUM;CALMO (Nenhum Jogo);
10/01/2006;TER;NENHUM;NENHUM;CALMO (Nenhum Jogo);
11/01/2006;QUA;NENHUM;NENHUM;CALMO (Nenhum Jogo);
12/01/2006;QUI;NENHUM;NENHUM;CALMO (Nenhum Jogo);
13/01/2006;SEX;EUROMILLIONS;EUROMILLIONS;TUDO PRESENTE E BEM DATADO;
14/01/2006;SAB;NENHUM;NENHUM;CALMO (Nenhum Jogo);
15/01/2006;DOM;NENHUM;NENHUM;CALMO (Nenhum Jogo);
16/01/2006;SEG;NENHUM;NENHUM;CALMO (Nenhum Jogo);
17/01/2006;TER;NENHUM;NENHUM;CALMO (Nenhum Jogo);
18/01/2006;QUA;NENHUM;NENHUM;CALMO (Nenhum Jogo);
19/01/2006;QUI;NENHUM;NENHUM;CALMO (Nenhum Jogo);
20/01/2006;SEX;EUROMILLIONS;EUROMILLIONS;TUDO PRESENTE E BEM DATADO;
21/01/2006;SAB;NENHUM;NENHUM;CALMO (Nenhum Jogo);
22/01/2006;DOM;NENHUM;NENHUM;CALMO (Nenhum Jogo);
23/01/2006;SEG;NENHUM;NENHUM;CALMO (Nenhum Jogo);
24/01/2006;TER;NENHUM;NENHUM;CALMO (Nenhum Jogo);
25/01/2006;QUA;NENHUM;NENHUM;CALMO (Nenhum Jogo);
26/01/2006;QUI;NENHUM;NENHUM;CALMO (Nenhum Jogo);
27/01/2006;SEX;EUROMILLIONS;EUROMILLIONS;TUDO PRESENTE E BEM DATADO;
28/01/2006;SAB;NENHUM;NENHUM;CALMO (Nenhum Jogo);
29/01/2006;DOM;NENHUM;NENHUM;CALMO (Nenhum Jogo);
30/01/2006;SEG;NENHUM;NENHUM;CALMO (Nenhum Jogo);
31/01/2006;TER;NENHUM;NENHUM;CALMO (Nenhum Jogo);
01/02/2006;QUA;NENHUM;NENHUM;CALMO (Nenhum Jogo);
02/02/2006;QUI;NENHUM;NENHUM;CALMO (Nenhum Jogo);
03/02/2006;SEX;EUROMILLIONS;EUROMILLIONS;TUDO PRESENTE E BEM DATADO;
04/02/2006;SAB;NENHUM;NENHUM;CALMO (Nenhum Jogo);
05/02/2006;DOM;NENHUM;NENHUM;CALMO (Nenhum Jogo);
06/02/2006;SEG;NENHUM;NENHUM;CALMO (Nenhum Jogo);
07/02/2006;TER;NENHUM;NENHUM;CALMO (Nenhum Jogo);
08/02/2006;QUA;NENHUM;NENHUM;CALMO (Nenhum Jogo);
09/02/2006;QUI;NENHUM;NENHUM;CALMO (Nenhum Jogo);
10/02/2006;SEX;EUROMILLIONS;EUROMILLIONS;TUDO PRESENTE E BEM DATADO;
11/02/2006;SAB;NENHUM;NENHUM;CALMO (Nenhum Jogo);
12/02/2006;DOM;NENHUM;NENHUM;CALMO (Nenhum Jogo);
13/02/2006;SEG;NENHUM;NENHUM;CALMO (Nenhum Jogo);
14/02/2006;TER;NENHUM;NENHUM;CALMO (Nenhum Jogo);
15/02/2006;QUA;NENHUM;NENHUM;CALMO (Nenhum Jogo);
16/02/2006;QUI;NENHUM;NENHUM;CALMO (Nenhum Jogo);
17/02/2006;SEX;EUROMILLIONS;EUROMILLIONS;TUDO PRESENTE E BEM DATADO;
18/02/2006;SAB;NENHUM;NENHUM;CALMO (Nenhum Jogo);
19/02/2006;DOM;NENHUM;NENHUM;CALMO (Nenhum Jogo);
20/02/2006;SEG;NENHUM;NENHUM;CALMO (Nenhum Jogo);
21/02/2006;TER;NENHUM;NENHUM;CALMO (Nenhum Jogo);
22/02/2006;QUA;NENHUM;NENHUM;CALMO (Nenhum Jogo);
23/02/2006;QUI;NENHUM;NENHUM;CALMO (Nenhum Jogo);
24/02/2006;SEX;EUROMILLIONS;EUROMILLIONS;TUDO PRESENTE E BEM DATADO;
25/02/2006;SAB;NENHUM;NENHUM;CALMO (Nenhum Jogo);
26/02/2006;DOM;NENHUM;NENHUM;CALMO (Nenhum Jogo);
27/02/2006;SEG;NENHUM;NENHUM;CALMO (Nenhum Jogo);
28/02/2006;TER;NENHUM;NENHUM;CALMO (Nenhum Jogo);
01/03/2006;QUA;NENHUM;NENHUM;CALMO (Nenhum Jogo);
02/03/2006;QUI;NENHUM;NENHUM;CALMO (Nenhum Jogo);
03/03/2006;SEX;EUROMILLIONS;EUROMILLIONS;TUDO PRESENTE E BEM DATADO;
04/03/2006;SAB;NENHUM;NENHUM;CALMO (Nenhum Jogo);
05/03/2006;DOM;NENHUM;NENHUM;CALMO (Nenhum Jogo);
06/03/2006;SEG;NENHUM;NENHUM;CALMO (Nenhum Jogo);
07/03/2006;TER;NENHUM;NENHUM;CALMO (Nenhum Jogo);
08/03/2006;QUA;NENHUM;NENHUM;CALMO (Nenhum Jogo);
09/03/2006;QUI;NENHUM;NENHUM;CALMO (Nenhum Jogo);
10/03/2006;SEX;EUROMILLIONS;EUROMILLIONS;TUDO PRESENTE E BEM DATADO;
11/03/2006;SAB;NENHUM;NENHUM;CALMO (Nenhum Jogo);
12/03/2006;DOM;NENHUM;NENHUM;CALMO (Nenhum Jogo);
13/03/2006;SEG;NENHUM;NENHUM;CALMO (Nenhum Jogo);
14/03/2006;TER;NENHUM;NENHUM;CALMO (Nenhum Jogo);
15/03/2006;QUA;NENHUM;NENHUM;CALMO (Nenhum Jogo);
16/03/2006;QUI;NENHUM;NENHUM;CALMO (Nenhum Jogo);
17/03/2006;SEX;EUROMILLIONS;EUROMILLIONS;TUDO PRESENTE E BEM DATADO;
18/03/2006;SAB;NENHUM;NENHUM;CALMO (Nenhum Jogo);
19/03/2006;DOM;NENHUM;NENHUM;CALMO (Nenhum Jogo);
20/03/2006;SEG;NENHUM;NENHUM;CALMO (Nenhum Jogo);
21/03/2006;TER;NENHUM;NENHUM;CALMO (Nenhum Jogo);
22/03/2006;QUA;NENHUM;NENHUM;CALMO (Nenhum Jogo);
23/03/2006;QUI;NENHUM;NENHUM;CALMO (Nenhum Jogo);
24/03/2006;SEX;EUROMILLIONS;EUROMILLIONS;TUDO PRESENTE E BEM DATADO;
25/03/2006;SAB;NENHUM;NENHUM;CALMO (Nenhum Jogo);
26/03/2006;DOM;NENHUM;NENHUM;CALMO (Nenhum Jogo);
27/03/2006;SEG;NENHUM;NENHUM;CALMO (Nenhum Jogo);
28/03/2006;TER;NENHUM;NENHUM;CALMO (Nenhum Jogo);
29/03/2006;QUA;NENHUM;NENHUM;CALMO (Nenhum Jogo);
30/03/2006;QUI;NENHUM;NENHUM;CALMO (Nenhum Jogo);
31/03/2006;SEX;EUROMILLIONS;EUROMILLIONS;TUDO PRESENTE E BEM DATADO;
01/04/2006;SAB;NENHUM;NENHUM;CALMO (Nenhum Jogo);
02/04/2006;DOM;NENHUM;NENHUM;CALMO (Nenhum Jogo);
03/04/2006;SEG;NENHUM;NENHUM;CALMO (Nenhum Jogo);
04/04/2006;TER;NENHUM;NENHUM;CALMO (Nenhum Jogo);
05/04/2006;QUA;NENHUM;NENHUM;CALMO (Nenhum Jogo);
06/04/2006;QUI;NENHUM;NENHUM;CALMO (Nenhum Jogo);
07/04/2006;SEX;EUROMILLIONS;EUROMILLIONS;TUDO PRESENTE E BEM DATADO;
08/04/2006;SAB;NENHUM;NENHUM;CALMO (Nenhum Jogo);
09/04/2006;DOM;NENHUM;NENHUM;CALMO (Nenhum Jogo);
10/04/2006;SEG;NENHUM;NENHUM;CALMO (Nenhum Jogo);
11/04/2006;TER;NENHUM;NENHUM;CALMO (Nenhum Jogo);
12/04/2006;QUA;NENHUM;NENHUM;CALMO (Nenhum Jogo);
13/04/2006;QUI;NENHUM;NENHUM;CALMO (Nenhum Jogo);
14/04/2006;SEX;EUROMILLIONS;EUROMILLIONS;TUDO PRESENTE E BEM DATADO;
15/04/2006;SAB;NENHUM;NENHUM;CALMO (Nenhum Jogo);
16/04/2006;DOM;NENHUM;NENHUM;CALMO (Nenhum Jogo);
17/04/2006;SEG;NENHUM;NENHUM;CALMO (Nenhum Jogo);
18/04/2006;TER;NENHUM;NENHUM;CALMO (Nenhum Jogo);
19/04/2006;QUA;NENHUM;NENHUM;CALMO (Nenhum Jogo);
20/04/2006;QUI;NENHUM;NENHUM;CALMO (Nenhum Jogo);
21/04/2006;SEX;EUROMILLIONS;EUROMILLIONS;TUDO PRESENTE E BEM DATADO;
22/04/2006;SAB;NENHUM;NENHUM;CALMO (Nenhum Jogo);
23/04/2006;DOM;NENHUM;NENHUM;CALMO (Nenhum Jogo);
24/04/2006;SEG;NENHUM;NENHUM;CALMO (Nenhum Jogo);
25/04/2006;TER;NENHUM;NENHUM;CALMO (Nenhum Jogo);
26/04/2006;QUA;NENHUM;NENHUM;CALMO (Nenhum Jogo);
27/04/2006;QUI;NENHUM;NENHUM;CALMO (Nenhum Jogo);
28/04/2006;SEX;EUROMILLIONS;EUROMILLIONS;TUDO PRESENTE E BEM DATADO;
29/04/2006;SAB;NENHUM;NENHUM;CALMO (Nenhum Jogo);
30/04/2006;DOM;NENHUM;NENHUM;CALMO (Nenhum Jogo);
01/05/2006;SEG;NENHUM;NENHUM;CALMO (Nenhum Jogo);
02/05/2006;TER;NENHUM;NENHUM;CALMO (Nenhum Jogo);
03/05/2006;QUA;NENHUM;NENHUM;CALMO (Nenhum Jogo);
04/05/2006;QUI;NENHUM;NENHUM;CALMO (Nenhum Jogo);
05/05/2006;SEX;EUROMILLIONS;EUROMILLIONS;TUDO PRESENTE E BEM DATADO;
06/05/2006;SAB;NENHUM;NENHUM;CALMO (Nenhum Jogo);
07/05/2006;DOM;NENHUM;NENHUM;CALMO (Nenhum Jogo);
08/05/2006;SEG;NENHUM;NENHUM;CALMO (Nenhum Jogo);
09/05/2006;TER;NENHUM;NENHUM;CALMO (Nenhum Jogo);
10/05/2006;QUA;NENHUM;NENHUM;CALMO (Nenhum Jogo);
11/05/2006;QUI;NENHUM;NENHUM;CALMO (Nenhum Jogo);
12/05/2006;SEX;EUROMILLIONS;EUROMILLIONS;TUDO PRESENTE E BEM DATADO;
13/05/2006;SAB;NENHUM;NENHUM;CALMO (Nenhum Jogo);
14/05/2006;DOM;NENHUM;NENHUM;CALMO (Nenhum Jogo);
15/05/2006;SEG;NENHUM;NENHUM;CALMO (Nenhum Jogo);
16/05/2006;TER;NENHUM;NENHUM;CALMO (Nenhum Jogo);
17/05/2006;QUA;NENHUM;NENHUM;CALMO (Nenhum Jogo);
18/05/2006;QUI;NENHUM;NENHUM;CALMO (Nenhum Jogo);
19/05/2006;SEX;EUROMILLIONS;EUROMILLIONS;TUDO PRESENTE E BEM DATADO;
20/05/2006;SAB;NENHUM;NENHUM;CALMO (Nenhum Jogo);
21/05/2006;DOM;NENHUM;NENHUM;CALMO (Nenhum Jogo);
22/05/2006;SEG;NENHUM;NENHUM;CALMO (Nenhum Jogo);
23/05/2006;TER;NENHUM;NENHUM;CALMO (Nenhum Jogo);
24/05/2006;QUA;NENHUM;NENHUM;CALMO (Nenhum Jogo);
25/05/2006;QUI;NENHUM;NENHUM;CALMO (Nenhum Jogo);
26/05/2006;SEX;EUROMILLIONS;EUROMILLIONS;TUDO PRESENTE E BEM DATADO;
27/05/2006;SAB;NENHUM;NENHUM;CALMO (Nenhum Jogo);
28/05/2006;DOM;NENHUM;NENHUM;CALMO (Nenhum Jogo);
29/05/2006;SEG;NENHUM;NENHUM;CALMO (Nenhum Jogo);
30/05/2006;TER;NENHUM;NENHUM;CALMO (Nenhum Jogo);
31/05/2006;QUA;NENHUM;NENHUM;CALMO (Nenhum Jogo);
01/06/2006;QUI;NENHUM;NENHUM;CALMO (Nenhum Jogo);
02/06/2006;SEX;EUROMILLIONS;EUROMILLIONS;TUDO PRESENTE E BEM DATADO;
03/06/2006;SAB;NENHUM;NENHUM;CALMO (Nenhum Jogo);
04/06/2006;DOM;NENHUM;NENHUM;CALMO (Nenhum Jogo);
05/06/2006;SEG;NENHUM;NENHUM;CALMO (Nenhum Jogo);
06/06/2006;TER;NENHUM;NENHUM;CALMO (Nenhum Jogo);
07/06/2006;QUA;NENHUM;NENHUM;CALMO (Nenhum Jogo);
08/06/2006;QUI;NENHUM;NENHUM;CALMO (Nenhum Jogo);
09/06/2006;SEX;EUROMILLIONS;EUROMILLIONS;TUDO PRESENTE E BEM DATADO;
10/06/2006;SAB;NENHUM;NENHUM;CALMO (Nenhum Jogo);
11/06/2006;DOM;NENHUM;NENHUM;CALMO (Nenhum Jogo);
12/06/2006;SEG;NENHUM;NENHUM;CALMO (Nenhum Jogo);
13/06/2006;TER;NENHUM;NENHUM;CALMO (Nenhum Jogo);
14/06/2006;QUA;NENHUM;NENHUM;CALMO (Nenhum Jogo);
15/06/2006;QUI;NENHUM;NENHUM;CALMO (Nenhum Jogo);
16/06/2006;SEX;EUROMILLIONS;EUROMILLIONS;TUDO PRESENTE E BEM DATADO;
17/06/2006;SAB;NENHUM;NENHUM;CALMO (Nenhum Jogo);
18/06/2006;DOM;NENHUM;NENHUM;CALMO (Nenhum Jogo);
19/06/2006;SEG;NENHUM;NENHUM;CALMO (Nenhum Jogo);
20/06/2006;TER;NENHUM;NENHUM;CALMO (Nenhum Jogo);
21/06/2006;QUA;NENHUM;NENHUM;CALMO (Nenhum Jogo);
22/06/2006;QUI;NENHUM;NENHUM;CALMO (Nenhum Jogo);
23/06/2006;SEX;EUROMILLIONS;EUROMILLIONS;TUDO PRESENTE E BEM DATADO;
24/06/2006;SAB;NENHUM;NENHUM;CALMO (Nenhum Jogo);
25/06/2006;DOM;NENHUM;NENHUM;CALMO (Nenhum Jogo);
26/06/2006;SEG;NENHUM;NENHUM;CALMO (Nenhum Jogo);
27/06/2006;TER;NENHUM;NENHUM;CALMO (Nenhum Jogo);
28/06/2006;QUA;NENHUM;NENHUM;CALMO (Nenhum Jogo);
29/06/2006;QUI;NENHUM;NENHUM;CALMO (Nenhum Jogo);
30/06/2006;SEX;EUROMILLIONS;EUROMILLIONS;TUDO PRESENTE E BEM DATADO;
01/07/2006;SAB;NENHUM;NENHUM;CALMO (Nenhum Jogo);
02/07/2006;DOM;NENHUM;NENHUM;CALMO (Nenhum Jogo);
03/07/2006;SEG;NENHUM;NENHUM;CALMO (Nenhum Jogo);
04/07/2006;TER;NENHUM;NENHUM;CALMO (Nenhum Jogo);
05/07/2006;QUA;NENHUM;NENHUM;CALMO (Nenhum Jogo);
06/07/2006;QUI;NENHUM;NENHUM;CALMO (Nenhum Jogo);
07/07/2006;SEX;EUROMILLIONS;EUROMILLIONS;TUDO PRESENTE E BEM DATADO;
08/07/2006;SAB;NENHUM;NENHUM;CALMO (Nenhum Jogo);
09/07/2006;DOM;NENHUM;NENHUM;CALMO (Nenhum Jogo);
10/07/2006;SEG;NENHUM;NENHUM;CALMO (Nenhum Jogo);
11/07/2006;TER;NENHUM;NENHUM;CALMO (Nenhum Jogo);
12/07/2006;QUA;NENHUM;NENHUM;CALMO (Nenhum Jogo);
13/07/2006;QUI;NENHUM;NENHUM;CALMO (Nenhum Jogo);
14/07/2006;SEX;EUROMILLIONS;EUROMILLIONS;TUDO PRESENTE E BEM DATADO;
15/07/2006;SAB;NENHUM;NENHUM;CALMO (Nenhum Jogo);
16/07/2006;DOM;NENHUM;NENHUM;CALMO (Nenhum Jogo);
17/07/2006;SEG;NENHUM;NENHUM;CALMO (Nenhum Jogo);
18/07/2006;TER;NENHUM;NENHUM;CALMO (Nenhum Jogo);
19/07/2006;QUA;NENHUM;NENHUM;CALMO (Nenhum Jogo);
20/07/2006;QUI;NENHUM;NENHUM;CALMO (Nenhum Jogo);
21/07/2006;SEX;EUROMILLIONS;EUROMILLIONS;TUDO PRESENTE E BEM DATADO;
22/07/2006;SAB;NENHUM;NENHUM;CALMO (Nenhum Jogo);
23/07/2006;DOM;NENHUM;NENHUM;CALMO (Nenhum Jogo);
24/07/2006;SEG;NENHUM;NENHUM;CALMO (Nenhum Jogo);
25/07/2006;TER;NENHUM;NENHUM;CALMO (Nenhum Jogo);
26/07/2006;QUA;NENHUM;NENHUM;CALMO (Nenhum Jogo);
27/07/2006;QUI;NENHUM;NENHUM;CALMO (Nenhum Jogo);
28/07/2006;SEX;EUROMILLIONS;EUROMILLIONS;TUDO PRESENTE E BEM DATADO;
29/07/2006;SAB;NENHUM;NENHUM;CALMO (Nenhum Jogo);
30/07/2006;DOM;NENHUM;NENHUM;CALMO (Nenhum Jogo);
31/07/2006;SEG;NENHUM;NENHUM;CALMO (Nenhum Jogo);
01/08/2006;TER;NENHUM;NENHUM;CALMO (Nenhum Jogo);
02/08/2006;QUA;NENHUM;NENHUM;CALMO (Nenhum Jogo);
03/08/2006;QUI;NENHUM;NENHUM;CALMO (Nenhum Jogo);
04/08/2006;SEX;EUROMILLIONS;EUROMILLIONS;TUDO PRESENTE E BEM DATADO;
05/08/2006;SAB;NENHUM;NENHUM;CALMO (Nenhum Jogo);
06/08/2006;DOM;NENHUM;NENHUM;CALMO (Nenhum Jogo);
07/08/2006;SEG;NENHUM;NENHUM;CALMO (Nenhum Jogo);
08/08/2006;TER;NENHUM;NENHUM;CALMO (Nenhum Jogo);
09/08/2006;QUA;NENHUM;NENHUM;CALMO (Nenhum Jogo);
10/08/2006;QUI;NENHUM;NENHUM;CALMO (Nenhum Jogo);
11/08/2006;SEX;EUROMILLIONS;EUROMILLIONS;TUDO PRESENTE E BEM DATADO;
12/08/2006;SAB;NENHUM;NENHUM;CALMO (Nenhum Jogo);
13/08/2006;DOM;NENHUM;NENHUM;CALMO (Nenhum Jogo);
14/08/2006;SEG;NENHUM;NENHUM;CALMO (Nenhum Jogo);
15/08/2006;TER;NENHUM;NENHUM;CALMO (Nenhum Jogo);
16/08/2006;QUA;NENHUM;NENHUM;CALMO (Nenhum Jogo);
17/08/2006;QUI;NENHUM;NENHUM;CALMO (Nenhum Jogo);
18/08/2006;SEX;EUROMILLIONS;EUROMILLIONS;TUDO PRESENTE E BEM DATADO;
19/08/2006;SAB;NENHUM;NENHUM;CALMO (Nenhum Jogo);
20/08/2006;DOM;NENHUM;NENHUM;CALMO (Nenhum Jogo);
21/08/2006;SEG;NENHUM;NENHUM;CALMO (Nenhum Jogo);
22/08/2006;TER;NENHUM;NENHUM;CALMO (Nenhum Jogo);
23/08/2006;QUA;NENHUM;NENHUM;CALMO (Nenhum Jogo);
24/08/2006;QUI;NENHUM;NENHUM;CALMO (Nenhum Jogo);
25/08/2006;SEX;EUROMILLIONS;EUROMILLIONS;TUDO PRESENTE E BEM DATADO;
26/08/2006;SAB;NENHUM;NENHUM;CALMO (Nenhum Jogo);
27/08/2006;DOM;NENHUM;NENHUM;CALMO (Nenhum Jogo);
28/08/2006;SEG;NENHUM;NENHUM;CALMO (Nenhum Jogo);
29/08/2006;TER;NENHUM;NENHUM;CALMO (Nenhum Jogo);
30/08/2006;QUA;NENHUM;NENHUM;CALMO (Nenhum Jogo);
31/08/2006;QUI;NENHUM;NENHUM;CALMO (Nenhum Jogo);
01/09/2006;SEX;EUROMILLIONS;EUROMILLIONS;TUDO PRESENTE E BEM DATADO;
02/09/2006;SAB;NENHUM;NENHUM;CALMO (Nenhum Jogo);
03/09/2006;DOM;NENHUM;NENHUM;CALMO (Nenhum Jogo);
04/09/2006;SEG;NENHUM;NENHUM;CALMO (Nenhum Jogo);
05/09/2006;TER;NENHUM;NENHUM;CALMO (Nenhum Jogo);
06/09/2006;QUA;NENHUM;NENHUM;CALMO (Nenhum Jogo);
07/09/2006;QUI;NENHUM;NENHUM;CALMO (Nenhum Jogo);
08/09/2006;SEX;EUROMILLIONS;EUROMILLIONS;TUDO PRESENTE E BEM DATADO;
09/09/2006;SAB;NENHUM;NENHUM;CALMO (Nenhum Jogo);
10/09/2006;DOM;NENHUM;NENHUM;CALMO (Nenhum Jogo);
11/09/2006;SEG;NENHUM;NENHUM;CALMO (Nenhum Jogo);
12/09/2006;TER;NENHUM;NENHUM;CALMO (Nenhum Jogo);
13/09/2006;QUA;NENHUM;NENHUM;CALMO (Nenhum Jogo);
14/09/2006;QUI;NENHUM;NENHUM;CALMO (Nenhum Jogo);
15/09/2006;SEX;EUROMILLIONS;EUROMILLIONS;TUDO PRESENTE E BEM DATADO;
16/09/2006;SAB;NENHUM;NENHUM;CALMO (Nenhum Jogo);
17/09/2006;DOM;NENHUM;NENHUM;CALMO (Nenhum Jogo);
18/09/2006;SEG;NENHUM;NENHUM;CALMO (Nenhum Jogo);
19/09/2006;TER;NENHUM;NENHUM;CALMO (Nenhum Jogo);
20/09/2006;QUA;NENHUM;NENHUM;CALMO (Nenhum Jogo);
21/09/2006;QUI;NENHUM;NENHUM;CALMO (Nenhum Jogo);
22/09/2006;SEX;EUROMILLIONS;EUROMILLIONS;TUDO PRESENTE E BEM DATADO;
23/09/2006;SAB;NENHUM;NENHUM;CALMO (Nenhum Jogo);
24/09/2006;DOM;NENHUM;NENHUM;CALMO (Nenhum Jogo);
25/09/2006;SEG;NENHUM;NENHUM;CALMO (Nenhum Jogo);
26/09/2006;TER;NENHUM;NENHUM;CALMO (Nenhum Jogo);
27/09/2006;QUA;NENHUM;NENHUM;CALMO (Nenhum Jogo);
28/09/2006;QUI;NENHUM;NENHUM;CALMO (Nenhum Jogo);
29/09/2006;SEX;EUROMILLIONS;EUROMILLIONS;TUDO PRESENTE E BEM DATADO;
30/09/2006;SAB;NENHUM;NENHUM;CALMO (Nenhum Jogo);
01/10/2006;DOM;NENHUM;NENHUM;CALMO (Nenhum Jogo);
02/10/2006;SEG;NENHUM;NENHUM;CALMO (Nenhum Jogo);
03/10/2006;TER;NENHUM;NENHUM;CALMO (Nenhum Jogo);
04/10/2006;QUA;NENHUM;NENHUM;CALMO (Nenhum Jogo);
05/10/2006;QUI;NENHUM;NENHUM;CALMO (Nenhum Jogo);
06/10/2006;SEX;EUROMILLIONS;EUROMILLIONS;TUDO PRESENTE E BEM DATADO;
07/10/2006;SAB;NENHUM;NENHUM;CALMO (Nenhum Jogo);
08/10/2006;DOM;NENHUM;NENHUM;CALMO (Nenhum Jogo);
09/10/2006;SEG;NENHUM;NENHUM;CALMO (Nenhum Jogo);
10/10/2006;TER;NENHUM;NENHUM;CALMO (Nenhum Jogo);
11/10/2006;QUA;NENHUM;NENHUM;CALMO (Nenhum Jogo);
12/10/2006;QUI;NENHUM;NENHUM;CALMO (Nenhum Jogo);
13/10/2006;SEX;EUROMILLIONS;EUROMILLIONS;TUDO PRESENTE E BEM DATADO;
14/10/2006;SAB;NENHUM;NENHUM;CALMO (Nenhum Jogo);
15/10/2006;DOM;NENHUM;NENHUM;CALMO (Nenhum Jogo);
16/10/2006;SEG;NENHUM;NENHUM;CALMO (Nenhum Jogo);
17/10/2006;TER;NENHUM;NENHUM;CALMO (Nenhum Jogo);
18/10/2006;QUA;NENHUM;NENHUM;CALMO (Nenhum Jogo);
19/10/2006;QUI;NENHUM;NENHUM;CALMO (Nenhum Jogo);
20/10/2006;SEX;EUROMILLIONS;EUROMILLIONS;TUDO PRESENTE E BEM DATADO;
21/10/2006;SAB;NENHUM;NENHUM;CALMO (Nenhum Jogo);
22/10/2006;DOM;NENHUM;NENHUM;CALMO (Nenhum Jogo);
23/10/2006;SEG;NENHUM;NENHUM;CALMO (Nenhum Jogo);
24/10/2006;TER;NENHUM;NENHUM;CALMO (Nenhum Jogo);
25/10/2006;QUA;NENHUM;NENHUM;CALMO (Nenhum Jogo);
26/10/2006;QUI;NENHUM;NENHUM;CALMO (Nenhum Jogo);
27/10/2006;SEX;EUROMILLIONS;EUROMILLIONS;TUDO PRESENTE E BEM DATADO;
28/10/2006;SAB;NENHUM;NENHUM;CALMO (Nenhum Jogo);
29/10/2006;DOM;NENHUM;NENHUM;CALMO (Nenhum Jogo);
30/10/2006;SEG;NENHUM;NENHUM;CALMO (Nenhum Jogo);
31/10/2006;TER;NENHUM;NENHUM;CALMO (Nenhum Jogo);
01/11/2006;QUA;NENHUM;NENHUM;CALMO (Nenhum Jogo);
02/11/2006;QUI;NENHUM;NENHUM;CALMO (Nenhum Jogo);
03/11/2006;SEX;EUROMILLIONS;EUROMILLIONS;TUDO PRESENTE E BEM DATADO;
04/11/2006;SAB;NENHUM;NENHUM;CALMO (Nenhum Jogo);
05/11/2006;DOM;NENHUM;NENHUM;CALMO (Nenhum Jogo);
06/11/2006;SEG;NENHUM;NENHUM;CALMO (Nenhum Jogo);
07/11/2006;TER;NENHUM;NENHUM;CALMO (Nenhum Jogo);
08/11/2006;QUA;NENHUM;NENHUM;CALMO (Nenhum Jogo);
09/11/2006;QUI;NENHUM;NENHUM;CALMO (Nenhum Jogo);
10/11/2006;SEX;EUROMILLIONS;EUROMILLIONS;TUDO PRESENTE E BEM DATADO;
11/11/2006;SAB;NENHUM;NENHUM;CALMO (Nenhum Jogo);
12/11/2006;DOM;NENHUM;NENHUM;CALMO (Nenhum Jogo);
13/11/2006;SEG;NENHUM;NENHUM;CALMO (Nenhum Jogo);
14/11/2006;TER;NENHUM;NENHUM;CALMO (Nenhum Jogo);
15/11/2006;QUA;NENHUM;NENHUM;CALMO (Nenhum Jogo);
16/11/2006;QUI;NENHUM;NENHUM;CALMO (Nenhum Jogo);
17/11/2006;SEX;EUROMILLIONS;EUROMILLIONS;TUDO PRESENTE E BEM DATADO;
18/11/2006;SAB;NENHUM;NENHUM;CALMO (Nenhum Jogo);
19/11/2006;DOM;NENHUM;NENHUM;CALMO (Nenhum Jogo);
20/11/2006;SEG;NENHUM;NENHUM;CALMO (Nenhum Jogo);
21/11/2006;TER;NENHUM;NENHUM;CALMO (Nenhum Jogo);
22/11/2006;QUA;NENHUM;NENHUM;CALMO (Nenhum Jogo);
23/11/2006;QUI;NENHUM;NENHUM;CALMO (Nenhum Jogo);
24/11/2006;SEX;EUROMILLIONS;EUROMILLIONS;TUDO PRESENTE E BEM DATADO;
25/11/2006;SAB;NENHUM;NENHUM;CALMO (Nenhum Jogo);
26/11/2006;DOM;NENHUM;NENHUM;CALMO (Nenhum Jogo);
27/11/2006;SEG;NENHUM;NENHUM;CALMO (Nenhum Jogo);
28/11/2006;TER;NENHUM;NENHUM;CALMO (Nenhum Jogo);
29/11/2006;QUA;NENHUM;NENHUM;CALMO (Nenhum Jogo);
30/11/2006;QUI;NENHUM;NENHUM;CALMO (Nenhum Jogo);
01/12/2006;SEX;EUROMILLIONS;EUROMILLIONS;TUDO PRESENTE E BEM DATADO;
02/12/2006;SAB;NENHUM;NENHUM;CALMO (Nenhum Jogo);
03/12/2006;DOM;NENHUM;NENHUM;CALMO (Nenhum Jogo);
04/12/2006;SEG;NENHUM;NENHUM;CALMO (Nenhum Jogo);
05/12/2006;TER;NENHUM;NENHUM;CALMO (Nenhum Jogo);
06/12/2006;QUA;NENHUM;NENHUM;CALMO (Nenhum Jogo);
07/12/2006;QUI;NENHUM;NENHUM;CALMO (Nenhum Jogo);
08/12/2006;SEX;EUROMILLIONS;EUROMILLIONS;TUDO PRESENTE E BEM DATADO;
09/12/2006;SAB;NENHUM;NENHUM;CALMO (Nenhum Jogo);
10/12/2006;DOM;NENHUM;NENHUM;CALMO (Nenhum Jogo);
11/12/2006;SEG;NENHUM;NENHUM;CALMO (Nenhum Jogo);
12/12/2006;TER;NENHUM;NENHUM;CALMO (Nenhum Jogo);
13/12/2006;QUA;NENHUM;NENHUM;CALMO (Nenhum Jogo);
14/12/2006;QUI;NENHUM;NENHUM;CALMO (Nenhum Jogo);
15/12/2006;SEX;EUROMILLIONS;EUROMILLIONS;TUDO PRESENTE E BEM DATADO;
16/12/2006;SAB;NENHUM;NENHUM;CALMO (Nenhum Jogo);
17/12/2006;DOM;NENHUM;NENHUM;CALMO (Nenhum Jogo);
18/12/2006;SEG;NENHUM;NENHUM;CALMO (Nenhum Jogo);
19/12/2006;TER;NENHUM;NENHUM;CALMO (Nenhum Jogo);
20/12/2006;QUA;NENHUM;NENHUM;CALMO (Nenhum Jogo);
21/12/2006;QUI;NENHUM;NENHUM;CALMO (Nenhum Jogo);
22/12/2006;SEX;EUROMILLIONS;EUROMILLIONS;TUDO PRESENTE E BEM DATADO;
23/12/2006;SAB;NENHUM;NENHUM;CALMO (Nenhum Jogo);
24/12/2006;DOM;NENHUM;NENHUM;CALMO (Nenhum Jogo);
25/12/2006;SEG;NENHUM;NENHUM;CALMO (Nenhum Jogo);
26/12/2006;TER;NENHUM;NENHUM;CALMO (Nenhum Jogo);
27/12/2006;QUA;NENHUM;NENHUM;CALMO (Nenhum Jogo);
28/12/2006;QUI;NENHUM;NENHUM;CALMO (Nenhum Jogo);
29/12/2006;SEX;EUROMILLIONS;EUROMILLIONS;TUDO PRESENTE E BEM DATADO;
30/12/2006;SAB;NENHUM;NENHUM;CALMO (Nenhum Jogo);
31/12/2006;DOM;NENHUM;NENHUM;CALMO (Nenhum Jogo);
01/01/2007;SEG;NENHUM;NENHUM;CALMO (Nenhum Jogo);
02/01/2007;TER;NENHUM;NENHUM;CALMO (Nenhum Jogo);
03/01/2007;QUA;NENHUM;NENHUM;CALMO (Nenhum Jogo);
04/01/2007;QUI;NENHUM;NENHUM;CALMO (Nenhum Jogo);
05/01/2007;SEX;EUROMILLIONS;EUROMILLIONS;TUDO PRESENTE E BEM DATADO;
06/01/2007;SAB;NENHUM;NENHUM;CALMO (Nenhum Jogo);
07/01/2007;DOM;NENHUM;NENHUM;CALMO (Nenhum Jogo);
08/01/2007;SEG;NENHUM;NENHUM;CALMO (Nenhum Jogo);
09/01/2007;TER;NENHUM;NENHUM;CALMO (Nenhum Jogo);
10/01/2007;QUA;NENHUM;NENHUM;CALMO (Nenhum Jogo);
11/01/2007;QUI;NENHUM;NENHUM;CALMO (Nenhum Jogo);
12/01/2007;SEX;EUROMILLIONS;EUROMILLIONS;TUDO PRESENTE E BEM DATADO;
13/01/2007;SAB;NENHUM;NENHUM;CALMO (Nenhum Jogo);
14/01/2007;DOM;NENHUM;NENHUM;CALMO (Nenhum Jogo);
15/01/2007;SEG;NENHUM;NENHUM;CALMO (Nenhum Jogo);
16/01/2007;TER;NENHUM;NENHUM;CALMO (Nenhum Jogo);
17/01/2007;QUA;NENHUM;NENHUM;CALMO (Nenhum Jogo);
18/01/2007;QUI;NENHUM;NENHUM;CALMO (Nenhum Jogo);
19/01/2007;SEX;EUROMILLIONS;EUROMILLIONS;TUDO PRESENTE E BEM DATADO;
20/01/2007;SAB;NENHUM;NENHUM;CALMO (Nenhum Jogo);
21/01/2007;DOM;NENHUM;NENHUM;CALMO (Nenhum Jogo);
22/01/2007;SEG;NENHUM;NENHUM;CALMO (Nenhum Jogo);
23/01/2007;TER;NENHUM;NENHUM;CALMO (Nenhum Jogo);
24/01/2007;QUA;NENHUM;NENHUM;CALMO (Nenhum Jogo);
25/01/2007;QUI;NENHUM;NENHUM;CALMO (Nenhum Jogo);
26/01/2007;SEX;EUROMILLIONS;EUROMILLIONS;TUDO PRESENTE E BEM DATADO;
27/01/2007;SAB;NENHUM;NENHUM;CALMO (Nenhum Jogo);
28/01/2007;DOM;NENHUM;NENHUM;CALMO (Nenhum Jogo);
29/01/2007;SEG;NENHUM;NENHUM;CALMO (Nenhum Jogo);
30/01/2007;TER;NENHUM;NENHUM;CALMO (Nenhum Jogo);
31/01/2007;QUA;NENHUM;NENHUM;CALMO (Nenhum Jogo);
01/02/2007;QUI;NENHUM;NENHUM;CALMO (Nenhum Jogo);
02/02/2007;SEX;EUROMILLIONS;EUROMILLIONS;TUDO PRESENTE E BEM DATADO;
03/02/2007;SAB;NENHUM;NENHUM;CALMO (Nenhum Jogo);
04/02/2007;DOM;NENHUM;NENHUM;CALMO (Nenhum Jogo);
05/02/2007;SEG;NENHUM;NENHUM;CALMO (Nenhum Jogo);
06/02/2007;TER;NENHUM;NENHUM;CALMO (Nenhum Jogo);
07/02/2007;QUA;NENHUM;NENHUM;CALMO (Nenhum Jogo);
08/02/2007;QUI;NENHUM;NENHUM;CALMO (Nenhum Jogo);
09/02/2007;SEX;EUROMILLIONS;EUROMILLIONS;TUDO PRESENTE E BEM DATADO;
10/02/2007;SAB;NENHUM;NENHUM;CALMO (Nenhum Jogo);
11/02/2007;DOM;NENHUM;NENHUM;CALMO (Nenhum Jogo);
12/02/2007;SEG;NENHUM;NENHUM;CALMO (Nenhum Jogo);
13/02/2007;TER;NENHUM;NENHUM;CALMO (Nenhum Jogo);
14/02/2007;QUA;NENHUM;NENHUM;CALMO (Nenhum Jogo);
15/02/2007;QUI;NENHUM;NENHUM;CALMO (Nenhum Jogo);
16/02/2007;SEX;EUROMILLIONS;EUROMILLIONS;TUDO PRESENTE E BEM DATADO;
17/02/2007;SAB;NENHUM;NENHUM;CALMO (Nenhum Jogo);
18/02/2007;DOM;NENHUM;NENHUM;CALMO (Nenhum Jogo);
19/02/2007;SEG;NENHUM;NENHUM;CALMO (Nenhum Jogo);
20/02/2007;TER;NENHUM;NENHUM;CALMO (Nenhum Jogo);
21/02/2007;QUA;NENHUM;NENHUM;CALMO (Nenhum Jogo);
22/02/2007;QUI;NENHUM;NENHUM;CALMO (Nenhum Jogo);
23/02/2007;SEX;EUROMILLIONS;EUROMILLIONS;TUDO PRESENTE E BEM DATADO;
24/02/2007;SAB;NENHUM;NENHUM;CALMO (Nenhum Jogo);
25/02/2007;DOM;NENHUM;NENHUM;CALMO (Nenhum Jogo);
26/02/2007;SEG;NENHUM;NENHUM;CALMO (Nenhum Jogo);
27/02/2007;TER;NENHUM;NENHUM;CALMO (Nenhum Jogo);
28/02/2007;QUA;NENHUM;NENHUM;CALMO (Nenhum Jogo);
01/03/2007;QUI;NENHUM;NENHUM;CALMO (Nenhum Jogo);
02/03/2007;SEX;EUROMILLIONS;EUROMILLIONS;TUDO PRESENTE E BEM DATADO;
03/03/2007;SAB;NENHUM;NENHUM;CALMO (Nenhum Jogo);
04/03/2007;DOM;NENHUM;NENHUM;CALMO (Nenhum Jogo);
05/03/2007;SEG;NENHUM;NENHUM;CALMO (Nenhum Jogo);
06/03/2007;TER;NENHUM;NENHUM;CALMO (Nenhum Jogo);
07/03/2007;QUA;NENHUM;NENHUM;CALMO (Nenhum Jogo);
08/03/2007;QUI;NENHUM;NENHUM;CALMO (Nenhum Jogo);
09/03/2007;SEX;EUROMILLIONS;EUROMILLIONS;TUDO PRESENTE E BEM DATADO;
10/03/2007;SAB;NENHUM;NENHUM;CALMO (Nenhum Jogo);
11/03/2007;DOM;NENHUM;NENHUM;CALMO (Nenhum Jogo);
12/03/2007;SEG;NENHUM;NENHUM;CALMO (Nenhum Jogo);
13/03/2007;TER;NENHUM;NENHUM;CALMO (Nenhum Jogo);
14/03/2007;QUA;NENHUM;NENHUM;CALMO (Nenhum Jogo);
15/03/2007;QUI;NENHUM;NENHUM;CALMO (Nenhum Jogo);
16/03/2007;SEX;EUROMILLIONS;EUROMILLIONS;TUDO PRESENTE E BEM DATADO;
17/03/2007;SAB;NENHUM;NENHUM;CALMO (Nenhum Jogo);
18/03/2007;DOM;NENHUM;NENHUM;CALMO (Nenhum Jogo);
19/03/2007;SEG;NENHUM;NENHUM;CALMO (Nenhum Jogo);
20/03/2007;TER;NENHUM;NENHUM;CALMO (Nenhum Jogo);
21/03/2007;QUA;NENHUM;NENHUM;CALMO (Nenhum Jogo);
22/03/2007;QUI;NENHUM;NENHUM;CALMO (Nenhum Jogo);
23/03/2007;SEX;EUROMILLIONS;EUROMILLIONS;TUDO PRESENTE E BEM DATADO;
24/03/2007;SAB;NENHUM;NENHUM;CALMO (Nenhum Jogo);
25/03/2007;DOM;NENHUM;NENHUM;CALMO (Nenhum Jogo);
26/03/2007;SEG;NENHUM;NENHUM;CALMO (Nenhum Jogo);
27/03/2007;TER;NENHUM;NENHUM;CALMO (Nenhum Jogo);
28/03/2007;QUA;NENHUM;NENHUM;CALMO (Nenhum Jogo);
29/03/2007;QUI;NENHUM;NENHUM;CALMO (Nenhum Jogo);
30/03/2007;SEX;EUROMILLIONS;EUROMILLIONS;TUDO PRESENTE E BEM DATADO;
31/03/2007;SAB;NENHUM;NENHUM;CALMO (Nenhum Jogo);
01/04/2007;DOM;NENHUM;NENHUM;CALMO (Nenhum Jogo);
02/04/2007;SEG;NENHUM;NENHUM;CALMO (Nenhum Jogo);
03/04/2007;TER;NENHUM;NENHUM;CALMO (Nenhum Jogo);
04/04/2007;QUA;NENHUM;NENHUM;CALMO (Nenhum Jogo);
05/04/2007;QUI;NENHUM;NENHUM;CALMO (Nenhum Jogo);
06/04/2007;SEX;EUROMILLIONS;EUROMILLIONS;TUDO PRESENTE E BEM DATADO;
07/04/2007;SAB;NENHUM;NENHUM;CALMO (Nenhum Jogo);
08/04/2007;DOM;NENHUM;NENHUM;CALMO (Nenhum Jogo);
09/04/2007;SEG;NENHUM;NENHUM;CALMO (Nenhum Jogo);
10/04/2007;TER;NENHUM;NENHUM;CALMO (Nenhum Jogo);
11/04/2007;QUA;NENHUM;NENHUM;CALMO (Nenhum Jogo);
12/04/2007;QUI;NENHUM;NENHUM;CALMO (Nenhum Jogo);
13/04/2007;SEX;EUROMILLIONS;EUROMILLIONS;TUDO PRESENTE E BEM DATADO;
14/04/2007;SAB;NENHUM;NENHUM;CALMO (Nenhum Jogo);
15/04/2007;DOM;NENHUM;NENHUM;CALMO (Nenhum Jogo);
16/04/2007;SEG;NENHUM;NENHUM;CALMO (Nenhum Jogo);
17/04/2007;TER;NENHUM;NENHUM;CALMO (Nenhum Jogo);
18/04/2007;QUA;NENHUM;NENHUM;CALMO (Nenhum Jogo);
19/04/2007;QUI;NENHUM;NENHUM;CALMO (Nenhum Jogo);
20/04/2007;SEX;EUROMILLIONS;EUROMILLIONS;TUDO PRESENTE E BEM DATADO;
21/04/2007;SAB;NENHUM;NENHUM;CALMO (Nenhum Jogo);
22/04/2007;DOM;NENHUM;NENHUM;CALMO (Nenhum Jogo);
23/04/2007;SEG;NENHUM;NENHUM;CALMO (Nenhum Jogo);
24/04/2007;TER;NENHUM;NENHUM;CALMO (Nenhum Jogo);
25/04/2007;QUA;NENHUM;NENHUM;CALMO (Nenhum Jogo);
26/04/2007;QUI;NENHUM;NENHUM;CALMO (Nenhum Jogo);
27/04/2007;SEX;EUROMILLIONS;EUROMILLIONS;TUDO PRESENTE E BEM DATADO;
28/04/2007;SAB;NENHUM;NENHUM;CALMO (Nenhum Jogo);
29/04/2007;DOM;NENHUM;NENHUM;CALMO (Nenhum Jogo);
30/04/2007;SEG;NENHUM;NENHUM;CALMO (Nenhum Jogo);
01/05/2007;TER;NENHUM;NENHUM;CALMO (Nenhum Jogo);
02/05/2007;QUA;NENHUM;NENHUM;CALMO (Nenhum Jogo);
03/05/2007;QUI;NENHUM;NENHUM;CALMO (Nenhum Jogo);
04/05/2007;SEX;EUROMILLIONS;EUROMILLIONS;TUDO PRESENTE E BEM DATADO;
05/05/2007;SAB;NENHUM;NENHUM;CALMO (Nenhum Jogo);
06/05/2007;DOM;NENHUM;NENHUM;CALMO (Nenhum Jogo);
07/05/2007;SEG;NENHUM;NENHUM;CALMO (Nenhum Jogo);
08/05/2007;TER;NENHUM;NENHUM;CALMO (Nenhum Jogo);
09/05/2007;QUA;NENHUM;NENHUM;CALMO (Nenhum Jogo);
10/05/2007;QUI;NENHUM;NENHUM;CALMO (Nenhum Jogo);
11/05/2007;SEX;EUROMILLIONS;EUROMILLIONS;TUDO PRESENTE E BEM DATADO;
12/05/2007;SAB;NENHUM;NENHUM;CALMO (Nenhum Jogo);
13/05/2007;DOM;NENHUM;NENHUM;CALMO (Nenhum Jogo);
14/05/2007;SEG;NENHUM;NENHUM;CALMO (Nenhum Jogo);
15/05/2007;TER;NENHUM;NENHUM;CALMO (Nenhum Jogo);
16/05/2007;QUA;NENHUM;NENHUM;CALMO (Nenhum Jogo);
17/05/2007;QUI;NENHUM;NENHUM;CALMO (Nenhum Jogo);
18/05/2007;SEX;EUROMILLIONS;EUROMILLIONS;TUDO PRESENTE E BEM DATADO;
19/05/2007;SAB;NENHUM;NENHUM;CALMO (Nenhum Jogo);
20/05/2007;DOM;NENHUM;NENHUM;CALMO (Nenhum Jogo);
21/05/2007;SEG;NENHUM;NENHUM;CALMO (Nenhum Jogo);
22/05/2007;TER;NENHUM;NENHUM;CALMO (Nenhum Jogo);
23/05/2007;QUA;NENHUM;NENHUM;CALMO (Nenhum Jogo);
24/05/2007;QUI;NENHUM;NENHUM;CALMO (Nenhum Jogo);
25/05/2007;SEX;EUROMILLIONS;EUROMILLIONS;TUDO PRESENTE E BEM DATADO;
26/05/2007;SAB;NENHUM;NENHUM;CALMO (Nenhum Jogo);
27/05/2007;DOM;NENHUM;NENHUM;CALMO (Nenhum Jogo);
28/05/2007;SEG;NENHUM;NENHUM;CALMO (Nenhum Jogo);
29/05/2007;TER;NENHUM;NENHUM;CALMO (Nenhum Jogo);
30/05/2007;QUA;NENHUM;NENHUM;CALMO (Nenhum Jogo);
31/05/2007;QUI;NENHUM;NENHUM;CALMO (Nenhum Jogo);
01/06/2007;SEX;EUROMILLIONS;EUROMILLIONS;TUDO PRESENTE E BEM DATADO;
02/06/2007;SAB;NENHUM;NENHUM;CALMO (Nenhum Jogo);
03/06/2007;DOM;NENHUM;NENHUM;CALMO (Nenhum Jogo);
04/06/2007;SEG;NENHUM;NENHUM;CALMO (Nenhum Jogo);
05/06/2007;TER;NENHUM;NENHUM;CALMO (Nenhum Jogo);
06/06/2007;QUA;NENHUM;NENHUM;CALMO (Nenhum Jogo);
07/06/2007;QUI;NENHUM;NENHUM;CALMO (Nenhum Jogo);
08/06/2007;SEX;EUROMILLIONS;EUROMILLIONS;TUDO PRESENTE E BEM DATADO;
09/06/2007;SAB;NENHUM;NENHUM;CALMO (Nenhum Jogo);
10/06/2007;DOM;NENHUM;NENHUM;CALMO (Nenhum Jogo);
11/06/2007;SEG;NENHUM;NENHUM;CALMO (Nenhum Jogo);
12/06/2007;TER;NENHUM;NENHUM;CALMO (Nenhum Jogo);
13/06/2007;QUA;NENHUM;NENHUM;CALMO (Nenhum Jogo);
14/06/2007;QUI;NENHUM;NENHUM;CALMO (Nenhum Jogo);
15/06/2007;SEX;EUROMILLIONS;EUROMILLIONS;TUDO PRESENTE E BEM DATADO;
16/06/2007;SAB;NENHUM;NENHUM;CALMO (Nenhum Jogo);
17/06/2007;DOM;NENHUM;NENHUM;CALMO (Nenhum Jogo);
18/06/2007;SEG;NENHUM;NENHUM;CALMO (Nenhum Jogo);
19/06/2007;TER;NENHUM;NENHUM;CALMO (Nenhum Jogo);
20/06/2007;QUA;NENHUM;NENHUM;CALMO (Nenhum Jogo);
21/06/2007;QUI;NENHUM;NENHUM;CALMO (Nenhum Jogo);
22/06/2007;SEX;EUROMILLIONS;EUROMILLIONS;TUDO PRESENTE E BEM DATADO;
23/06/2007;SAB;NENHUM;NENHUM;CALMO (Nenhum Jogo);
24/06/2007;DOM;NENHUM;NENHUM;CALMO (Nenhum Jogo);
25/06/2007;SEG;NENHUM;NENHUM;CALMO (Nenhum Jogo);
26/06/2007;TER;NENHUM;NENHUM;CALMO (Nenhum Jogo);
27/06/2007;QUA;NENHUM;NENHUM;CALMO (Nenhum Jogo);
28/06/2007;QUI;NENHUM;NENHUM;CALMO (Nenhum Jogo);
29/06/2007;SEX;EUROMILLIONS;EUROMILLIONS;TUDO PRESENTE E BEM DATADO;
30/06/2007;SAB;NENHUM;NENHUM;CALMO (Nenhum Jogo);
01/07/2007;DOM;NENHUM;NENHUM;CALMO (Nenhum Jogo);
02/07/2007;SEG;NENHUM;NENHUM;CALMO (Nenhum Jogo);
03/07/2007;TER;NENHUM;NENHUM;CALMO (Nenhum Jogo);
04/07/2007;QUA;NENHUM;NENHUM;CALMO (Nenhum Jogo);
05/07/2007;QUI;NENHUM;NENHUM;CALMO (Nenhum Jogo);
06/07/2007;SEX;EUROMILLIONS;EUROMILLIONS;TUDO PRESENTE E BEM DATADO;
07/07/2007;SAB;NENHUM;NENHUM;CALMO (Nenhum Jogo);
08/07/2007;DOM;NENHUM;NENHUM;CALMO (Nenhum Jogo);
09/07/2007;SEG;NENHUM;NENHUM;CALMO (Nenhum Jogo);
10/07/2007;TER;NENHUM;NENHUM;CALMO (Nenhum Jogo);
11/07/2007;QUA;NENHUM;NENHUM;CALMO (Nenhum Jogo);
12/07/2007;QUI;NENHUM;NENHUM;CALMO (Nenhum Jogo);
13/07/2007;SEX;EUROMILLIONS;EUROMILLIONS;TUDO PRESENTE E BEM DATADO;
14/07/2007;SAB;NENHUM;NENHUM;CALMO (Nenhum Jogo);
15/07/2007;DOM;NENHUM;NENHUM;CALMO (Nenhum Jogo);
16/07/2007;SEG;NENHUM;NENHUM;CALMO (Nenhum Jogo);
17/07/2007;TER;NENHUM;NENHUM;CALMO (Nenhum Jogo);
18/07/2007;QUA;NENHUM;NENHUM;CALMO (Nenhum Jogo);
19/07/2007;QUI;NENHUM;NENHUM;CALMO (Nenhum Jogo);
20/07/2007;SEX;EUROMILLIONS;EUROMILLIONS;TUDO PRESENTE E BEM DATADO;
21/07/2007;SAB;NENHUM;NENHUM;CALMO (Nenhum Jogo);
22/07/2007;DOM;NENHUM;NENHUM;CALMO (Nenhum Jogo);
23/07/2007;SEG;NENHUM;NENHUM;CALMO (Nenhum Jogo);
24/07/2007;TER;NENHUM;NENHUM;CALMO (Nenhum Jogo);
25/07/2007;QUA;NENHUM;NENHUM;CALMO (Nenhum Jogo);
26/07/2007;QUI;NENHUM;NENHUM;CALMO (Nenhum Jogo);
27/07/2007;SEX;EUROMILLIONS;EUROMILLIONS;TUDO PRESENTE E BEM DATADO;
28/07/2007;SAB;NENHUM;NENHUM;CALMO (Nenhum Jogo);
29/07/2007;DOM;NENHUM;NENHUM;CALMO (Nenhum Jogo);
30/07/2007;SEG;NENHUM;NENHUM;CALMO (Nenhum Jogo);
31/07/2007;TER;NENHUM;NENHUM;CALMO (Nenhum Jogo);
01/08/2007;QUA;NENHUM;NENHUM;CALMO (Nenhum Jogo);
02/08/2007;QUI;NENHUM;NENHUM;CALMO (Nenhum Jogo);
03/08/2007;SEX;EUROMILLIONS;EUROMILLIONS;TUDO PRESENTE E BEM DATADO;
04/08/2007;SAB;NENHUM;NENHUM;CALMO (Nenhum Jogo);
05/08/2007;DOM;NENHUM;NENHUM;CALMO (Nenhum Jogo);
06/08/2007;SEG;NENHUM;NENHUM;CALMO (Nenhum Jogo);
07/08/2007;TER;NENHUM;NENHUM;CALMO (Nenhum Jogo);
08/08/2007;QUA;NENHUM;NENHUM;CALMO (Nenhum Jogo);
09/08/2007;QUI;NENHUM;NENHUM;CALMO (Nenhum Jogo);
10/08/2007;SEX;EUROMILLIONS;EUROMILLIONS;TUDO PRESENTE E BEM DATADO;
11/08/2007;SAB;NENHUM;NENHUM;CALMO (Nenhum Jogo);
12/08/2007;DOM;NENHUM;NENHUM;CALMO (Nenhum Jogo);
13/08/2007;SEG;NENHUM;NENHUM;CALMO (Nenhum Jogo);
14/08/2007;TER;NENHUM;NENHUM;CALMO (Nenhum Jogo);
15/08/2007;QUA;NENHUM;NENHUM;CALMO (Nenhum Jogo);
16/08/2007;QUI;NENHUM;NENHUM;CALMO (Nenhum Jogo);
17/08/2007;SEX;EUROMILLIONS;EUROMILLIONS;TUDO PRESENTE E BEM DATADO;
18/08/2007;SAB;NENHUM;NENHUM;CALMO (Nenhum Jogo);
19/08/2007;DOM;NENHUM;NENHUM;CALMO (Nenhum Jogo);
20/08/2007;SEG;NENHUM;NENHUM;CALMO (Nenhum Jogo);
21/08/2007;TER;NENHUM;NENHUM;CALMO (Nenhum Jogo);
22/08/2007;QUA;NENHUM;NENHUM;CALMO (Nenhum Jogo);
23/08/2007;QUI;NENHUM;NENHUM;CALMO (Nenhum Jogo);
24/08/2007;SEX;EUROMILLIONS;EUROMILLIONS;TUDO PRESENTE E BEM DATADO;
25/08/2007;SAB;NENHUM;NENHUM;CALMO (Nenhum Jogo);
26/08/2007;DOM;NENHUM;NENHUM;CALMO (Nenhum Jogo);
27/08/2007;SEG;NENHUM;NENHUM;CALMO (Nenhum Jogo);
28/08/2007;TER;NENHUM;NENHUM;CALMO (Nenhum Jogo);
29/08/2007;QUA;NENHUM;NENHUM;CALMO (Nenhum Jogo);
30/08/2007;QUI;NENHUM;NENHUM;CALMO (Nenhum Jogo);
31/08/2007;SEX;EUROMILLIONS;EUROMILLIONS;TUDO PRESENTE E BEM DATADO;
01/09/2007;SAB;NENHUM;NENHUM;CALMO (Nenhum Jogo);
02/09/2007;DOM;NENHUM;NENHUM;CALMO (Nenhum Jogo);
03/09/2007;SEG;NENHUM;NENHUM;CALMO (Nenhum Jogo);
04/09/2007;TER;NENHUM;NENHUM;CALMO (Nenhum Jogo);
05/09/2007;QUA;NENHUM;NENHUM;CALMO (Nenhum Jogo);
06/09/2007;QUI;NENHUM;NENHUM;CALMO (Nenhum Jogo);
07/09/2007;SEX;EUROMILLIONS;EUROMILLIONS;TUDO PRESENTE E BEM DATADO;
08/09/2007;SAB;NENHUM;NENHUM;CALMO (Nenhum Jogo);
09/09/2007;DOM;NENHUM;NENHUM;CALMO (Nenhum Jogo);
10/09/2007;SEG;NENHUM;NENHUM;CALMO (Nenhum Jogo);
11/09/2007;TER;NENHUM;NENHUM;CALMO (Nenhum Jogo);
12/09/2007;QUA;NENHUM;NENHUM;CALMO (Nenhum Jogo);
13/09/2007;QUI;NENHUM;NENHUM;CALMO (Nenhum Jogo);
14/09/2007;SEX;EUROMILLIONS;EUROMILLIONS;TUDO PRESENTE E BEM DATADO;
15/09/2007;SAB;NENHUM;NENHUM;CALMO (Nenhum Jogo);
16/09/2007;DOM;NENHUM;NENHUM;CALMO (Nenhum Jogo);
17/09/2007;SEG;NENHUM;NENHUM;CALMO (Nenhum Jogo);
18/09/2007;TER;NENHUM;NENHUM;CALMO (Nenhum Jogo);
19/09/2007;QUA;NENHUM;NENHUM;CALMO (Nenhum Jogo);
20/09/2007;QUI;NENHUM;NENHUM;CALMO (Nenhum Jogo);
21/09/2007;SEX;EUROMILLIONS;EUROMILLIONS;TUDO PRESENTE E BEM DATADO;
22/09/2007;SAB;NENHUM;NENHUM;CALMO (Nenhum Jogo);
23/09/2007;DOM;NENHUM;NENHUM;CALMO (Nenhum Jogo);
24/09/2007;SEG;NENHUM;NENHUM;CALMO (Nenhum Jogo);
25/09/2007;TER;NENHUM;NENHUM;CALMO (Nenhum Jogo);
26/09/2007;QUA;NENHUM;NENHUM;CALMO (Nenhum Jogo);
27/09/2007;QUI;NENHUM;NENHUM;CALMO (Nenhum Jogo);
28/09/2007;SEX;EUROMILLIONS;EUROMILLIONS;TUDO PRESENTE E BEM DATADO;
29/09/2007;SAB;NENHUM;NENHUM;CALMO (Nenhum Jogo);
30/09/2007;DOM;NENHUM;NENHUM;CALMO (Nenhum Jogo);
01/10/2007;SEG;NENHUM;NENHUM;CALMO (Nenhum Jogo);
02/10/2007;TER;NENHUM;NENHUM;CALMO (Nenhum Jogo);
03/10/2007;QUA;NENHUM;NENHUM;CALMO (Nenhum Jogo);
04/10/2007;QUI;NENHUM;NENHUM;CALMO (Nenhum Jogo);
05/10/2007;SEX;EUROMILLIONS;EUROMILLIONS;TUDO PRESENTE E BEM DATADO;
06/10/2007;SAB;NENHUM;NENHUM;CALMO (Nenhum Jogo);
07/10/2007;DOM;NENHUM;NENHUM;CALMO (Nenhum Jogo);
08/10/2007;SEG;NENHUM;NENHUM;CALMO (Nenhum Jogo);
09/10/2007;TER;NENHUM;NENHUM;CALMO (Nenhum Jogo);
10/10/2007;QUA;NENHUM;NENHUM;CALMO (Nenhum Jogo);
11/10/2007;QUI;NENHUM;NENHUM;CALMO (Nenhum Jogo);
12/10/2007;SEX;EUROMILLIONS;EUROMILLIONS;TUDO PRESENTE E BEM DATADO;
13/10/2007;SAB;NENHUM;NENHUM;CALMO (Nenhum Jogo);
14/10/2007;DOM;NENHUM;NENHUM;CALMO (Nenhum Jogo);
15/10/2007;SEG;NENHUM;NENHUM;CALMO (Nenhum Jogo);
16/10/2007;TER;NENHUM;NENHUM;CALMO (Nenhum Jogo);
17/10/2007;QUA;NENHUM;NENHUM;CALMO (Nenhum Jogo);
18/10/2007;QUI;NENHUM;NENHUM;CALMO (Nenhum Jogo);
19/10/2007;SEX;EUROMILLIONS;EUROMILLIONS;TUDO PRESENTE E BEM DATADO;
20/10/2007;SAB;NENHUM;NENHUM;CALMO (Nenhum Jogo);
21/10/2007;DOM;NENHUM;NENHUM;CALMO (Nenhum Jogo);
22/10/2007;SEG;NENHUM;NENHUM;CALMO (Nenhum Jogo);
23/10/2007;TER;NENHUM;NENHUM;CALMO (Nenhum Jogo);
24/10/2007;QUA;NENHUM;NENHUM;CALMO (Nenhum Jogo);
25/10/2007;QUI;NENHUM;NENHUM;CALMO (Nenhum Jogo);
26/10/2007;SEX;EUROMILLIONS;EUROMILLIONS;TUDO PRESENTE E BEM DATADO;
27/10/2007;SAB;NENHUM;NENHUM;CALMO (Nenhum Jogo);
28/10/2007;DOM;NENHUM;NENHUM;CALMO (Nenhum Jogo);
29/10/2007;SEG;NENHUM;NENHUM;CALMO (Nenhum Jogo);
30/10/2007;TER;NENHUM;NENHUM;CALMO (Nenhum Jogo);
31/10/2007;QUA;NENHUM;NENHUM;CALMO (Nenhum Jogo);
01/11/2007;QUI;NENHUM;NENHUM;CALMO (Nenhum Jogo);
02/11/2007;SEX;EUROMILLIONS;EUROMILLIONS;TUDO PRESENTE E BEM DATADO;
03/11/2007;SAB;NENHUM;NENHUM;CALMO (Nenhum Jogo);
04/11/2007;DOM;NENHUM;NENHUM;CALMO (Nenhum Jogo);
05/11/2007;SEG;NENHUM;NENHUM;CALMO (Nenhum Jogo);
06/11/2007;TER;NENHUM;NENHUM;CALMO (Nenhum Jogo);
07/11/2007;QUA;NENHUM;NENHUM;CALMO (Nenhum Jogo);
08/11/2007;QUI;NENHUM;NENHUM;CALMO (Nenhum Jogo);
09/11/2007;SEX;EUROMILLIONS;EUROMILLIONS;TUDO PRESENTE E BEM DATADO;
10/11/2007;SAB;NENHUM;NENHUM;CALMO (Nenhum Jogo);
11/11/2007;DOM;NENHUM;NENHUM;CALMO (Nenhum Jogo);
12/11/2007;SEG;NENHUM;NENHUM;CALMO (Nenhum Jogo);
13/11/2007;TER;NENHUM;NENHUM;CALMO (Nenhum Jogo);
14/11/2007;QUA;NENHUM;NENHUM;CALMO (Nenhum Jogo);
15/11/2007;QUI;NENHUM;NENHUM;CALMO (Nenhum Jogo);
16/11/2007;SEX;EUROMILLIONS;EUROMILLIONS;TUDO PRESENTE E BEM DATADO;
17/11/2007;SAB;NENHUM;NENHUM;CALMO (Nenhum Jogo);
18/11/2007;DOM;NENHUM;NENHUM;CALMO (Nenhum Jogo);
19/11/2007;SEG;NENHUM;NENHUM;CALMO (Nenhum Jogo);
20/11/2007;TER;NENHUM;NENHUM;CALMO (Nenhum Jogo);
21/11/2007;QUA;NENHUM;NENHUM;CALMO (Nenhum Jogo);
22/11/2007;QUI;NENHUM;NENHUM;CALMO (Nenhum Jogo);
23/11/2007;SEX;EUROMILLIONS;EUROMILLIONS;TUDO PRESENTE E BEM DATADO;
24/11/2007;SAB;NENHUM;NENHUM;CALMO (Nenhum Jogo);
25/11/2007;DOM;NENHUM;NENHUM;CALMO (Nenhum Jogo);
26/11/2007;SEG;NENHUM;NENHUM;CALMO (Nenhum Jogo);
27/11/2007;TER;NENHUM;NENHUM;CALMO (Nenhum Jogo);
28/11/2007;QUA;NENHUM;NENHUM;CALMO (Nenhum Jogo);
29/11/2007;QUI;NENHUM;NENHUM;CALMO (Nenhum Jogo);
30/11/2007;SEX;EUROMILLIONS;EUROMILLIONS;TUDO PRESENTE E BEM DATADO;
01/12/2007;SAB;NENHUM;NENHUM;CALMO (Nenhum Jogo);
02/12/2007;DOM;NENHUM;NENHUM;CALMO (Nenhum Jogo);
03/12/2007;SEG;NENHUM;NENHUM;CALMO (Nenhum Jogo);
04/12/2007;TER;NENHUM;NENHUM;CALMO (Nenhum Jogo);
05/12/2007;QUA;NENHUM;NENHUM;CALMO (Nenhum Jogo);
06/12/2007;QUI;NENHUM;NENHUM;CALMO (Nenhum Jogo);
07/12/2007;SEX;EUROMILLIONS;EUROMILLIONS;TUDO PRESENTE E BEM DATADO;
08/12/2007;SAB;NENHUM;NENHUM;CALMO (Nenhum Jogo);
09/12/2007;DOM;NENHUM;NENHUM;CALMO (Nenhum Jogo);
10/12/2007;SEG;NENHUM;NENHUM;CALMO (Nenhum Jogo);
11/12/2007;TER;NENHUM;NENHUM;CALMO (Nenhum Jogo);
12/12/2007;QUA;NENHUM;NENHUM;CALMO (Nenhum Jogo);
13/12/2007;QUI;NENHUM;NENHUM;CALMO (Nenhum Jogo);
14/12/2007;SEX;EUROMILLIONS;EUROMILLIONS;TUDO PRESENTE E BEM DATADO;
15/12/2007;SAB;NENHUM;NENHUM;CALMO (Nenhum Jogo);
16/12/2007;DOM;NENHUM;NENHUM;CALMO (Nenhum Jogo);
17/12/2007;SEG;NENHUM;NENHUM;CALMO (Nenhum Jogo);
18/12/2007;TER;NENHUM;NENHUM;CALMO (Nenhum Jogo);
19/12/2007;QUA;NENHUM;NENHUM;CALMO (Nenhum Jogo);
20/12/2007;QUI;NENHUM;NENHUM;CALMO (Nenhum Jogo);
21/12/2007;SEX;EUROMILLIONS;EUROMILLIONS;TUDO PRESENTE E BEM DATADO;
22/12/2007;SAB;NENHUM;NENHUM;CALMO (Nenhum Jogo);
23/12/2007;DOM;NENHUM;NENHUM;CALMO (Nenhum Jogo);
24/12/2007;SEG;NENHUM;NENHUM;CALMO (Nenhum Jogo);
25/12/2007;TER;NENHUM;NENHUM;CALMO (Nenhum Jogo);
26/12/2007;QUA;NENHUM;NENHUM;CALMO (Nenhum Jogo);
27/12/2007;QUI;NENHUM;NENHUM;CALMO (Nenhum Jogo);
28/12/2007;SEX;EUROMILLIONS;EUROMILLIONS;TUDO PRESENTE E BEM DATADO;
29/12/2007;SAB;NENHUM;NENHUM;CALMO (Nenhum Jogo);
30/12/2007;DOM;NENHUM;NENHUM;CALMO (Nenhum Jogo);
31/12/2007;SEG;NENHUM;NENHUM;CALMO (Nenhum Jogo);
01/01/2008;TER;NENHUM;NENHUM;CALMO (Nenhum Jogo);
02/01/2008;QUA;NENHUM;NENHUM;CALMO (Nenhum Jogo);
03/01/2008;QUI;NENHUM;NENHUM;CALMO (Nenhum Jogo);
04/01/2008;SEX;EUROMILLIONS;EUROMILLIONS;TUDO PRESENTE E BEM DATADO;
05/01/2008;SAB;NENHUM;NENHUM;CALMO (Nenhum Jogo);
06/01/2008;DOM;NENHUM;NENHUM;CALMO (Nenhum Jogo);
07/01/2008;SEG;NENHUM;NENHUM;CALMO (Nenhum Jogo);
08/01/2008;TER;NENHUM;NENHUM;CALMO (Nenhum Jogo);
09/01/2008;QUA;NENHUM;NENHUM;CALMO (Nenhum Jogo);
10/01/2008;QUI;NENHUM;NENHUM;CALMO (Nenhum Jogo);
11/01/2008;SEX;EUROMILLIONS;EUROMILLIONS;TUDO PRESENTE E BEM DATADO;
12/01/2008;SAB;NENHUM;NENHUM;CALMO (Nenhum Jogo);
13/01/2008;DOM;NENHUM;NENHUM;CALMO (Nenhum Jogo);
14/01/2008;SEG;NENHUM;NENHUM;CALMO (Nenhum Jogo);
15/01/2008;TER;NENHUM;NENHUM;CALMO (Nenhum Jogo);
16/01/2008;QUA;NENHUM;NENHUM;CALMO (Nenhum Jogo);
17/01/2008;QUI;NENHUM;NENHUM;CALMO (Nenhum Jogo);
18/01/2008;SEX;EUROMILLIONS;EUROMILLIONS;TUDO PRESENTE E BEM DATADO;
19/01/2008;SAB;NENHUM;NENHUM;CALMO (Nenhum Jogo);
20/01/2008;DOM;NENHUM;NENHUM;CALMO (Nenhum Jogo);
21/01/2008;SEG;NENHUM;NENHUM;CALMO (Nenhum Jogo);
22/01/2008;TER;NENHUM;NENHUM;CALMO (Nenhum Jogo);
23/01/2008;QUA;NENHUM;NENHUM;CALMO (Nenhum Jogo);
24/01/2008;QUI;NENHUM;NENHUM;CALMO (Nenhum Jogo);
25/01/2008;SEX;EUROMILLIONS;EUROMILLIONS;TUDO PRESENTE E BEM DATADO;
26/01/2008;SAB;NENHUM;NENHUM;CALMO (Nenhum Jogo);
27/01/2008;DOM;NENHUM;NENHUM;CALMO (Nenhum Jogo);
28/01/2008;SEG;NENHUM;NENHUM;CALMO (Nenhum Jogo);
29/01/2008;TER;NENHUM;NENHUM;CALMO (Nenhum Jogo);
30/01/2008;QUA;NENHUM;NENHUM;CALMO (Nenhum Jogo);
31/01/2008;QUI;NENHUM;NENHUM;CALMO (Nenhum Jogo);
01/02/2008;SEX;EUROMILLIONS;EUROMILLIONS;TUDO PRESENTE E BEM DATADO;
02/02/2008;SAB;NENHUM;NENHUM;CALMO (Nenhum Jogo);
03/02/2008;DOM;NENHUM;NENHUM;CALMO (Nenhum Jogo);
04/02/2008;SEG;NENHUM;NENHUM;CALMO (Nenhum Jogo);
05/02/2008;TER;NENHUM;NENHUM;CALMO (Nenhum Jogo);
06/02/2008;QUA;NENHUM;NENHUM;CALMO (Nenhum Jogo);
07/02/2008;QUI;NENHUM;NENHUM;CALMO (Nenhum Jogo);
08/02/2008;SEX;EUROMILLIONS;EUROMILLIONS;TUDO PRESENTE E BEM DATADO;
09/02/2008;SAB;NENHUM;NENHUM;CALMO (Nenhum Jogo);
10/02/2008;DOM;NENHUM;NENHUM;CALMO (Nenhum Jogo);
11/02/2008;SEG;NENHUM;NENHUM;CALMO (Nenhum Jogo);
12/02/2008;TER;NENHUM;NENHUM;CALMO (Nenhum Jogo);
13/02/2008;QUA;NENHUM;NENHUM;CALMO (Nenhum Jogo);
14/02/2008;QUI;NENHUM;NENHUM;CALMO (Nenhum Jogo);
15/02/2008;SEX;EUROMILLIONS;EUROMILLIONS;TUDO PRESENTE E BEM DATADO;
16/02/2008;SAB;NENHUM;NENHUM;CALMO (Nenhum Jogo);
17/02/2008;DOM;NENHUM;NENHUM;CALMO (Nenhum Jogo);
18/02/2008;SEG;NENHUM;NENHUM;CALMO (Nenhum Jogo);
19/02/2008;TER;NENHUM;NENHUM;CALMO (Nenhum Jogo);
20/02/2008;QUA;NENHUM;NENHUM;CALMO (Nenhum Jogo);
21/02/2008;QUI;NENHUM;NENHUM;CALMO (Nenhum Jogo);
22/02/2008;SEX;EUROMILLIONS;EUROMILLIONS;TUDO PRESENTE E BEM DATADO;
23/02/2008;SAB;NENHUM;NENHUM;CALMO (Nenhum Jogo);
24/02/2008;DOM;NENHUM;NENHUM;CALMO (Nenhum Jogo);
25/02/2008;SEG;NENHUM;NENHUM;CALMO (Nenhum Jogo);
26/02/2008;TER;NENHUM;NENHUM;CALMO (Nenhum Jogo);
27/02/2008;QUA;NENHUM;NENHUM;CALMO (Nenhum Jogo);
28/02/2008;QUI;NENHUM;NENHUM;CALMO (Nenhum Jogo);
29/02/2008;SEX;EUROMILLIONS;EUROMILLIONS;TUDO PRESENTE E BEM DATADO;
01/03/2008;SAB;NENHUM;NENHUM;CALMO (Nenhum Jogo);
02/03/2008;DOM;NENHUM;NENHUM;CALMO (Nenhum Jogo);
03/03/2008;SEG;NENHUM;NENHUM;CALMO (Nenhum Jogo);
04/03/2008;TER;NENHUM;NENHUM;CALMO (Nenhum Jogo);
05/03/2008;QUA;NENHUM;NENHUM;CALMO (Nenhum Jogo);
06/03/2008;QUI;NENHUM;NENHUM;CALMO (Nenhum Jogo);
07/03/2008;SEX;EUROMILLIONS;EUROMILLIONS;TUDO PRESENTE E BEM DATADO;
08/03/2008;SAB;NENHUM;NENHUM;CALMO (Nenhum Jogo);
09/03/2008;DOM;NENHUM;NENHUM;CALMO (Nenhum Jogo);
10/03/2008;SEG;NENHUM;NENHUM;CALMO (Nenhum Jogo);
11/03/2008;TER;NENHUM;NENHUM;CALMO (Nenhum Jogo);
12/03/2008;QUA;NENHUM;NENHUM;CALMO (Nenhum Jogo);
13/03/2008;QUI;NENHUM;NENHUM;CALMO (Nenhum Jogo);
14/03/2008;SEX;EUROMILLIONS;EUROMILLIONS;TUDO PRESENTE E BEM DATADO;
15/03/2008;SAB;NENHUM;NENHUM;CALMO (Nenhum Jogo);
16/03/2008;DOM;NENHUM;NENHUM;CALMO (Nenhum Jogo);
17/03/2008;SEG;NENHUM;NENHUM;CALMO (Nenhum Jogo);
18/03/2008;TER;NENHUM;NENHUM;CALMO (Nenhum Jogo);
19/03/2008;QUA;NENHUM;NENHUM;CALMO (Nenhum Jogo);
20/03/2008;QUI;NENHUM;NENHUM;CALMO (Nenhum Jogo);
21/03/2008;SEX;EUROMILLIONS;EUROMILLIONS;TUDO PRESENTE E BEM DATADO;
22/03/2008;SAB;NENHUM;NENHUM;CALMO (Nenhum Jogo);
23/03/2008;DOM;NENHUM;NENHUM;CALMO (Nenhum Jogo);
24/03/2008;SEG;NENHUM;NENHUM;CALMO (Nenhum Jogo);
25/03/2008;TER;NENHUM;NENHUM;CALMO (Nenhum Jogo);
26/03/2008;QUA;NENHUM;NENHUM;CALMO (Nenhum Jogo);
27/03/2008;QUI;NENHUM;NENHUM;CALMO (Nenhum Jogo);
28/03/2008;SEX;EUROMILLIONS;EUROMILLIONS;TUDO PRESENTE E BEM DATADO;
29/03/2008;SAB;NENHUM;NENHUM;CALMO (Nenhum Jogo);
30/03/2008;DOM;NENHUM;NENHUM;CALMO (Nenhum Jogo);
31/03/2008;SEG;NENHUM;NENHUM;CALMO (Nenhum Jogo);
01/04/2008;TER;NENHUM;NENHUM;CALMO (Nenhum Jogo);
02/04/2008;QUA;NENHUM;NENHUM;CALMO (Nenhum Jogo);
03/04/2008;QUI;NENHUM;NENHUM;CALMO (Nenhum Jogo);
04/04/2008;SEX;EUROMILLIONS;EUROMILLIONS;TUDO PRESENTE E BEM DATADO;
05/04/2008;SAB;NENHUM;NENHUM;CALMO (Nenhum Jogo);
06/04/2008;DOM;NENHUM;NENHUM;CALMO (Nenhum Jogo);
07/04/2008;SEG;NENHUM;NENHUM;CALMO (Nenhum Jogo);
08/04/2008;TER;NENHUM;NENHUM;CALMO (Nenhum Jogo);
09/04/2008;QUA;NENHUM;NENHUM;CALMO (Nenhum Jogo);
10/04/2008;QUI;NENHUM;NENHUM;CALMO (Nenhum Jogo);
11/04/2008;SEX;EUROMILLIONS;EUROMILLIONS;TUDO PRESENTE E BEM DATADO;
12/04/2008;SAB;NENHUM;NENHUM;CALMO (Nenhum Jogo);
13/04/2008;DOM;NENHUM;NENHUM;CALMO (Nenhum Jogo);
14/04/2008;SEG;NENHUM;NENHUM;CALMO (Nenhum Jogo);
15/04/2008;TER;NENHUM;NENHUM;CALMO (Nenhum Jogo);
16/04/2008;QUA;NENHUM;NENHUM;CALMO (Nenhum Jogo);
17/04/2008;QUI;NENHUM;NENHUM;CALMO (Nenhum Jogo);
18/04/2008;SEX;EUROMILLIONS;EUROMILLIONS;TUDO PRESENTE E BEM DATADO;
19/04/2008;SAB;NENHUM;NENHUM;CALMO (Nenhum Jogo);
20/04/2008;DOM;NENHUM;NENHUM;CALMO (Nenhum Jogo);
21/04/2008;SEG;NENHUM;NENHUM;CALMO (Nenhum Jogo);
22/04/2008;TER;NENHUM;NENHUM;CALMO (Nenhum Jogo);
23/04/2008;QUA;NENHUM;NENHUM;CALMO (Nenhum Jogo);
24/04/2008;QUI;NENHUM;NENHUM;CALMO (Nenhum Jogo);
25/04/2008;SEX;EUROMILLIONS;EUROMILLIONS;TUDO PRESENTE E BEM DATADO;
26/04/2008;SAB;NENHUM;NENHUM;CALMO (Nenhum Jogo);
27/04/2008;DOM;NENHUM;NENHUM;CALMO (Nenhum Jogo);
28/04/2008;SEG;NENHUM;NENHUM;CALMO (Nenhum Jogo);
29/04/2008;TER;NENHUM;NENHUM;CALMO (Nenhum Jogo);
30/04/2008;QUA;NENHUM;NENHUM;CALMO (Nenhum Jogo);
01/05/2008;QUI;NENHUM;NENHUM;CALMO (Nenhum Jogo);
02/05/2008;SEX;EUROMILLIONS;EUROMILLIONS;TUDO PRESENTE E BEM DATADO;
03/05/2008;SAB;NENHUM;NENHUM;CALMO (Nenhum Jogo);
04/05/2008;DOM;NENHUM;NENHUM;CALMO (Nenhum Jogo);
05/05/2008;SEG;NENHUM;NENHUM;CALMO (Nenhum Jogo);
06/05/2008;TER;NENHUM;NENHUM;CALMO (Nenhum Jogo);
07/05/2008;QUA;NENHUM;NENHUM;CALMO (Nenhum Jogo);
08/05/2008;QUI;NENHUM;NENHUM;CALMO (Nenhum Jogo);
09/05/2008;SEX;EUROMILLIONS;EUROMILLIONS;TUDO PRESENTE E BEM DATADO;
10/05/2008;SAB;NENHUM;NENHUM;CALMO (Nenhum Jogo);
11/05/2008;DOM;NENHUM;NENHUM;CALMO (Nenhum Jogo);
12/05/2008;SEG;NENHUM;NENHUM;CALMO (Nenhum Jogo);
13/05/2008;TER;NENHUM;NENHUM;CALMO (Nenhum Jogo);
14/05/2008;QUA;NENHUM;NENHUM;CALMO (Nenhum Jogo);
15/05/2008;QUI;NENHUM;NENHUM;CALMO (Nenhum Jogo);
16/05/2008;SEX;EUROMILLIONS;EUROMILLIONS;TUDO PRESENTE E BEM DATADO;
17/05/2008;SAB;NENHUM;NENHUM;CALMO (Nenhum Jogo);
18/05/2008;DOM;NENHUM;NENHUM;CALMO (Nenhum Jogo);
19/05/2008;SEG;NENHUM;NENHUM;CALMO (Nenhum Jogo);
20/05/2008;TER;NENHUM;NENHUM;CALMO (Nenhum Jogo);
21/05/2008;QUA;NENHUM;NENHUM;CALMO (Nenhum Jogo);
22/05/2008;QUI;NENHUM;NENHUM;CALMO (Nenhum Jogo);
23/05/2008;SEX;EUROMILLIONS;EUROMILLIONS;TUDO PRESENTE E BEM DATADO;
24/05/2008;SAB;NENHUM;NENHUM;CALMO (Nenhum Jogo);
25/05/2008;DOM;NENHUM;NENHUM;CALMO (Nenhum Jogo);
26/05/2008;SEG;NENHUM;NENHUM;CALMO (Nenhum Jogo);
27/05/2008;TER;NENHUM;NENHUM;CALMO (Nenhum Jogo);
28/05/2008;QUA;NENHUM;NENHUM;CALMO (Nenhum Jogo);
29/05/2008;QUI;NENHUM;NENHUM;CALMO (Nenhum Jogo);
30/05/2008;SEX;EUROMILLIONS;EUROMILLIONS;TUDO PRESENTE E BEM DATADO;
31/05/2008;SAB;NENHUM;NENHUM;CALMO (Nenhum Jogo);
01/06/2008;DOM;NENHUM;NENHUM;CALMO (Nenhum Jogo);
02/06/2008;SEG;NENHUM;NENHUM;CALMO (Nenhum Jogo);
03/06/2008;TER;NENHUM;NENHUM;CALMO (Nenhum Jogo);
04/06/2008;QUA;NENHUM;NENHUM;CALMO (Nenhum Jogo);
05/06/2008;QUI;NENHUM;NENHUM;CALMO (Nenhum Jogo);
06/06/2008;SEX;EUROMILLIONS;EUROMILLIONS;TUDO PRESENTE E BEM DATADO;
07/06/2008;SAB;NENHUM;NENHUM;CALMO (Nenhum Jogo);
08/06/2008;DOM;NENHUM;NENHUM;CALMO (Nenhum Jogo);
09/06/2008;SEG;NENHUM;NENHUM;CALMO (Nenhum Jogo);
10/06/2008;TER;NENHUM;NENHUM;CALMO (Nenhum Jogo);
11/06/2008;QUA;NENHUM;NENHUM;CALMO (Nenhum Jogo);
12/06/2008;QUI;NENHUM;NENHUM;CALMO (Nenhum Jogo);
13/06/2008;SEX;EUROMILLIONS;EUROMILLIONS;TUDO PRESENTE E BEM DATADO;
14/06/2008;SAB;NENHUM;NENHUM;CALMO (Nenhum Jogo);
15/06/2008;DOM;NENHUM;NENHUM;CALMO (Nenhum Jogo);
16/06/2008;SEG;NENHUM;NENHUM;CALMO (Nenhum Jogo);
17/06/2008;TER;NENHUM;NENHUM;CALMO (Nenhum Jogo);
18/06/2008;QUA;NENHUM;NENHUM;CALMO (Nenhum Jogo);
19/06/2008;QUI;NENHUM;NENHUM;CALMO (Nenhum Jogo);
20/06/2008;SEX;EUROMILLIONS;EUROMILLIONS;TUDO PRESENTE E BEM DATADO;
21/06/2008;SAB;NENHUM;NENHUM;CALMO (Nenhum Jogo);
22/06/2008;DOM;NENHUM;NENHUM;CALMO (Nenhum Jogo);
23/06/2008;SEG;NENHUM;NENHUM;CALMO (Nenhum Jogo);
24/06/2008;TER;NENHUM;NENHUM;CALMO (Nenhum Jogo);
25/06/2008;QUA;NENHUM;NENHUM;CALMO (Nenhum Jogo);
26/06/2008;QUI;NENHUM;NENHUM;CALMO (Nenhum Jogo);
27/06/2008;SEX;EUROMILLIONS;EUROMILLIONS;TUDO PRESENTE E BEM DATADO;
28/06/2008;SAB;NENHUM;NENHUM;CALMO (Nenhum Jogo);
29/06/2008;DOM;NENHUM;NENHUM;CALMO (Nenhum Jogo);
30/06/2008;SEG;NENHUM;NENHUM;CALMO (Nenhum Jogo);
01/07/2008;TER;NENHUM;NENHUM;CALMO (Nenhum Jogo);
02/07/2008;QUA;NENHUM;NENHUM;CALMO (Nenhum Jogo);
03/07/2008;QUI;NENHUM;NENHUM;CALMO (Nenhum Jogo);
04/07/2008;SEX;EUROMILLIONS;EUROMILLIONS;TUDO PRESENTE E BEM DATADO;
05/07/2008;SAB;NENHUM;NENHUM;CALMO (Nenhum Jogo);
06/07/2008;DOM;NENHUM;NENHUM;CALMO (Nenhum Jogo);
07/07/2008;SEG;NENHUM;NENHUM;CALMO (Nenhum Jogo);
08/07/2008;TER;NENHUM;NENHUM;CALMO (Nenhum Jogo);
09/07/2008;QUA;NENHUM;NENHUM;CALMO (Nenhum Jogo);
10/07/2008;QUI;NENHUM;NENHUM;CALMO (Nenhum Jogo);
11/07/2008;SEX;EUROMILLIONS;EUROMILLIONS;TUDO PRESENTE E BEM DATADO;
12/07/2008;SAB;NENHUM;NENHUM;CALMO (Nenhum Jogo);
13/07/2008;DOM;NENHUM;NENHUM;CALMO (Nenhum Jogo);
14/07/2008;SEG;NENHUM;NENHUM;CALMO (Nenhum Jogo);
15/07/2008;TER;NENHUM;NENHUM;CALMO (Nenhum Jogo);
16/07/2008;QUA;NENHUM;NENHUM;CALMO (Nenhum Jogo);
17/07/2008;QUI;NENHUM;NENHUM;CALMO (Nenhum Jogo);
18/07/2008;SEX;EUROMILLIONS;EUROMILLIONS;TUDO PRESENTE E BEM DATADO;
19/07/2008;SAB;NENHUM;NENHUM;CALMO (Nenhum Jogo);
20/07/2008;DOM;NENHUM;NENHUM;CALMO (Nenhum Jogo);
21/07/2008;SEG;NENHUM;NENHUM;CALMO (Nenhum Jogo);
22/07/2008;TER;NENHUM;NENHUM;CALMO (Nenhum Jogo);
23/07/2008;QUA;NENHUM;NENHUM;CALMO (Nenhum Jogo);
24/07/2008;QUI;NENHUM;NENHUM;CALMO (Nenhum Jogo);
25/07/2008;SEX;EUROMILLIONS;EUROMILLIONS;TUDO PRESENTE E BEM DATADO;
26/07/2008;SAB;NENHUM;NENHUM;CALMO (Nenhum Jogo);
27/07/2008;DOM;NENHUM;NENHUM;CALMO (Nenhum Jogo);
28/07/2008;SEG;NENHUM;NENHUM;CALMO (Nenhum Jogo);
29/07/2008;TER;NENHUM;NENHUM;CALMO (Nenhum Jogo);
30/07/2008;QUA;NENHUM;NENHUM;CALMO (Nenhum Jogo);
31/07/2008;QUI;NENHUM;NENHUM;CALMO (Nenhum Jogo);
01/08/2008;SEX;EUROMILLIONS;EUROMILLIONS;TUDO PRESENTE E BEM DATADO;
02/08/2008;SAB;NENHUM;NENHUM;CALMO (Nenhum Jogo);
03/08/2008;DOM;NENHUM;NENHUM;CALMO (Nenhum Jogo);
04/08/2008;SEG;NENHUM;NENHUM;CALMO (Nenhum Jogo);
05/08/2008;TER;NENHUM;NENHUM;CALMO (Nenhum Jogo);
06/08/2008;QUA;NENHUM;NENHUM;CALMO (Nenhum Jogo);
07/08/2008;QUI;NENHUM;NENHUM;CALMO (Nenhum Jogo);
08/08/2008;SEX;EUROMILLIONS;EUROMILLIONS;TUDO PRESENTE E BEM DATADO;
09/08/2008;SAB;NENHUM;NENHUM;CALMO (Nenhum Jogo);
10/08/2008;DOM;NENHUM;NENHUM;CALMO (Nenhum Jogo);
11/08/2008;SEG;NENHUM;NENHUM;CALMO (Nenhum Jogo);
12/08/2008;TER;NENHUM;NENHUM;CALMO (Nenhum Jogo);
13/08/2008;QUA;NENHUM;NENHUM;CALMO (Nenhum Jogo);
14/08/2008;QUI;NENHUM;NENHUM;CALMO (Nenhum Jogo);
15/08/2008;SEX;EUROMILLIONS;EUROMILLIONS;TUDO PRESENTE E BEM DATADO;
16/08/2008;SAB;NENHUM;NENHUM;CALMO (Nenhum Jogo);
17/08/2008;DOM;NENHUM;NENHUM;CALMO (Nenhum Jogo);
18/08/2008;SEG;NENHUM;NENHUM;CALMO (Nenhum Jogo);
19/08/2008;TER;NENHUM;NENHUM;CALMO (Nenhum Jogo);
20/08/2008;QUA;NENHUM;NENHUM;CALMO (Nenhum Jogo);
21/08/2008;QUI;NENHUM;NENHUM;CALMO (Nenhum Jogo);
22/08/2008;SEX;EUROMILLIONS;EUROMILLIONS;TUDO PRESENTE E BEM DATADO;
23/08/2008;SAB;NENHUM;NENHUM;CALMO (Nenhum Jogo);
24/08/2008;DOM;NENHUM;NENHUM;CALMO (Nenhum Jogo);
25/08/2008;SEG;NENHUM;NENHUM;CALMO (Nenhum Jogo);
26/08/2008;TER;NENHUM;NENHUM;CALMO (Nenhum Jogo);
27/08/2008;QUA;NENHUM;NENHUM;CALMO (Nenhum Jogo);
28/08/2008;QUI;NENHUM;NENHUM;CALMO (Nenhum Jogo);
29/08/2008;SEX;EUROMILLIONS;EUROMILLIONS;TUDO PRESENTE E BEM DATADO;
30/08/2008;SAB;NENHUM;NENHUM;CALMO (Nenhum Jogo);
31/08/2008;DOM;NENHUM;NENHUM;CALMO (Nenhum Jogo);
01/09/2008;SEG;NENHUM;NENHUM;CALMO (Nenhum Jogo);
02/09/2008;TER;NENHUM;NENHUM;CALMO (Nenhum Jogo);
03/09/2008;QUA;NENHUM;NENHUM;CALMO (Nenhum Jogo);
04/09/2008;QUI;NENHUM;NENHUM;CALMO (Nenhum Jogo);
05/09/2008;SEX;EUROMILLIONS;EUROMILLIONS;TUDO PRESENTE E BEM DATADO;
06/09/2008;SAB;NENHUM;NENHUM;CALMO (Nenhum Jogo);
07/09/2008;DOM;NENHUM;NENHUM;CALMO (Nenhum Jogo);
08/09/2008;SEG;NENHUM;NENHUM;CALMO (Nenhum Jogo);
09/09/2008;TER;NENHUM;NENHUM;CALMO (Nenhum Jogo);
10/09/2008;QUA;NENHUM;NENHUM;CALMO (Nenhum Jogo);
11/09/2008;QUI;NENHUM;NENHUM;CALMO (Nenhum Jogo);
12/09/2008;SEX;EUROMILLIONS;EUROMILLIONS;TUDO PRESENTE E BEM DATADO;
13/09/2008;SAB;NENHUM;NENHUM;CALMO (Nenhum Jogo);
14/09/2008;DOM;NENHUM;NENHUM;CALMO (Nenhum Jogo);
15/09/2008;SEG;NENHUM;NENHUM;CALMO (Nenhum Jogo);
16/09/2008;TER;NENHUM;NENHUM;CALMO (Nenhum Jogo);
17/09/2008;QUA;NENHUM;NENHUM;CALMO (Nenhum Jogo);
18/09/2008;QUI;NENHUM;NENHUM;CALMO (Nenhum Jogo);
19/09/2008;SEX;EUROMILLIONS;EUROMILLIONS;TUDO PRESENTE E BEM DATADO;
20/09/2008;SAB;NENHUM;NENHUM;CALMO (Nenhum Jogo);
21/09/2008;DOM;NENHUM;NENHUM;CALMO (Nenhum Jogo);
22/09/2008;SEG;NENHUM;NENHUM;CALMO (Nenhum Jogo);
23/09/2008;TER;NENHUM;NENHUM;CALMO (Nenhum Jogo);
24/09/2008;QUA;NENHUM;NENHUM;CALMO (Nenhum Jogo);
25/09/2008;QUI;NENHUM;NENHUM;CALMO (Nenhum Jogo);
26/09/2008;SEX;EUROMILLIONS;EUROMILLIONS;TUDO PRESENTE E BEM DATADO;
27/09/2008;SAB;NENHUM;NENHUM;CALMO (Nenhum Jogo);
28/09/2008;DOM;NENHUM;NENHUM;CALMO (Nenhum Jogo);
29/09/2008;SEG;NENHUM;NENHUM;CALMO (Nenhum Jogo);
30/09/2008;TER;NENHUM;NENHUM;CALMO (Nenhum Jogo);
01/10/2008;QUA;NENHUM;NENHUM;CALMO (Nenhum Jogo);
02/10/2008;QUI;NENHUM;NENHUM;CALMO (Nenhum Jogo);
03/10/2008;SEX;EUROMILLIONS;EUROMILLIONS;TUDO PRESENTE E BEM DATADO;
04/10/2008;SAB;NENHUM;NENHUM;CALMO (Nenhum Jogo);
05/10/2008;DOM;NENHUM;NENHUM;CALMO (Nenhum Jogo);
06/10/2008;SEG;NENHUM;NENHUM;CALMO (Nenhum Jogo);
07/10/2008;TER;NENHUM;NENHUM;CALMO (Nenhum Jogo);
08/10/2008;QUA;NENHUM;NENHUM;CALMO (Nenhum Jogo);
09/10/2008;QUI;NENHUM;NENHUM;CALMO (Nenhum Jogo);
10/10/2008;SEX;EUROMILLIONS;EUROMILLIONS;TUDO PRESENTE E BEM DATADO;
11/10/2008;SAB;NENHUM;NENHUM;CALMO (Nenhum Jogo);
12/10/2008;DOM;NENHUM;NENHUM;CALMO (Nenhum Jogo);
13/10/2008;SEG;NENHUM;NENHUM;CALMO (Nenhum Jogo);
14/10/2008;TER;NENHUM;NENHUM;CALMO (Nenhum Jogo);
15/10/2008;QUA;NENHUM;NENHUM;CALMO (Nenhum Jogo);
16/10/2008;QUI;NENHUM;NENHUM;CALMO (Nenhum Jogo);
17/10/2008;SEX;EUROMILLIONS;EUROMILLIONS;TUDO PRESENTE E BEM DATADO;
18/10/2008;SAB;NENHUM;NENHUM;CALMO (Nenhum Jogo);
19/10/2008;DOM;NENHUM;NENHUM;CALMO (Nenhum Jogo);
20/10/2008;SEG;NENHUM;NENHUM;CALMO (Nenhum Jogo);
21/10/2008;TER;NENHUM;NENHUM;CALMO (Nenhum Jogo);
22/10/2008;QUA;NENHUM;NENHUM;CALMO (Nenhum Jogo);
23/10/2008;QUI;NENHUM;NENHUM;CALMO (Nenhum Jogo);
24/10/2008;SEX;EUROMILLIONS;EUROMILLIONS;TUDO PRESENTE E BEM DATADO;
25/10/2008;SAB;NENHUM;NENHUM;CALMO (Nenhum Jogo);
26/10/2008;DOM;NENHUM;NENHUM;CALMO (Nenhum Jogo);
27/10/2008;SEG;NENHUM;NENHUM;CALMO (Nenhum Jogo);
28/10/2008;TER;NENHUM;NENHUM;CALMO (Nenhum Jogo);
29/10/2008;QUA;NENHUM;NENHUM;CALMO (Nenhum Jogo);
30/10/2008;QUI;NENHUM;NENHUM;CALMO (Nenhum Jogo);
31/10/2008;SEX;EUROMILLIONS;EUROMILLIONS;TUDO PRESENTE E BEM DATADO;
01/11/2008;SAB;NENHUM;NENHUM;CALMO (Nenhum Jogo);
02/11/2008;DOM;NENHUM;NENHUM;CALMO (Nenhum Jogo);
03/11/2008;SEG;NENHUM;NENHUM;CALMO (Nenhum Jogo);
04/11/2008;TER;NENHUM;NENHUM;CALMO (Nenhum Jogo);
05/11/2008;QUA;NENHUM;NENHUM;CALMO (Nenhum Jogo);
06/11/2008;QUI;NENHUM;NENHUM;CALMO (Nenhum Jogo);
07/11/2008;SEX;EUROMILLIONS;EUROMILLIONS;TUDO PRESENTE E BEM DATADO;
08/11/2008;SAB;NENHUM;NENHUM;CALMO (Nenhum Jogo);
09/11/2008;DOM;NENHUM;NENHUM;CALMO (Nenhum Jogo);
10/11/2008;SEG;NENHUM;NENHUM;CALMO (Nenhum Jogo);
11/11/2008;TER;NENHUM;NENHUM;CALMO (Nenhum Jogo);
12/11/2008;QUA;NENHUM;NENHUM;CALMO (Nenhum Jogo);
13/11/2008;QUI;NENHUM;NENHUM;CALMO (Nenhum Jogo);
14/11/2008;SEX;EUROMILLIONS;EUROMILLIONS;TUDO PRESENTE E BEM DATADO;
15/11/2008;SAB;NENHUM;NENHUM;CALMO (Nenhum Jogo);
16/11/2008;DOM;NENHUM;NENHUM;CALMO (Nenhum Jogo);
17/11/2008;SEG;NENHUM;NENHUM;CALMO (Nenhum Jogo);
18/11/2008;TER;NENHUM;NENHUM;CALMO (Nenhum Jogo);
19/11/2008;QUA;NENHUM;NENHUM;CALMO (Nenhum Jogo);
20/11/2008;QUI;NENHUM;NENHUM;CALMO (Nenhum Jogo);
21/11/2008;SEX;EUROMILLIONS;EUROMILLIONS;TUDO PRESENTE E BEM DATADO;
22/11/2008;SAB;NENHUM;NENHUM;CALMO (Nenhum Jogo);
23/11/2008;DOM;NENHUM;NENHUM;CALMO (Nenhum Jogo);
24/11/2008;SEG;NENHUM;NENHUM;CALMO (Nenhum Jogo);
25/11/2008;TER;NENHUM;NENHUM;CALMO (Nenhum Jogo);
26/11/2008;QUA;NENHUM;NENHUM;CALMO (Nenhum Jogo);
27/11/2008;QUI;NENHUM;NENHUM;CALMO (Nenhum Jogo);
28/11/2008;SEX;EUROMILLIONS;EUROMILLIONS;TUDO PRESENTE E BEM DATADO;
29/11/2008;SAB;NENHUM;NENHUM;CALMO (Nenhum Jogo);
30/11/2008;DOM;NENHUM;NENHUM;CALMO (Nenhum Jogo);
01/12/2008;SEG;NENHUM;NENHUM;CALMO (Nenhum Jogo);
02/12/2008;TER;NENHUM;NENHUM;CALMO (Nenhum Jogo);
03/12/2008;QUA;NENHUM;NENHUM;CALMO (Nenhum Jogo);
04/12/2008;QUI;NENHUM;NENHUM;CALMO (Nenhum Jogo);
05/12/2008;SEX;EUROMILLIONS;EUROMILLIONS;TUDO PRESENTE E BEM DATADO;
06/12/2008;SAB;NENHUM;NENHUM;CALMO (Nenhum Jogo);
07/12/2008;DOM;NENHUM;NENHUM;CALMO (Nenhum Jogo);
08/12/2008;SEG;NENHUM;NENHUM;CALMO (Nenhum Jogo);
09/12/2008;TER;NENHUM;NENHUM;CALMO (Nenhum Jogo);
10/12/2008;QUA;NENHUM;NENHUM;CALMO (Nenhum Jogo);
11/12/2008;QUI;NENHUM;NENHUM;CALMO (Nenhum Jogo);
12/12/2008;SEX;EUROMILLIONS;EUROMILLIONS;TUDO PRESENTE E BEM DATADO;
13/12/2008;SAB;NENHUM;NENHUM;CALMO (Nenhum Jogo);
14/12/2008;DOM;NENHUM;NENHUM;CALMO (Nenhum Jogo);
15/12/2008;SEG;NENHUM;NENHUM;CALMO (Nenhum Jogo);
16/12/2008;TER;NENHUM;NENHUM;CALMO (Nenhum Jogo);
17/12/2008;QUA;NENHUM;NENHUM;CALMO (Nenhum Jogo);
18/12/2008;QUI;NENHUM;NENHUM;CALMO (Nenhum Jogo);
19/12/2008;SEX;EUROMILLIONS;EUROMILLIONS;TUDO PRESENTE E BEM DATADO;
20/12/2008;SAB;NENHUM;NENHUM;CALMO (Nenhum Jogo);
21/12/2008;DOM;NENHUM;NENHUM;CALMO (Nenhum Jogo);
22/12/2008;SEG;NENHUM;NENHUM;CALMO (Nenhum Jogo);
23/12/2008;TER;NENHUM;NENHUM;CALMO (Nenhum Jogo);
24/12/2008;QUA;NENHUM;NENHUM;CALMO (Nenhum Jogo);
25/12/2008;QUI;NENHUM;NENHUM;CALMO (Nenhum Jogo);
26/12/2008;SEX;EUROMILLIONS;EUROMILLIONS;TUDO PRESENTE E BEM DATADO;
27/12/2008;SAB;NENHUM;NENHUM;CALMO (Nenhum Jogo);
28/12/2008;DOM;NENHUM;NENHUM;CALMO (Nenhum Jogo);
29/12/2008;SEG;NENHUM;NENHUM;CALMO (Nenhum Jogo);
30/12/2008;TER;NENHUM;NENHUM;CALMO (Nenhum Jogo);
31/12/2008;QUA;NENHUM;NENHUM;CALMO (Nenhum Jogo);
01/01/2009;QUI;NENHUM;NENHUM;CALMO (Nenhum Jogo);
02/01/2009;SEX;EUROMILLIONS;EUROMILLIONS;TUDO PRESENTE E BEM DATADO;
03/01/2009;SAB;NENHUM;NENHUM;CALMO (Nenhum Jogo);
04/01/2009;DOM;NENHUM;NENHUM;CALMO (Nenhum Jogo);
05/01/2009;SEG;NENHUM;NENHUM;CALMO (Nenhum Jogo);
06/01/2009;TER;NENHUM;NENHUM;CALMO (Nenhum Jogo);
07/01/2009;QUA;NENHUM;NENHUM;CALMO (Nenhum Jogo);
08/01/2009;QUI;NENHUM;NENHUM;CALMO (Nenhum Jogo);
09/01/2009;SEX;EUROMILLIONS;EUROMILLIONS;TUDO PRESENTE E BEM DATADO;
10/01/2009;SAB;NENHUM;NENHUM;CALMO (Nenhum Jogo);
11/01/2009;DOM;NENHUM;NENHUM;CALMO (Nenhum Jogo);
12/01/2009;SEG;NENHUM;NENHUM;CALMO (Nenhum Jogo);
13/01/2009;TER;NENHUM;NENHUM;CALMO (Nenhum Jogo);
14/01/2009;QUA;NENHUM;NENHUM;CALMO (Nenhum Jogo);
15/01/2009;QUI;NENHUM;NENHUM;CALMO (Nenhum Jogo);
16/01/2009;SEX;EUROMILLIONS;EUROMILLIONS;TUDO PRESENTE E BEM DATADO;
17/01/2009;SAB;NENHUM;NENHUM;CALMO (Nenhum Jogo);
18/01/2009;DOM;NENHUM;NENHUM;CALMO (Nenhum Jogo);
19/01/2009;SEG;NENHUM;NENHUM;CALMO (Nenhum Jogo);
20/01/2009;TER;NENHUM;NENHUM;CALMO (Nenhum Jogo);
21/01/2009;QUA;NENHUM;NENHUM;CALMO (Nenhum Jogo);
22/01/2009;QUI;NENHUM;NENHUM;CALMO (Nenhum Jogo);
23/01/2009;SEX;EUROMILLIONS;EUROMILLIONS;TUDO PRESENTE E BEM DATADO;
24/01/2009;SAB;NENHUM;NENHUM;CALMO (Nenhum Jogo);
25/01/2009;DOM;NENHUM;NENHUM;CALMO (Nenhum Jogo);
26/01/2009;SEG;NENHUM;NENHUM;CALMO (Nenhum Jogo);
27/01/2009;TER;NENHUM;NENHUM;CALMO (Nenhum Jogo);
28/01/2009;QUA;NENHUM;NENHUM;CALMO (Nenhum Jogo);
29/01/2009;QUI;NENHUM;NENHUM;CALMO (Nenhum Jogo);
30/01/2009;SEX;EUROMILLIONS;EUROMILLIONS;TUDO PRESENTE E BEM DATADO;
31/01/2009;SAB;NENHUM;NENHUM;CALMO (Nenhum Jogo);
01/02/2009;DOM;NENHUM;NENHUM;CALMO (Nenhum Jogo);
02/02/2009;SEG;NENHUM;NENHUM;CALMO (Nenhum Jogo);
03/02/2009;TER;NENHUM;NENHUM;CALMO (Nenhum Jogo);
04/02/2009;QUA;NENHUM;NENHUM;CALMO (Nenhum Jogo);
05/02/2009;QUI;NENHUM;NENHUM;CALMO (Nenhum Jogo);
06/02/2009;SEX;EUROMILLIONS;EUROMILLIONS;TUDO PRESENTE E BEM DATADO;
07/02/2009;SAB;NENHUM;NENHUM;CALMO (Nenhum Jogo);
08/02/2009;DOM;NENHUM;NENHUM;CALMO (Nenhum Jogo);
09/02/2009;SEG;NENHUM;NENHUM;CALMO (Nenhum Jogo);
10/02/2009;TER;NENHUM;NENHUM;CALMO (Nenhum Jogo);
11/02/2009;QUA;NENHUM;NENHUM;CALMO (Nenhum Jogo);
12/02/2009;QUI;NENHUM;NENHUM;CALMO (Nenhum Jogo);
13/02/2009;SEX;EUROMILLIONS;EUROMILLIONS;TUDO PRESENTE E BEM DATADO;
14/02/2009;SAB;NENHUM;NENHUM;CALMO (Nenhum Jogo);
15/02/2009;DOM;NENHUM;NENHUM;CALMO (Nenhum Jogo);
16/02/2009;SEG;NENHUM;NENHUM;CALMO (Nenhum Jogo);
17/02/2009;TER;NENHUM;NENHUM;CALMO (Nenhum Jogo);
18/02/2009;QUA;NENHUM;NENHUM;CALMO (Nenhum Jogo);
19/02/2009;QUI;NENHUM;NENHUM;CALMO (Nenhum Jogo);
20/02/2009;SEX;EUROMILLIONS;EUROMILLIONS;TUDO PRESENTE E BEM DATADO;
21/02/2009;SAB;NENHUM;NENHUM;CALMO (Nenhum Jogo);
22/02/2009;DOM;NENHUM;NENHUM;CALMO (Nenhum Jogo);
23/02/2009;SEG;NENHUM;NENHUM;CALMO (Nenhum Jogo);
24/02/2009;TER;NENHUM;NENHUM;CALMO (Nenhum Jogo);
25/02/2009;QUA;NENHUM;NENHUM;CALMO (Nenhum Jogo);
26/02/2009;QUI;NENHUM;NENHUM;CALMO (Nenhum Jogo);
27/02/2009;SEX;EUROMILLIONS;EUROMILLIONS;TUDO PRESENTE E BEM DATADO;
28/02/2009;SAB;NENHUM;NENHUM;CALMO (Nenhum Jogo);
01/03/2009;DOM;NENHUM;NENHUM;CALMO (Nenhum Jogo);
02/03/2009;SEG;NENHUM;NENHUM;CALMO (Nenhum Jogo);
03/03/2009;TER;NENHUM;NENHUM;CALMO (Nenhum Jogo);
04/03/2009;QUA;NENHUM;NENHUM;CALMO (Nenhum Jogo);
05/03/2009;QUI;NENHUM;NENHUM;CALMO (Nenhum Jogo);
06/03/2009;SEX;EUROMILLIONS;EUROMILLIONS;TUDO PRESENTE E BEM DATADO;
07/03/2009;SAB;NENHUM;NENHUM;CALMO (Nenhum Jogo);
08/03/2009;DOM;NENHUM;NENHUM;CALMO (Nenhum Jogo);
09/03/2009;SEG;NENHUM;NENHUM;CALMO (Nenhum Jogo);
10/03/2009;TER;NENHUM;NENHUM;CALMO (Nenhum Jogo);
11/03/2009;QUA;NENHUM;NENHUM;CALMO (Nenhum Jogo);
12/03/2009;QUI;NENHUM;NENHUM;CALMO (Nenhum Jogo);
13/03/2009;SEX;EUROMILLIONS;EUROMILLIONS;TUDO PRESENTE E BEM DATADO;
14/03/2009;SAB;NENHUM;NENHUM;CALMO (Nenhum Jogo);
15/03/2009;DOM;NENHUM;NENHUM;CALMO (Nenhum Jogo);
16/03/2009;SEG;NENHUM;NENHUM;CALMO (Nenhum Jogo);
17/03/2009;TER;NENHUM;NENHUM;CALMO (Nenhum Jogo);
18/03/2009;QUA;NENHUM;NENHUM;CALMO (Nenhum Jogo);
19/03/2009;QUI;NENHUM;NENHUM;CALMO (Nenhum Jogo);
20/03/2009;SEX;EUROMILLIONS;EUROMILLIONS;TUDO PRESENTE E BEM DATADO;
21/03/2009;SAB;NENHUM;NENHUM;CALMO (Nenhum Jogo);
22/03/2009;DOM;NENHUM;NENHUM;CALMO (Nenhum Jogo);
23/03/2009;SEG;NENHUM;NENHUM;CALMO (Nenhum Jogo);
24/03/2009;TER;NENHUM;NENHUM;CALMO (Nenhum Jogo);
25/03/2009;QUA;NENHUM;NENHUM;CALMO (Nenhum Jogo);
26/03/2009;QUI;NENHUM;NENHUM;CALMO (Nenhum Jogo);
27/03/2009;SEX;EUROMILLIONS;EUROMILLIONS;TUDO PRESENTE E BEM DATADO;
28/03/2009;SAB;NENHUM;NENHUM;CALMO (Nenhum Jogo);
29/03/2009;DOM;NENHUM;NENHUM;CALMO (Nenhum Jogo);
30/03/2009;SEG;NENHUM;NENHUM;CALMO (Nenhum Jogo);
31/03/2009;TER;NENHUM;NENHUM;CALMO (Nenhum Jogo);
01/04/2009;QUA;NENHUM;NENHUM;CALMO (Nenhum Jogo);
02/04/2009;QUI;NENHUM;NENHUM;CALMO (Nenhum Jogo);
03/04/2009;SEX;EUROMILLIONS;EUROMILLIONS;TUDO PRESENTE E BEM DATADO;
04/04/2009;SAB;NENHUM;NENHUM;CALMO (Nenhum Jogo);
05/04/2009;DOM;NENHUM;NENHUM;CALMO (Nenhum Jogo);
06/04/2009;SEG;NENHUM;NENHUM;CALMO (Nenhum Jogo);
07/04/2009;TER;NENHUM;NENHUM;CALMO (Nenhum Jogo);
08/04/2009;QUA;NENHUM;NENHUM;CALMO (Nenhum Jogo);
09/04/2009;QUI;NENHUM;NENHUM;CALMO (Nenhum Jogo);
10/04/2009;SEX;EUROMILLIONS;EUROMILLIONS;TUDO PRESENTE E BEM DATADO;
11/04/2009;SAB;NENHUM;NENHUM;CALMO (Nenhum Jogo);
12/04/2009;DOM;NENHUM;NENHUM;CALMO (Nenhum Jogo);
13/04/2009;SEG;NENHUM;NENHUM;CALMO (Nenhum Jogo);
14/04/2009;TER;NENHUM;NENHUM;CALMO (Nenhum Jogo);
15/04/2009;QUA;NENHUM;NENHUM;CALMO (Nenhum Jogo);
16/04/2009;QUI;NENHUM;NENHUM;CALMO (Nenhum Jogo);
17/04/2009;SEX;EUROMILLIONS;EUROMILLIONS;TUDO PRESENTE E BEM DATADO;
18/04/2009;SAB;NENHUM;NENHUM;CALMO (Nenhum Jogo);
19/04/2009;DOM;NENHUM;NENHUM;CALMO (Nenhum Jogo);
20/04/2009;SEG;NENHUM;NENHUM;CALMO (Nenhum Jogo);
21/04/2009;TER;NENHUM;NENHUM;CALMO (Nenhum Jogo);
22/04/2009;QUA;NENHUM;NENHUM;CALMO (Nenhum Jogo);
23/04/2009;QUI;NENHUM;NENHUM;CALMO (Nenhum Jogo);
24/04/2009;SEX;EUROMILLIONS;EUROMILLIONS;TUDO PRESENTE E BEM DATADO;
25/04/2009;SAB;NENHUM;NENHUM;CALMO (Nenhum Jogo);
26/04/2009;DOM;NENHUM;NENHUM;CALMO (Nenhum Jogo);
27/04/2009;SEG;NENHUM;NENHUM;CALMO (Nenhum Jogo);
28/04/2009;TER;NENHUM;NENHUM;CALMO (Nenhum Jogo);
29/04/2009;QUA;NENHUM;NENHUM;CALMO (Nenhum Jogo);
30/04/2009;QUI;NENHUM;NENHUM;CALMO (Nenhum Jogo);
01/05/2009;SEX;EUROMILLIONS;EUROMILLIONS;TUDO PRESENTE E BEM DATADO;
02/05/2009;SAB;NENHUM;NENHUM;CALMO (Nenhum Jogo);
03/05/2009;DOM;NENHUM;NENHUM;CALMO (Nenhum Jogo);
04/05/2009;SEG;NENHUM;NENHUM;CALMO (Nenhum Jogo);
05/05/2009;TER;NENHUM;NENHUM;CALMO (Nenhum Jogo);
06/05/2009;QUA;NENHUM;NENHUM;CALMO (Nenhum Jogo);
07/05/2009;QUI;NENHUM;NENHUM;CALMO (Nenhum Jogo);
08/05/2009;SEX;EUROMILLIONS;EUROMILLIONS;TUDO PRESENTE E BEM DATADO;
09/05/2009;SAB;NENHUM;NENHUM;CALMO (Nenhum Jogo);
10/05/2009;DOM;NENHUM;NENHUM;CALMO (Nenhum Jogo);
11/05/2009;SEG;NENHUM;NENHUM;CALMO (Nenhum Jogo);
12/05/2009;TER;NENHUM;NENHUM;CALMO (Nenhum Jogo);
13/05/2009;QUA;NENHUM;NENHUM;CALMO (Nenhum Jogo);
14/05/2009;QUI;NENHUM;NENHUM;CALMO (Nenhum Jogo);
15/05/2009;SEX;EUROMILLIONS;EUROMILLIONS;TUDO PRESENTE E BEM DATADO;
16/05/2009;SAB;NENHUM;NENHUM;CALMO (Nenhum Jogo);
17/05/2009;DOM;NENHUM;NENHUM;CALMO (Nenhum Jogo);
18/05/2009;SEG;NENHUM;NENHUM;CALMO (Nenhum Jogo);
19/05/2009;TER;NENHUM;NENHUM;CALMO (Nenhum Jogo);
20/05/2009;QUA;NENHUM;NENHUM;CALMO (Nenhum Jogo);
21/05/2009;QUI;NENHUM;NENHUM;CALMO (Nenhum Jogo);
22/05/2009;SEX;EUROMILLIONS;EUROMILLIONS;TUDO PRESENTE E BEM DATADO;
23/05/2009;SAB;NENHUM;NENHUM;CALMO (Nenhum Jogo);
24/05/2009;DOM;NENHUM;NENHUM;CALMO (Nenhum Jogo);
25/05/2009;SEG;NENHUM;NENHUM;CALMO (Nenhum Jogo);
26/05/2009;TER;NENHUM;NENHUM;CALMO (Nenhum Jogo);
27/05/2009;QUA;NENHUM;NENHUM;CALMO (Nenhum Jogo);
28/05/2009;QUI;NENHUM;NENHUM;CALMO (Nenhum Jogo);
29/05/2009;SEX;EUROMILLIONS;EUROMILLIONS;TUDO PRESENTE E BEM DATADO;
30/05/2009;SAB;NENHUM;NENHUM;CALMO (Nenhum Jogo);
31/05/2009;DOM;NENHUM;NENHUM;CALMO (Nenhum Jogo);
01/06/2009;SEG;NENHUM;NENHUM;CALMO (Nenhum Jogo);
02/06/2009;TER;NENHUM;NENHUM;CALMO (Nenhum Jogo);
03/06/2009;QUA;NENHUM;NENHUM;CALMO (Nenhum Jogo);
04/06/2009;QUI;NENHUM;NENHUM;CALMO (Nenhum Jogo);
05/06/2009;SEX;EUROMILLIONS;EUROMILLIONS;TUDO PRESENTE E BEM DATADO;
06/06/2009;SAB;NENHUM;NENHUM;CALMO (Nenhum Jogo);
07/06/2009;DOM;NENHUM;NENHUM;CALMO (Nenhum Jogo);
08/06/2009;SEG;NENHUM;NENHUM;CALMO (Nenhum Jogo);
09/06/2009;TER;NENHUM;NENHUM;CALMO (Nenhum Jogo);
10/06/2009;QUA;NENHUM;NENHUM;CALMO (Nenhum Jogo);
11/06/2009;QUI;NENHUM;NENHUM;CALMO (Nenhum Jogo);
12/06/2009;SEX;EUROMILLIONS;EUROMILLIONS;TUDO PRESENTE E BEM DATADO;
13/06/2009;SAB;NENHUM;NENHUM;CALMO (Nenhum Jogo);
14/06/2009;DOM;NENHUM;NENHUM;CALMO (Nenhum Jogo);
15/06/2009;SEG;NENHUM;NENHUM;CALMO (Nenhum Jogo);
16/06/2009;TER;NENHUM;NENHUM;CALMO (Nenhum Jogo);
17/06/2009;QUA;NENHUM;NENHUM;CALMO (Nenhum Jogo);
18/06/2009;QUI;NENHUM;NENHUM;CALMO (Nenhum Jogo);
19/06/2009;SEX;EUROMILLIONS;EUROMILLIONS;TUDO PRESENTE E BEM DATADO;
20/06/2009;SAB;NENHUM;NENHUM;CALMO (Nenhum Jogo);
21/06/2009;DOM;NENHUM;NENHUM;CALMO (Nenhum Jogo);
22/06/2009;SEG;NENHUM;NENHUM;CALMO (Nenhum Jogo);
23/06/2009;TER;NENHUM;NENHUM;CALMO (Nenhum Jogo);
24/06/2009;QUA;NENHUM;NENHUM;CALMO (Nenhum Jogo);
25/06/2009;QUI;NENHUM;NENHUM;CALMO (Nenhum Jogo);
26/06/2009;SEX;EUROMILLIONS;EUROMILLIONS;TUDO PRESENTE E BEM DATADO;
27/06/2009;SAB;NENHUM;NENHUM;CALMO (Nenhum Jogo);
28/06/2009;DOM;NENHUM;NENHUM;CALMO (Nenhum Jogo);
29/06/2009;SEG;NENHUM;NENHUM;CALMO (Nenhum Jogo);
30/06/2009;TER;NENHUM;NENHUM;CALMO (Nenhum Jogo);
01/07/2009;QUA;NENHUM;NENHUM;CALMO (Nenhum Jogo);
02/07/2009;QUI;NENHUM;NENHUM;CALMO (Nenhum Jogo);
03/07/2009;SEX;EUROMILLIONS;EUROMILLIONS;TUDO PRESENTE E BEM DATADO;
04/07/2009;SAB;NENHUM;NENHUM;CALMO (Nenhum Jogo);
05/07/2009;DOM;NENHUM;NENHUM;CALMO (Nenhum Jogo);
06/07/2009;SEG;NENHUM;NENHUM;CALMO (Nenhum Jogo);
07/07/2009;TER;NENHUM;NENHUM;CALMO (Nenhum Jogo);
08/07/2009;QUA;NENHUM;NENHUM;CALMO (Nenhum Jogo);
09/07/2009;QUI;NENHUM;NENHUM;CALMO (Nenhum Jogo);
10/07/2009;SEX;EUROMILLIONS;EUROMILLIONS;TUDO PRESENTE E BEM DATADO;
11/07/2009;SAB;NENHUM;NENHUM;CALMO (Nenhum Jogo);
12/07/2009;DOM;NENHUM;NENHUM;CALMO (Nenhum Jogo);
13/07/2009;SEG;NENHUM;NENHUM;CALMO (Nenhum Jogo);
14/07/2009;TER;NENHUM;NENHUM;CALMO (Nenhum Jogo);
15/07/2009;QUA;NENHUM;NENHUM;CALMO (Nenhum Jogo);
16/07/2009;QUI;NENHUM;NENHUM;CALMO (Nenhum Jogo);
17/07/2009;SEX;EUROMILLIONS;EUROMILLIONS;TUDO PRESENTE E BEM DATADO;
18/07/2009;SAB;NENHUM;NENHUM;CALMO (Nenhum Jogo);
19/07/2009;DOM;NENHUM;NENHUM;CALMO (Nenhum Jogo);
20/07/2009;SEG;NENHUM;NENHUM;CALMO (Nenhum Jogo);
21/07/2009;TER;NENHUM;NENHUM;CALMO (Nenhum Jogo);
22/07/2009;QUA;NENHUM;NENHUM;CALMO (Nenhum Jogo);
23/07/2009;QUI;NENHUM;NENHUM;CALMO (Nenhum Jogo);
24/07/2009;SEX;EUROMILLIONS;EUROMILLIONS;TUDO PRESENTE E BEM DATADO;
25/07/2009;SAB;NENHUM;NENHUM;CALMO (Nenhum Jogo);
26/07/2009;DOM;NENHUM;NENHUM;CALMO (Nenhum Jogo);
27/07/2009;SEG;NENHUM;NENHUM;CALMO (Nenhum Jogo);
28/07/2009;TER;NENHUM;NENHUM;CALMO (Nenhum Jogo);
29/07/2009;QUA;NENHUM;NENHUM;CALMO (Nenhum Jogo);
30/07/2009;QUI;NENHUM;NENHUM;CALMO (Nenhum Jogo);
31/07/2009;SEX;EUROMILLIONS;EUROMILLIONS;TUDO PRESENTE E BEM DATADO;
01/08/2009;SAB;NENHUM;NENHUM;CALMO (Nenhum Jogo);
02/08/2009;DOM;NENHUM;NENHUM;CALMO (Nenhum Jogo);
03/08/2009;SEG;NENHUM;NENHUM;CALMO (Nenhum Jogo);
04/08/2009;TER;NENHUM;NENHUM;CALMO (Nenhum Jogo);
05/08/2009;QUA;NENHUM;NENHUM;CALMO (Nenhum Jogo);
06/08/2009;QUI;NENHUM;NENHUM;CALMO (Nenhum Jogo);
07/08/2009;SEX;EUROMILLIONS;EUROMILLIONS;TUDO PRESENTE E BEM DATADO;
08/08/2009;SAB;NENHUM;NENHUM;CALMO (Nenhum Jogo);
09/08/2009;DOM;NENHUM;NENHUM;CALMO (Nenhum Jogo);
10/08/2009;SEG;NENHUM;NENHUM;CALMO (Nenhum Jogo);
11/08/2009;TER;NENHUM;NENHUM;CALMO (Nenhum Jogo);
12/08/2009;QUA;NENHUM;NENHUM;CALMO (Nenhum Jogo);
13/08/2009;QUI;NENHUM;NENHUM;CALMO (Nenhum Jogo);
14/08/2009;SEX;EUROMILLIONS;EUROMILLIONS;TUDO PRESENTE E BEM DATADO;
15/08/2009;SAB;NENHUM;NENHUM;CALMO (Nenhum Jogo);
16/08/2009;DOM;NENHUM;NENHUM;CALMO (Nenhum Jogo);
17/08/2009;SEG;NENHUM;NENHUM;CALMO (Nenhum Jogo);
18/08/2009;TER;NENHUM;NENHUM;CALMO (Nenhum Jogo);
19/08/2009;QUA;NENHUM;NENHUM;CALMO (Nenhum Jogo);
20/08/2009;QUI;NENHUM;NENHUM;CALMO (Nenhum Jogo);
21/08/2009;SEX;EUROMILLIONS;EUROMILLIONS;TUDO PRESENTE E BEM DATADO;
22/08/2009;SAB;NENHUM;NENHUM;CALMO (Nenhum Jogo);
23/08/2009;DOM;NENHUM;NENHUM;CALMO (Nenhum Jogo);
24/08/2009;SEG;NENHUM;NENHUM;CALMO (Nenhum Jogo);
25/08/2009;TER;NENHUM;NENHUM;CALMO (Nenhum Jogo);
26/08/2009;QUA;NENHUM;NENHUM;CALMO (Nenhum Jogo);
27/08/2009;QUI;NENHUM;NENHUM;CALMO (Nenhum Jogo);
28/08/2009;SEX;EUROMILLIONS;EUROMILLIONS;TUDO PRESENTE E BEM DATADO;
29/08/2009;SAB;NENHUM;NENHUM;CALMO (Nenhum Jogo);
30/08/2009;DOM;NENHUM;NENHUM;CALMO (Nenhum Jogo);
31/08/2009;SEG;NENHUM;NENHUM;CALMO (Nenhum Jogo);
01/09/2009;TER;NENHUM;NENHUM;CALMO (Nenhum Jogo);
02/09/2009;QUA;NENHUM;NENHUM;CALMO (Nenhum Jogo);
03/09/2009;QUI;NENHUM;NENHUM;CALMO (Nenhum Jogo);
04/09/2009;SEX;EUROMILLIONS;EUROMILLIONS;TUDO PRESENTE E BEM DATADO;
05/09/2009;SAB;NENHUM;NENHUM;CALMO (Nenhum Jogo);
06/09/2009;DOM;NENHUM;NENHUM;CALMO (Nenhum Jogo);
07/09/2009;SEG;NENHUM;NENHUM;CALMO (Nenhum Jogo);
08/09/2009;TER;NENHUM;NENHUM;CALMO (Nenhum Jogo);
09/09/2009;QUA;NENHUM;NENHUM;CALMO (Nenhum Jogo);
10/09/2009;QUI;NENHUM;NENHUM;CALMO (Nenhum Jogo);
11/09/2009;SEX;EUROMILLIONS;EUROMILLIONS;TUDO PRESENTE E BEM DATADO;
12/09/2009;SAB;NENHUM;NENHUM;CALMO (Nenhum Jogo);
13/09/2009;DOM;NENHUM;NENHUM;CALMO (Nenhum Jogo);
14/09/2009;SEG;NENHUM;NENHUM;CALMO (Nenhum Jogo);
15/09/2009;TER;NENHUM;NENHUM;CALMO (Nenhum Jogo);
16/09/2009;QUA;NENHUM;NENHUM;CALMO (Nenhum Jogo);
17/09/2009;QUI;NENHUM;NENHUM;CALMO (Nenhum Jogo);
18/09/2009;SEX;EUROMILLIONS;EUROMILLIONS;TUDO PRESENTE E BEM DATADO;
19/09/2009;SAB;NENHUM;NENHUM;CALMO (Nenhum Jogo);
20/09/2009;DOM;NENHUM;NENHUM;CALMO (Nenhum Jogo);
21/09/2009;SEG;NENHUM;NENHUM;CALMO (Nenhum Jogo);
22/09/2009;TER;NENHUM;NENHUM;CALMO (Nenhum Jogo);
23/09/2009;QUA;NENHUM;NENHUM;CALMO (Nenhum Jogo);
24/09/2009;QUI;NENHUM;NENHUM;CALMO (Nenhum Jogo);
25/09/2009;SEX;EUROMILLIONS;EUROMILLIONS;TUDO PRESENTE E BEM DATADO;
26/09/2009;SAB;NENHUM;NENHUM;CALMO (Nenhum Jogo);
27/09/2009;DOM;NENHUM;NENHUM;CALMO (Nenhum Jogo);
28/09/2009;SEG;NENHUM;NENHUM;CALMO (Nenhum Jogo);
29/09/2009;TER;NENHUM;NENHUM;CALMO (Nenhum Jogo);
30/09/2009;QUA;NENHUM;NENHUM;CALMO (Nenhum Jogo);
01/10/2009;QUI;NENHUM;NENHUM;CALMO (Nenhum Jogo);
02/10/2009;SEX;EUROMILLIONS;EUROMILLIONS;TUDO PRESENTE E BEM DATADO;
03/10/2009;SAB;NENHUM;NENHUM;CALMO (Nenhum Jogo);
04/10/2009;DOM;NENHUM;NENHUM;CALMO (Nenhum Jogo);
05/10/2009;SEG;NENHUM;NENHUM;CALMO (Nenhum Jogo);
06/10/2009;TER;NENHUM;NENHUM;CALMO (Nenhum Jogo);
07/10/2009;QUA;NENHUM;NENHUM;CALMO (Nenhum Jogo);
08/10/2009;QUI;NENHUM;NENHUM;CALMO (Nenhum Jogo);
09/10/2009;SEX;EUROMILLIONS;EUROMILLIONS;TUDO PRESENTE E BEM DATADO;
10/10/2009;SAB;NENHUM;NENHUM;CALMO (Nenhum Jogo);
11/10/2009;DOM;NENHUM;NENHUM;CALMO (Nenhum Jogo);
12/10/2009;SEG;NENHUM;NENHUM;CALMO (Nenhum Jogo);
13/10/2009;TER;NENHUM;NENHUM;CALMO (Nenhum Jogo);
14/10/2009;QUA;NENHUM;NENHUM;CALMO (Nenhum Jogo);
15/10/2009;QUI;NENHUM;NENHUM;CALMO (Nenhum Jogo);
16/10/2009;SEX;EUROMILLIONS;EUROMILLIONS;TUDO PRESENTE E BEM DATADO;
17/10/2009;SAB;NENHUM;NENHUM;CALMO (Nenhum Jogo);
18/10/2009;DOM;NENHUM;NENHUM;CALMO (Nenhum Jogo);
19/10/2009;SEG;NENHUM;NENHUM;CALMO (Nenhum Jogo);
20/10/2009;TER;NENHUM;NENHUM;CALMO (Nenhum Jogo);
21/10/2009;QUA;NENHUM;NENHUM;CALMO (Nenhum Jogo);
22/10/2009;QUI;NENHUM;NENHUM;CALMO (Nenhum Jogo);
23/10/2009;SEX;EUROMILLIONS;EUROMILLIONS;TUDO PRESENTE E BEM DATADO;
24/10/2009;SAB;NENHUM;NENHUM;CALMO (Nenhum Jogo);
25/10/2009;DOM;NENHUM;NENHUM;CALMO (Nenhum Jogo);
26/10/2009;SEG;NENHUM;NENHUM;CALMO (Nenhum Jogo);
27/10/2009;TER;NENHUM;NENHUM;CALMO (Nenhum Jogo);
28/10/2009;QUA;NENHUM;NENHUM;CALMO (Nenhum Jogo);
29/10/2009;QUI;NENHUM;NENHUM;CALMO (Nenhum Jogo);
30/10/2009;SEX;EUROMILLIONS;EUROMILLIONS;TUDO PRESENTE E BEM DATADO;
31/10/2009;SAB;NENHUM;NENHUM;CALMO (Nenhum Jogo);
01/11/2009;DOM;NENHUM;NENHUM;CALMO (Nenhum Jogo);
02/11/2009;SEG;NENHUM;NENHUM;CALMO (Nenhum Jogo);
03/11/2009;TER;NENHUM;NENHUM;CALMO (Nenhum Jogo);
04/11/2009;QUA;NENHUM;NENHUM;CALMO (Nenhum Jogo);
05/11/2009;QUI;NENHUM;NENHUM;CALMO (Nenhum Jogo);
06/11/2009;SEX;EUROMILLIONS;EUROMILLIONS;TUDO PRESENTE E BEM DATADO;
07/11/2009;SAB;NENHUM;NENHUM;CALMO (Nenhum Jogo);
08/11/2009;DOM;NENHUM;NENHUM;CALMO (Nenhum Jogo);
09/11/2009;SEG;NENHUM;NENHUM;CALMO (Nenhum Jogo);
10/11/2009;TER;NENHUM;NENHUM;CALMO (Nenhum Jogo);
11/11/2009;QUA;NENHUM;NENHUM;CALMO (Nenhum Jogo);
12/11/2009;QUI;NENHUM;NENHUM;CALMO (Nenhum Jogo);
13/11/2009;SEX;EUROMILLIONS;EUROMILLIONS;TUDO PRESENTE E BEM DATADO;
14/11/2009;SAB;NENHUM;NENHUM;CALMO (Nenhum Jogo);
15/11/2009;DOM;NENHUM;NENHUM;CALMO (Nenhum Jogo);
16/11/2009;SEG;NENHUM;NENHUM;CALMO (Nenhum Jogo);
17/11/2009;TER;NENHUM;NENHUM;CALMO (Nenhum Jogo);
18/11/2009;QUA;NENHUM;NENHUM;CALMO (Nenhum Jogo);
19/11/2009;QUI;NENHUM;NENHUM;CALMO (Nenhum Jogo);
20/11/2009;SEX;EUROMILLIONS;EUROMILLIONS;TUDO PRESENTE E BEM DATADO;
21/11/2009;SAB;NENHUM;NENHUM;CALMO (Nenhum Jogo);
22/11/2009;DOM;NENHUM;NENHUM;CALMO (Nenhum Jogo);
23/11/2009;SEG;NENHUM;NENHUM;CALMO (Nenhum Jogo);
24/11/2009;TER;NENHUM;NENHUM;CALMO (Nenhum Jogo);
25/11/2009;QUA;NENHUM;NENHUM;CALMO (Nenhum Jogo);
26/11/2009;QUI;NENHUM;NENHUM;CALMO (Nenhum Jogo);
27/11/2009;SEX;EUROMILLIONS;EUROMILLIONS;TUDO PRESENTE E BEM DATADO;
28/11/2009;SAB;NENHUM;NENHUM;CALMO (Nenhum Jogo);
29/11/2009;DOM;NENHUM;NENHUM;CALMO (Nenhum Jogo);
30/11/2009;SEG;NENHUM;NENHUM;CALMO (Nenhum Jogo);
01/12/2009;TER;NENHUM;NENHUM;CALMO (Nenhum Jogo);
02/12/2009;QUA;NENHUM;NENHUM;CALMO (Nenhum Jogo);
03/12/2009;QUI;NENHUM;NENHUM;CALMO (Nenhum Jogo);
04/12/2009;SEX;EUROMILLIONS;EUROMILLIONS;TUDO PRESENTE E BEM DATADO;
05/12/2009;SAB;NENHUM;NENHUM;CALMO (Nenhum Jogo);
06/12/2009;DOM;NENHUM;NENHUM;CALMO (Nenhum Jogo);
07/12/2009;SEG;NENHUM;NENHUM;CALMO (Nenhum Jogo);
08/12/2009;TER;NENHUM;NENHUM;CALMO (Nenhum Jogo);
09/12/2009;QUA;NENHUM;NENHUM;CALMO (Nenhum Jogo);
10/12/2009;QUI;NENHUM;NENHUM;CALMO (Nenhum Jogo);
11/12/2009;SEX;EUROMILLIONS;EUROMILLIONS;TUDO PRESENTE E BEM DATADO;
12/12/2009;SAB;NENHUM;NENHUM;CALMO (Nenhum Jogo);
13/12/2009;DOM;NENHUM;NENHUM;CALMO (Nenhum Jogo);
14/12/2009;SEG;NENHUM;NENHUM;CALMO (Nenhum Jogo);
15/12/2009;TER;NENHUM;NENHUM;CALMO (Nenhum Jogo);
16/12/2009;QUA;NENHUM;NENHUM;CALMO (Nenhum Jogo);
17/12/2009;QUI;NENHUM;NENHUM;CALMO (Nenhum Jogo);
18/12/2009;SEX;EUROMILLIONS;EUROMILLIONS;TUDO PRESENTE E BEM DATADO;
19/12/2009;SAB;NENHUM;NENHUM;CALMO (Nenhum Jogo);
20/12/2009;DOM;NENHUM;NENHUM;CALMO (Nenhum Jogo);
21/12/2009;SEG;NENHUM;NENHUM;CALMO (Nenhum Jogo);
22/12/2009;TER;NENHUM;NENHUM;CALMO (Nenhum Jogo);
23/12/2009;QUA;NENHUM;NENHUM;CALMO (Nenhum Jogo);
24/12/2009;QUI;NENHUM;NENHUM;CALMO (Nenhum Jogo);
25/12/2009;SEX;EUROMILLIONS;EUROMILLIONS;TUDO PRESENTE E BEM DATADO;
26/12/2009;SAB;NENHUM;NENHUM;CALMO (Nenhum Jogo);
27/12/2009;DOM;NENHUM;NENHUM;CALMO (Nenhum Jogo);
28/12/2009;SEG;NENHUM;NENHUM;CALMO (Nenhum Jogo);
29/12/2009;TER;NENHUM;NENHUM;CALMO (Nenhum Jogo);
30/12/2009;QUA;NENHUM;NENHUM;CALMO (Nenhum Jogo);
31/12/2009;QUI;NENHUM;NENHUM;CALMO (Nenhum Jogo);
01/01/2010;SEX;EUROMILLIONS;EUROMILLIONS;TUDO PRESENTE E BEM DATADO;
02/01/2010;SAB;NENHUM;NENHUM;CALMO (Nenhum Jogo);
03/01/2010;DOM;NENHUM;NENHUM;CALMO (Nenhum Jogo);
04/01/2010;SEG;NENHUM;NENHUM;CALMO (Nenhum Jogo);
05/01/2010;TER;NENHUM;NENHUM;CALMO (Nenhum Jogo);
06/01/2010;QUA;NENHUM;NENHUM;CALMO (Nenhum Jogo);
07/01/2010;QUI;NENHUM;NENHUM;CALMO (Nenhum Jogo);
08/01/2010;SEX;EUROMILLIONS;EUROMILLIONS;TUDO PRESENTE E BEM DATADO;
09/01/2010;SAB;NENHUM;NENHUM;CALMO (Nenhum Jogo);
10/01/2010;DOM;NENHUM;NENHUM;CALMO (Nenhum Jogo);
11/01/2010;SEG;NENHUM;NENHUM;CALMO (Nenhum Jogo);
12/01/2010;TER;NENHUM;NENHUM;CALMO (Nenhum Jogo);
13/01/2010;QUA;NENHUM;NENHUM;CALMO (Nenhum Jogo);
14/01/2010;QUI;NENHUM;NENHUM;CALMO (Nenhum Jogo);
15/01/2010;SEX;EUROMILLIONS;EUROMILLIONS;TUDO PRESENTE E BEM DATADO;
16/01/2010;SAB;NENHUM;NENHUM;CALMO (Nenhum Jogo);
17/01/2010;DOM;NENHUM;NENHUM;CALMO (Nenhum Jogo);
18/01/2010;SEG;NENHUM;NENHUM;CALMO (Nenhum Jogo);
19/01/2010;TER;NENHUM;NENHUM;CALMO (Nenhum Jogo);
20/01/2010;QUA;NENHUM;NENHUM;CALMO (Nenhum Jogo);
21/01/2010;QUI;NENHUM;NENHUM;CALMO (Nenhum Jogo);
22/01/2010;SEX;EUROMILLIONS;EUROMILLIONS;TUDO PRESENTE E BEM DATADO;
23/01/2010;SAB;NENHUM;NENHUM;CALMO (Nenhum Jogo);
24/01/2010;DOM;NENHUM;NENHUM;CALMO (Nenhum Jogo);
25/01/2010;SEG;NENHUM;NENHUM;CALMO (Nenhum Jogo);
26/01/2010;TER;NENHUM;NENHUM;CALMO (Nenhum Jogo);
27/01/2010;QUA;NENHUM;NENHUM;CALMO (Nenhum Jogo);
28/01/2010;QUI;NENHUM;NENHUM;CALMO (Nenhum Jogo);
29/01/2010;SEX;EUROMILLIONS;EUROMILLIONS;TUDO PRESENTE E BEM DATADO;
30/01/2010;SAB;NENHUM;NENHUM;CALMO (Nenhum Jogo);
31/01/2010;DOM;NENHUM;NENHUM;CALMO (Nenhum Jogo);
01/02/2010;SEG;NENHUM;NENHUM;CALMO (Nenhum Jogo);
02/02/2010;TER;NENHUM;NENHUM;CALMO (Nenhum Jogo);
03/02/2010;QUA;NENHUM;NENHUM;CALMO (Nenhum Jogo);
04/02/2010;QUI;NENHUM;NENHUM;CALMO (Nenhum Jogo);
05/02/2010;SEX;EUROMILLIONS;EUROMILLIONS;TUDO PRESENTE E BEM DATADO;
06/02/2010;SAB;NENHUM;NENHUM;CALMO (Nenhum Jogo);
07/02/2010;DOM;NENHUM;NENHUM;CALMO (Nenhum Jogo);
08/02/2010;SEG;NENHUM;NENHUM;CALMO (Nenhum Jogo);
09/02/2010;TER;NENHUM;NENHUM;CALMO (Nenhum Jogo);
10/02/2010;QUA;NENHUM;NENHUM;CALMO (Nenhum Jogo);
11/02/2010;QUI;NENHUM;NENHUM;CALMO (Nenhum Jogo);
12/02/2010;SEX;EUROMILLIONS;EUROMILLIONS;TUDO PRESENTE E BEM DATADO;
13/02/2010;SAB;NENHUM;NENHUM;CALMO (Nenhum Jogo);
14/02/2010;DOM;NENHUM;NENHUM;CALMO (Nenhum Jogo);
15/02/2010;SEG;NENHUM;NENHUM;CALMO (Nenhum Jogo);
16/02/2010;TER;NENHUM;NENHUM;CALMO (Nenhum Jogo);
17/02/2010;QUA;NENHUM;NENHUM;CALMO (Nenhum Jogo);
18/02/2010;QUI;NENHUM;NENHUM;CALMO (Nenhum Jogo);
19/02/2010;SEX;EUROMILLIONS;EUROMILLIONS;TUDO PRESENTE E BEM DATADO;
20/02/2010;SAB;NENHUM;NENHUM;CALMO (Nenhum Jogo);
21/02/2010;DOM;NENHUM;NENHUM;CALMO (Nenhum Jogo);
22/02/2010;SEG;NENHUM;NENHUM;CALMO (Nenhum Jogo);
23/02/2010;TER;NENHUM;NENHUM;CALMO (Nenhum Jogo);
24/02/2010;QUA;NENHUM;NENHUM;CALMO (Nenhum Jogo);
25/02/2010;QUI;NENHUM;NENHUM;CALMO (Nenhum Jogo);
26/02/2010;SEX;EUROMILLIONS;EUROMILLIONS;TUDO PRESENTE E BEM DATADO;
27/02/2010;SAB;NENHUM;NENHUM;CALMO (Nenhum Jogo);
28/02/2010;DOM;NENHUM;NENHUM;CALMO (Nenhum Jogo);
01/03/2010;SEG;NENHUM;NENHUM;CALMO (Nenhum Jogo);
02/03/2010;TER;NENHUM;NENHUM;CALMO (Nenhum Jogo);
03/03/2010;QUA;NENHUM;NENHUM;CALMO (Nenhum Jogo);
04/03/2010;QUI;NENHUM;NENHUM;CALMO (Nenhum Jogo);
05/03/2010;SEX;EUROMILLIONS;EUROMILLIONS;TUDO PRESENTE E BEM DATADO;
06/03/2010;SAB;NENHUM;NENHUM;CALMO (Nenhum Jogo);
07/03/2010;DOM;NENHUM;NENHUM;CALMO (Nenhum Jogo);
08/03/2010;SEG;NENHUM;NENHUM;CALMO (Nenhum Jogo);
09/03/2010;TER;NENHUM;NENHUM;CALMO (Nenhum Jogo);
10/03/2010;QUA;NENHUM;NENHUM;CALMO (Nenhum Jogo);
11/03/2010;QUI;NENHUM;NENHUM;CALMO (Nenhum Jogo);
12/03/2010;SEX;EUROMILLIONS;EUROMILLIONS;TUDO PRESENTE E BEM DATADO;
13/03/2010;SAB;NENHUM;NENHUM;CALMO (Nenhum Jogo);
14/03/2010;DOM;NENHUM;NENHUM;CALMO (Nenhum Jogo);
15/03/2010;SEG;NENHUM;NENHUM;CALMO (Nenhum Jogo);
16/03/2010;TER;NENHUM;NENHUM;CALMO (Nenhum Jogo);
17/03/2010;QUA;NENHUM;NENHUM;CALMO (Nenhum Jogo);
18/03/2010;QUI;NENHUM;NENHUM;CALMO (Nenhum Jogo);
19/03/2010;SEX;EUROMILLIONS;EUROMILLIONS;TUDO PRESENTE E BEM DATADO;
20/03/2010;SAB;NENHUM;NENHUM;CALMO (Nenhum Jogo);
21/03/2010;DOM;NENHUM;NENHUM;CALMO (Nenhum Jogo);
22/03/2010;SEG;NENHUM;NENHUM;CALMO (Nenhum Jogo);
23/03/2010;TER;NENHUM;NENHUM;CALMO (Nenhum Jogo);
24/03/2010;QUA;NENHUM;NENHUM;CALMO (Nenhum Jogo);
25/03/2010;QUI;NENHUM;NENHUM;CALMO (Nenhum Jogo);
26/03/2010;SEX;EUROMILLIONS;EUROMILLIONS;TUDO PRESENTE E BEM DATADO;
27/03/2010;SAB;NENHUM;NENHUM;CALMO (Nenhum Jogo);
28/03/2010;DOM;NENHUM;NENHUM;CALMO (Nenhum Jogo);
29/03/2010;SEG;NENHUM;NENHUM;CALMO (Nenhum Jogo);
30/03/2010;TER;NENHUM;NENHUM;CALMO (Nenhum Jogo);
31/03/2010;QUA;NENHUM;NENHUM;CALMO (Nenhum Jogo);
01/04/2010;QUI;NENHUM;NENHUM;CALMO (Nenhum Jogo);
02/04/2010;SEX;EUROMILLIONS;EUROMILLIONS;TUDO PRESENTE E BEM DATADO;
03/04/2010;SAB;NENHUM;NENHUM;CALMO (Nenhum Jogo);
04/04/2010;DOM;NENHUM;NENHUM;CALMO (Nenhum Jogo);
05/04/2010;SEG;NENHUM;NENHUM;CALMO (Nenhum Jogo);
06/04/2010;TER;NENHUM;NENHUM;CALMO (Nenhum Jogo);
07/04/2010;QUA;NENHUM;NENHUM;CALMO (Nenhum Jogo);
08/04/2010;QUI;NENHUM;NENHUM;CALMO (Nenhum Jogo);
09/04/2010;SEX;EUROMILLIONS;EUROMILLIONS;TUDO PRESENTE E BEM DATADO;
10/04/2010;SAB;NENHUM;NENHUM;CALMO (Nenhum Jogo);
11/04/2010;DOM;NENHUM;NENHUM;CALMO (Nenhum Jogo);
12/04/2010;SEG;NENHUM;NENHUM;CALMO (Nenhum Jogo);
13/04/2010;TER;NENHUM;NENHUM;CALMO (Nenhum Jogo);
14/04/2010;QUA;NENHUM;NENHUM;CALMO (Nenhum Jogo);
15/04/2010;QUI;NENHUM;NENHUM;CALMO (Nenhum Jogo);
16/04/2010;SEX;EUROMILLIONS;EUROMILLIONS;TUDO PRESENTE E BEM DATADO;
17/04/2010;SAB;NENHUM;NENHUM;CALMO (Nenhum Jogo);
18/04/2010;DOM;NENHUM;NENHUM;CALMO (Nenhum Jogo);
19/04/2010;SEG;NENHUM;NENHUM;CALMO (Nenhum Jogo);
20/04/2010;TER;NENHUM;NENHUM;CALMO (Nenhum Jogo);
21/04/2010;QUA;NENHUM;NENHUM;CALMO (Nenhum Jogo);
22/04/2010;QUI;NENHUM;NENHUM;CALMO (Nenhum Jogo);
23/04/2010;SEX;EUROMILLIONS;EUROMILLIONS;TUDO PRESENTE E BEM DATADO;
24/04/2010;SAB;NENHUM;NENHUM;CALMO (Nenhum Jogo);
25/04/2010;DOM;NENHUM;NENHUM;CALMO (Nenhum Jogo);
26/04/2010;SEG;NENHUM;NENHUM;CALMO (Nenhum Jogo);
27/04/2010;TER;NENHUM;NENHUM;CALMO (Nenhum Jogo);
28/04/2010;QUA;NENHUM;NENHUM;CALMO (Nenhum Jogo);
29/04/2010;QUI;NENHUM;NENHUM;CALMO (Nenhum Jogo);
30/04/2010;SEX;EUROMILLIONS;EUROMILLIONS;TUDO PRESENTE E BEM DATADO;
01/05/2010;SAB;NENHUM;NENHUM;CALMO (Nenhum Jogo);
02/05/2010;DOM;NENHUM;NENHUM;CALMO (Nenhum Jogo);
03/05/2010;SEG;NENHUM;NENHUM;CALMO (Nenhum Jogo);
04/05/2010;TER;NENHUM;NENHUM;CALMO (Nenhum Jogo);
05/05/2010;QUA;NENHUM;NENHUM;CALMO (Nenhum Jogo);
06/05/2010;QUI;NENHUM;NENHUM;CALMO (Nenhum Jogo);
07/05/2010;SEX;EUROMILLIONS;EUROMILLIONS;TUDO PRESENTE E BEM DATADO;
08/05/2010;SAB;NENHUM;NENHUM;CALMO (Nenhum Jogo);
09/05/2010;DOM;NENHUM;NENHUM;CALMO (Nenhum Jogo);
10/05/2010;SEG;NENHUM;NENHUM;CALMO (Nenhum Jogo);
11/05/2010;TER;NENHUM;NENHUM;CALMO (Nenhum Jogo);
12/05/2010;QUA;NENHUM;NENHUM;CALMO (Nenhum Jogo);
13/05/2010;QUI;NENHUM;NENHUM;CALMO (Nenhum Jogo);
14/05/2010;SEX;EUROMILLIONS;EUROMILLIONS;TUDO PRESENTE E BEM DATADO;
15/05/2010;SAB;NENHUM;NENHUM;CALMO (Nenhum Jogo);
16/05/2010;DOM;NENHUM;NENHUM;CALMO (Nenhum Jogo);
17/05/2010;SEG;NENHUM;NENHUM;CALMO (Nenhum Jogo);
18/05/2010;TER;NENHUM;NENHUM;CALMO (Nenhum Jogo);
19/05/2010;QUA;NENHUM;NENHUM;CALMO (Nenhum Jogo);
20/05/2010;QUI;NENHUM;NENHUM;CALMO (Nenhum Jogo);
21/05/2010;SEX;EUROMILLIONS;EUROMILLIONS;TUDO PRESENTE E BEM DATADO;
22/05/2010;SAB;NENHUM;NENHUM;CALMO (Nenhum Jogo);
23/05/2010;DOM;NENHUM;NENHUM;CALMO (Nenhum Jogo);
24/05/2010;SEG;NENHUM;NENHUM;CALMO (Nenhum Jogo);
25/05/2010;TER;NENHUM;NENHUM;CALMO (Nenhum Jogo);
26/05/2010;QUA;NENHUM;NENHUM;CALMO (Nenhum Jogo);
27/05/2010;QUI;NENHUM;NENHUM;CALMO (Nenhum Jogo);
28/05/2010;SEX;EUROMILLIONS;EUROMILLIONS;TUDO PRESENTE E BEM DATADO;
29/05/2010;SAB;NENHUM;NENHUM;CALMO (Nenhum Jogo);
30/05/2010;DOM;NENHUM;NENHUM;CALMO (Nenhum Jogo);
31/05/2010;SEG;NENHUM;NENHUM;CALMO (Nenhum Jogo);
01/06/2010;TER;NENHUM;NENHUM;CALMO (Nenhum Jogo);
02/06/2010;QUA;NENHUM;NENHUM;CALMO (Nenhum Jogo);
03/06/2010;QUI;NENHUM;NENHUM;CALMO (Nenhum Jogo);
04/06/2010;SEX;EUROMILLIONS;EUROMILLIONS;TUDO PRESENTE E BEM DATADO;
05/06/2010;SAB;NENHUM;NENHUM;CALMO (Nenhum Jogo);
06/06/2010;DOM;NENHUM;NENHUM;CALMO (Nenhum Jogo);
07/06/2010;SEG;NENHUM;NENHUM;CALMO (Nenhum Jogo);
08/06/2010;TER;NENHUM;NENHUM;CALMO (Nenhum Jogo);
09/06/2010;QUA;NENHUM;NENHUM;CALMO (Nenhum Jogo);
10/06/2010;QUI;NENHUM;NENHUM;CALMO (Nenhum Jogo);
11/06/2010;SEX;EUROMILLIONS;EUROMILLIONS;TUDO PRESENTE E BEM DATADO;
12/06/2010;SAB;NENHUM;NENHUM;CALMO (Nenhum Jogo);
13/06/2010;DOM;NENHUM;NENHUM;CALMO (Nenhum Jogo);
14/06/2010;SEG;NENHUM;NENHUM;CALMO (Nenhum Jogo);
15/06/2010;TER;NENHUM;NENHUM;CALMO (Nenhum Jogo);
16/06/2010;QUA;NENHUM;NENHUM;CALMO (Nenhum Jogo);
17/06/2010;QUI;NENHUM;NENHUM;CALMO (Nenhum Jogo);
18/06/2010;SEX;EUROMILLIONS;EUROMILLIONS;TUDO PRESENTE E BEM DATADO;
19/06/2010;SAB;NENHUM;NENHUM;CALMO (Nenhum Jogo);
20/06/2010;DOM;NENHUM;NENHUM;CALMO (Nenhum Jogo);
21/06/2010;SEG;NENHUM;NENHUM;CALMO (Nenhum Jogo);
22/06/2010;TER;NENHUM;NENHUM;CALMO (Nenhum Jogo);
23/06/2010;QUA;NENHUM;NENHUM;CALMO (Nenhum Jogo);
24/06/2010;QUI;NENHUM;NENHUM;CALMO (Nenhum Jogo);
25/06/2010;SEX;EUROMILLIONS;EUROMILLIONS;TUDO PRESENTE E BEM DATADO;
26/06/2010;SAB;NENHUM;NENHUM;CALMO (Nenhum Jogo);
27/06/2010;DOM;NENHUM;NENHUM;CALMO (Nenhum Jogo);
28/06/2010;SEG;NENHUM;NENHUM;CALMO (Nenhum Jogo);
29/06/2010;TER;NENHUM;NENHUM;CALMO (Nenhum Jogo);
30/06/2010;QUA;NENHUM;NENHUM;CALMO (Nenhum Jogo);
01/07/2010;QUI;NENHUM;NENHUM;CALMO (Nenhum Jogo);
02/07/2010;SEX;EUROMILLIONS;EUROMILLIONS;TUDO PRESENTE E BEM DATADO;
03/07/2010;SAB;NENHUM;NENHUM;CALMO (Nenhum Jogo);
04/07/2010;DOM;NENHUM;NENHUM;CALMO (Nenhum Jogo);
05/07/2010;SEG;NENHUM;NENHUM;CALMO (Nenhum Jogo);
06/07/2010;TER;NENHUM;NENHUM;CALMO (Nenhum Jogo);
07/07/2010;QUA;NENHUM;NENHUM;CALMO (Nenhum Jogo);
08/07/2010;QUI;NENHUM;NENHUM;CALMO (Nenhum Jogo);
09/07/2010;SEX;EUROMILLIONS;EUROMILLIONS;TUDO PRESENTE E BEM DATADO;
10/07/2010;SAB;NENHUM;NENHUM;CALMO (Nenhum Jogo);
11/07/2010;DOM;NENHUM;NENHUM;CALMO (Nenhum Jogo);
12/07/2010;SEG;NENHUM;NENHUM;CALMO (Nenhum Jogo);
13/07/2010;TER;NENHUM;NENHUM;CALMO (Nenhum Jogo);
14/07/2010;QUA;NENHUM;NENHUM;CALMO (Nenhum Jogo);
15/07/2010;QUI;NENHUM;NENHUM;CALMO (Nenhum Jogo);
16/07/2010;SEX;EUROMILLIONS;EUROMILLIONS;TUDO PRESENTE E BEM DATADO;
17/07/2010;SAB;NENHUM;NENHUM;CALMO (Nenhum Jogo);
18/07/2010;DOM;NENHUM;NENHUM;CALMO (Nenhum Jogo);
19/07/2010;SEG;NENHUM;NENHUM;CALMO (Nenhum Jogo);
20/07/2010;TER;NENHUM;NENHUM;CALMO (Nenhum Jogo);
21/07/2010;QUA;NENHUM;NENHUM;CALMO (Nenhum Jogo);
22/07/2010;QUI;NENHUM;NENHUM;CALMO (Nenhum Jogo);
23/07/2010;SEX;EUROMILLIONS;EUROMILLIONS;TUDO PRESENTE E BEM DATADO;
24/07/2010;SAB;NENHUM;NENHUM;CALMO (Nenhum Jogo);
25/07/2010;DOM;NENHUM;NENHUM;CALMO (Nenhum Jogo);
26/07/2010;SEG;NENHUM;NENHUM;CALMO (Nenhum Jogo);
27/07/2010;TER;NENHUM;NENHUM;CALMO (Nenhum Jogo);
28/07/2010;QUA;NENHUM;NENHUM;CALMO (Nenhum Jogo);
29/07/2010;QUI;NENHUM;NENHUM;CALMO (Nenhum Jogo);
30/07/2010;SEX;EUROMILLIONS;EUROMILLIONS;TUDO PRESENTE E BEM DATADO;
31/07/2010;SAB;NENHUM;NENHUM;CALMO (Nenhum Jogo);
01/08/2010;DOM;NENHUM;NENHUM;CALMO (Nenhum Jogo);
02/08/2010;SEG;NENHUM;NENHUM;CALMO (Nenhum Jogo);
03/08/2010;TER;NENHUM;NENHUM;CALMO (Nenhum Jogo);
04/08/2010;QUA;NENHUM;NENHUM;CALMO (Nenhum Jogo);
05/08/2010;QUI;NENHUM;NENHUM;CALMO (Nenhum Jogo);
06/08/2010;SEX;EUROMILLIONS;EUROMILLIONS;TUDO PRESENTE E BEM DATADO;
07/08/2010;SAB;NENHUM;NENHUM;CALMO (Nenhum Jogo);
08/08/2010;DOM;NENHUM;NENHUM;CALMO (Nenhum Jogo);
09/08/2010;SEG;NENHUM;NENHUM;CALMO (Nenhum Jogo);
10/08/2010;TER;NENHUM;NENHUM;CALMO (Nenhum Jogo);
11/08/2010;QUA;NENHUM;NENHUM;CALMO (Nenhum Jogo);
12/08/2010;QUI;NENHUM;NENHUM;CALMO (Nenhum Jogo);
13/08/2010;SEX;EUROMILLIONS;EUROMILLIONS;TUDO PRESENTE E BEM DATADO;
14/08/2010;SAB;NENHUM;NENHUM;CALMO (Nenhum Jogo);
15/08/2010;DOM;NENHUM;NENHUM;CALMO (Nenhum Jogo);
16/08/2010;SEG;NENHUM;NENHUM;CALMO (Nenhum Jogo);
17/08/2010;TER;NENHUM;NENHUM;CALMO (Nenhum Jogo);
18/08/2010;QUA;NENHUM;NENHUM;CALMO (Nenhum Jogo);
19/08/2010;QUI;NENHUM;NENHUM;CALMO (Nenhum Jogo);
20/08/2010;SEX;EUROMILLIONS;EUROMILLIONS;TUDO PRESENTE E BEM DATADO;
21/08/2010;SAB;NENHUM;NENHUM;CALMO (Nenhum Jogo);
22/08/2010;DOM;NENHUM;NENHUM;CALMO (Nenhum Jogo);
23/08/2010;SEG;NENHUM;NENHUM;CALMO (Nenhum Jogo);
24/08/2010;TER;NENHUM;NENHUM;CALMO (Nenhum Jogo);
25/08/2010;QUA;NENHUM;NENHUM;CALMO (Nenhum Jogo);
26/08/2010;QUI;NENHUM;NENHUM;CALMO (Nenhum Jogo);
27/08/2010;SEX;EUROMILLIONS;EUROMILLIONS;TUDO PRESENTE E BEM DATADO;
28/08/2010;SAB;NENHUM;NENHUM;CALMO (Nenhum Jogo);
29/08/2010;DOM;NENHUM;NENHUM;CALMO (Nenhum Jogo);
30/08/2010;SEG;NENHUM;NENHUM;CALMO (Nenhum Jogo);
31/08/2010;TER;NENHUM;NENHUM;CALMO (Nenhum Jogo);
01/09/2010;QUA;NENHUM;NENHUM;CALMO (Nenhum Jogo);
02/09/2010;QUI;NENHUM;NENHUM;CALMO (Nenhum Jogo);
03/09/2010;SEX;EUROMILLIONS;EUROMILLIONS;TUDO PRESENTE E BEM DATADO;
04/09/2010;SAB;NENHUM;NENHUM;CALMO (Nenhum Jogo);
05/09/2010;DOM;NENHUM;NENHUM;CALMO (Nenhum Jogo);
06/09/2010;SEG;NENHUM;NENHUM;CALMO (Nenhum Jogo);
07/09/2010;TER;NENHUM;NENHUM;CALMO (Nenhum Jogo);
08/09/2010;QUA;NENHUM;NENHUM;CALMO (Nenhum Jogo);
09/09/2010;QUI;NENHUM;NENHUM;CALMO (Nenhum Jogo);
10/09/2010;SEX;EUROMILLIONS;EUROMILLIONS;TUDO PRESENTE E BEM DATADO;
11/09/2010;SAB;NENHUM;NENHUM;CALMO (Nenhum Jogo);
12/09/2010;DOM;NENHUM;NENHUM;CALMO (Nenhum Jogo);
13/09/2010;SEG;NENHUM;NENHUM;CALMO (Nenhum Jogo);
14/09/2010;TER;NENHUM;NENHUM;CALMO (Nenhum Jogo);
15/09/2010;QUA;NENHUM;NENHUM;CALMO (Nenhum Jogo);
16/09/2010;QUI;NENHUM;NENHUM;CALMO (Nenhum Jogo);
17/09/2010;SEX;EUROMILLIONS;EUROMILLIONS;TUDO PRESENTE E BEM DATADO;
18/09/2010;SAB;NENHUM;NENHUM;CALMO (Nenhum Jogo);
19/09/2010;DOM;NENHUM;NENHUM;CALMO (Nenhum Jogo);
20/09/2010;SEG;NENHUM;NENHUM;CALMO (Nenhum Jogo);
21/09/2010;TER;NENHUM;NENHUM;CALMO (Nenhum Jogo);
22/09/2010;QUA;NENHUM;NENHUM;CALMO (Nenhum Jogo);
23/09/2010;QUI;NENHUM;NENHUM;CALMO (Nenhum Jogo);
24/09/2010;SEX;EUROMILLIONS;EUROMILLIONS;TUDO PRESENTE E BEM DATADO;
25/09/2010;SAB;NENHUM;NENHUM;CALMO (Nenhum Jogo);
26/09/2010;DOM;NENHUM;NENHUM;CALMO (Nenhum Jogo);
27/09/2010;SEG;NENHUM;NENHUM;CALMO (Nenhum Jogo);
28/09/2010;TER;NENHUM;NENHUM;CALMO (Nenhum Jogo);
29/09/2010;QUA;NENHUM;NENHUM;CALMO (Nenhum Jogo);
30/09/2010;QUI;NENHUM;NENHUM;CALMO (Nenhum Jogo);
01/10/2010;SEX;EUROMILLIONS;EUROMILLIONS;TUDO PRESENTE E BEM DATADO;
02/10/2010;SAB;NENHUM;NENHUM;CALMO (Nenhum Jogo);
03/10/2010;DOM;NENHUM;NENHUM;CALMO (Nenhum Jogo);
04/10/2010;SEG;NENHUM;NENHUM;CALMO (Nenhum Jogo);
05/10/2010;TER;NENHUM;NENHUM;CALMO (Nenhum Jogo);
06/10/2010;QUA;NENHUM;NENHUM;CALMO (Nenhum Jogo);
07/10/2010;QUI;NENHUM;NENHUM;CALMO (Nenhum Jogo);
08/10/2010;SEX;EUROMILLIONS;EUROMILLIONS;TUDO PRESENTE E BEM DATADO;
09/10/2010;SAB;NENHUM;NENHUM;CALMO (Nenhum Jogo);
10/10/2010;DOM;NENHUM;NENHUM;CALMO (Nenhum Jogo);
11/10/2010;SEG;NENHUM;NENHUM;CALMO (Nenhum Jogo);
12/10/2010;TER;NENHUM;NENHUM;CALMO (Nenhum Jogo);
13/10/2010;QUA;NENHUM;NENHUM;CALMO (Nenhum Jogo);
14/10/2010;QUI;NENHUM;NENHUM;CALMO (Nenhum Jogo);
15/10/2010;SEX;EUROMILLIONS;EUROMILLIONS;TUDO PRESENTE E BEM DATADO;
16/10/2010;SAB;NENHUM;NENHUM;CALMO (Nenhum Jogo);
17/10/2010;DOM;NENHUM;NENHUM;CALMO (Nenhum Jogo);
18/10/2010;SEG;NENHUM;NENHUM;CALMO (Nenhum Jogo);
19/10/2010;TER;NENHUM;NENHUM;CALMO (Nenhum Jogo);
20/10/2010;QUA;NENHUM;NENHUM;CALMO (Nenhum Jogo);
21/10/2010;QUI;NENHUM;NENHUM;CALMO (Nenhum Jogo);
22/10/2010;SEX;EUROMILLIONS;EUROMILLIONS;TUDO PRESENTE E BEM DATADO;
23/10/2010;SAB;NENHUM;NENHUM;CALMO (Nenhum Jogo);
24/10/2010;DOM;NENHUM;NENHUM;CALMO (Nenhum Jogo);
25/10/2010;SEG;NENHUM;NENHUM;CALMO (Nenhum Jogo);
26/10/2010;TER;NENHUM;NENHUM;CALMO (Nenhum Jogo);
27/10/2010;QUA;NENHUM;NENHUM;CALMO (Nenhum Jogo);
28/10/2010;QUI;NENHUM;NENHUM;CALMO (Nenhum Jogo);
29/10/2010;SEX;EUROMILLIONS;EUROMILLIONS;TUDO PRESENTE E BEM DATADO;
30/10/2010;SAB;NENHUM;NENHUM;CALMO (Nenhum Jogo);
31/10/2010;DOM;NENHUM;NENHUM;CALMO (Nenhum Jogo);
01/11/2010;SEG;NENHUM;NENHUM;CALMO (Nenhum Jogo);
02/11/2010;TER;NENHUM;NENHUM;CALMO (Nenhum Jogo);
03/11/2010;QUA;NENHUM;NENHUM;CALMO (Nenhum Jogo);
04/11/2010;QUI;NENHUM;NENHUM;CALMO (Nenhum Jogo);
05/11/2010;SEX;EUROMILLIONS;EUROMILLIONS;TUDO PRESENTE E BEM DATADO;
06/11/2010;SAB;NENHUM;NENHUM;CALMO (Nenhum Jogo);
07/11/2010;DOM;NENHUM;NENHUM;CALMO (Nenhum Jogo);
08/11/2010;SEG;NENHUM;NENHUM;CALMO (Nenhum Jogo);
09/11/2010;TER;NENHUM;NENHUM;CALMO (Nenhum Jogo);
10/11/2010;QUA;NENHUM;NENHUM;CALMO (Nenhum Jogo);
11/11/2010;QUI;NENHUM;NENHUM;CALMO (Nenhum Jogo);
12/11/2010;SEX;EUROMILLIONS;EUROMILLIONS;TUDO PRESENTE E BEM DATADO;
13/11/2010;SAB;NENHUM;NENHUM;CALMO (Nenhum Jogo);
14/11/2010;DOM;NENHUM;NENHUM;CALMO (Nenhum Jogo);
15/11/2010;SEG;NENHUM;NENHUM;CALMO (Nenhum Jogo);
16/11/2010;TER;NENHUM;NENHUM;CALMO (Nenhum Jogo);
17/11/2010;QUA;NENHUM;NENHUM;CALMO (Nenhum Jogo);
18/11/2010;QUI;NENHUM;NENHUM;CALMO (Nenhum Jogo);
19/11/2010;SEX;EUROMILLIONS;EUROMILLIONS;TUDO PRESENTE E BEM DATADO;
20/11/2010;SAB;NENHUM;NENHUM;CALMO (Nenhum Jogo);
21/11/2010;DOM;NENHUM;NENHUM;CALMO (Nenhum Jogo);
22/11/2010;SEG;NENHUM;NENHUM;CALMO (Nenhum Jogo);
23/11/2010;TER;NENHUM;NENHUM;CALMO (Nenhum Jogo);
24/11/2010;QUA;NENHUM;NENHUM;CALMO (Nenhum Jogo);
25/11/2010;QUI;NENHUM;NENHUM;CALMO (Nenhum Jogo);
26/11/2010;SEX;EUROMILLIONS;EUROMILLIONS;TUDO PRESENTE E BEM DATADO;
27/11/2010;SAB;NENHUM;NENHUM;CALMO (Nenhum Jogo);
28/11/2010;DOM;NENHUM;NENHUM;CALMO (Nenhum Jogo);
29/11/2010;SEG;NENHUM;NENHUM;CALMO (Nenhum Jogo);
30/11/2010;TER;NENHUM;NENHUM;CALMO (Nenhum Jogo);
01/12/2010;QUA;NENHUM;NENHUM;CALMO (Nenhum Jogo);
02/12/2010;QUI;NENHUM;NENHUM;CALMO (Nenhum Jogo);
03/12/2010;SEX;EUROMILLIONS;EUROMILLIONS;TUDO PRESENTE E BEM DATADO;
04/12/2010;SAB;NENHUM;NENHUM;CALMO (Nenhum Jogo);
05/12/2010;DOM;NENHUM;NENHUM;CALMO (Nenhum Jogo);
06/12/2010;SEG;NENHUM;NENHUM;CALMO (Nenhum Jogo);
07/12/2010;TER;NENHUM;NENHUM;CALMO (Nenhum Jogo);
08/12/2010;QUA;NENHUM;NENHUM;CALMO (Nenhum Jogo);
09/12/2010;QUI;NENHUM;NENHUM;CALMO (Nenhum Jogo);
10/12/2010;SEX;EUROMILLIONS;EUROMILLIONS;TUDO PRESENTE E BEM DATADO;
11/12/2010;SAB;NENHUM;NENHUM;CALMO (Nenhum Jogo);
12/12/2010;DOM;NENHUM;NENHUM;CALMO (Nenhum Jogo);
13/12/2010;SEG;NENHUM;NENHUM;CALMO (Nenhum Jogo);
14/12/2010;TER;NENHUM;NENHUM;CALMO (Nenhum Jogo);
15/12/2010;QUA;NENHUM;NENHUM;CALMO (Nenhum Jogo);
16/12/2010;QUI;NENHUM;NENHUM;CALMO (Nenhum Jogo);
17/12/2010;SEX;EUROMILLIONS;EUROMILLIONS;TUDO PRESENTE E BEM DATADO;
18/12/2010;SAB;NENHUM;NENHUM;CALMO (Nenhum Jogo);
19/12/2010;DOM;NENHUM;NENHUM;CALMO (Nenhum Jogo);
20/12/2010;SEG;NENHUM;NENHUM;CALMO (Nenhum Jogo);
21/12/2010;TER;NENHUM;NENHUM;CALMO (Nenhum Jogo);
22/12/2010;QUA;NENHUM;NENHUM;CALMO (Nenhum Jogo);
23/12/2010;QUI;NENHUM;NENHUM;CALMO (Nenhum Jogo);
24/12/2010;SEX;EUROMILLIONS;EUROMILLIONS;TUDO PRESENTE E BEM DATADO;
25/12/2010;SAB;NENHUM;NENHUM;CALMO (Nenhum Jogo);
26/12/2010;DOM;NENHUM;NENHUM;CALMO (Nenhum Jogo);
27/12/2010;SEG;NENHUM;NENHUM;CALMO (Nenhum Jogo);
28/12/2010;TER;NENHUM;NENHUM;CALMO (Nenhum Jogo);
29/12/2010;QUA;NENHUM;NENHUM;CALMO (Nenhum Jogo);
30/12/2010;QUI;NENHUM;NENHUM;CALMO (Nenhum Jogo);
31/12/2010;SEX;EUROMILLIONS;EUROMILLIONS;TUDO PRESENTE E BEM DATADO;
01/01/2011;SAB;NENHUM;NENHUM;CALMO (Nenhum Jogo);
02/01/2011;DOM;NENHUM;NENHUM;CALMO (Nenhum Jogo);
03/01/2011;SEG;NENHUM;NENHUM;CALMO (Nenhum Jogo);
04/01/2011;TER;NENHUM;NENHUM;CALMO (Nenhum Jogo);
05/01/2011;QUA;NENHUM;NENHUM;CALMO (Nenhum Jogo);
06/01/2011;QUI;NENHUM;NENHUM;CALMO (Nenhum Jogo);
07/01/2011;SEX;EUROMILLIONS;EUROMILLIONS;TUDO PRESENTE E BEM DATADO;
08/01/2011;SAB;NENHUM;NENHUM;CALMO (Nenhum Jogo);
09/01/2011;DOM;NENHUM;NENHUM;CALMO (Nenhum Jogo);
10/01/2011;SEG;NENHUM;NENHUM;CALMO (Nenhum Jogo);
11/01/2011;TER;NENHUM;NENHUM;CALMO (Nenhum Jogo);
12/01/2011;QUA;NENHUM;NENHUM;CALMO (Nenhum Jogo);
13/01/2011;QUI;NENHUM;NENHUM;CALMO (Nenhum Jogo);
14/01/2011;SEX;EUROMILLIONS;EUROMILLIONS;TUDO PRESENTE E BEM DATADO;
15/01/2011;SAB;NENHUM;NENHUM;CALMO (Nenhum Jogo);
16/01/2011;DOM;NENHUM;NENHUM;CALMO (Nenhum Jogo);
17/01/2011;SEG;NENHUM;NENHUM;CALMO (Nenhum Jogo);
18/01/2011;TER;NENHUM;NENHUM;CALMO (Nenhum Jogo);
19/01/2011;QUA;NENHUM;NENHUM;CALMO (Nenhum Jogo);
20/01/2011;QUI;NENHUM;NENHUM;CALMO (Nenhum Jogo);
21/01/2011;SEX;EUROMILLIONS;EUROMILLIONS;TUDO PRESENTE E BEM DATADO;
22/01/2011;SAB;NENHUM;NENHUM;CALMO (Nenhum Jogo);
23/01/2011;DOM;NENHUM;NENHUM;CALMO (Nenhum Jogo);
24/01/2011;SEG;NENHUM;NENHUM;CALMO (Nenhum Jogo);
25/01/2011;TER;NENHUM;NENHUM;CALMO (Nenhum Jogo);
26/01/2011;QUA;NENHUM;NENHUM;CALMO (Nenhum Jogo);
27/01/2011;QUI;NENHUM;NENHUM;CALMO (Nenhum Jogo);
28/01/2011;SEX;EUROMILLIONS;EUROMILLIONS;TUDO PRESENTE E BEM DATADO;
29/01/2011;SAB;NENHUM;NENHUM;CALMO (Nenhum Jogo);
30/01/2011;DOM;NENHUM;NENHUM;CALMO (Nenhum Jogo);
31/01/2011;SEG;NENHUM;NENHUM;CALMO (Nenhum Jogo);
01/02/2011;TER;NENHUM;NENHUM;CALMO (Nenhum Jogo);
02/02/2011;QUA;NENHUM;NENHUM;CALMO (Nenhum Jogo);
03/02/2011;QUI;NENHUM;NENHUM;CALMO (Nenhum Jogo);
04/02/2011;SEX;EUROMILLIONS;EUROMILLIONS;TUDO PRESENTE E BEM DATADO;
05/02/2011;SAB;NENHUM;NENHUM;CALMO (Nenhum Jogo);
06/02/2011;DOM;NENHUM;NENHUM;CALMO (Nenhum Jogo);
07/02/2011;SEG;NENHUM;NENHUM;CALMO (Nenhum Jogo);
08/02/2011;TER;NENHUM;NENHUM;CALMO (Nenhum Jogo);
09/02/2011;QUA;NENHUM;NENHUM;CALMO (Nenhum Jogo);
10/02/2011;QUI;NENHUM;NENHUM;CALMO (Nenhum Jogo);
11/02/2011;SEX;EUROMILLIONS;EUROMILLIONS;TUDO PRESENTE E BEM DATADO;
12/02/2011;SAB;NENHUM;NENHUM;CALMO (Nenhum Jogo);
13/02/2011;DOM;NENHUM;NENHUM;CALMO (Nenhum Jogo);
14/02/2011;SEG;NENHUM;NENHUM;CALMO (Nenhum Jogo);
15/02/2011;TER;NENHUM;NENHUM;CALMO (Nenhum Jogo);
16/02/2011;QUA;NENHUM;NENHUM;CALMO (Nenhum Jogo);
17/02/2011;QUI;NENHUM;NENHUM;CALMO (Nenhum Jogo);
18/02/2011;SEX;EUROMILLIONS;EUROMILLIONS;TUDO PRESENTE E BEM DATADO;
19/02/2011;SAB;NENHUM;NENHUM;CALMO (Nenhum Jogo);
20/02/2011;DOM;NENHUM;NENHUM;CALMO (Nenhum Jogo);
21/02/2011;SEG;NENHUM;NENHUM;CALMO (Nenhum Jogo);
22/02/2011;TER;NENHUM;NENHUM;CALMO (Nenhum Jogo);
23/02/2011;QUA;NENHUM;NENHUM;CALMO (Nenhum Jogo);
24/02/2011;QUI;NENHUM;NENHUM;CALMO (Nenhum Jogo);
25/02/2011;SEX;EUROMILLIONS;EUROMILLIONS;TUDO PRESENTE E BEM DATADO;
26/02/2011;SAB;NENHUM;NENHUM;CALMO (Nenhum Jogo);
27/02/2011;DOM;NENHUM;NENHUM;CALMO (Nenhum Jogo);
28/02/2011;SEG;NENHUM;NENHUM;CALMO (Nenhum Jogo);
01/03/2011;TER;NENHUM;NENHUM;CALMO (Nenhum Jogo);
02/03/2011;QUA;NENHUM;NENHUM;CALMO (Nenhum Jogo);
03/03/2011;QUI;NENHUM;NENHUM;CALMO (Nenhum Jogo);
04/03/2011;SEX;EUROMILLIONS;EUROMILLIONS;TUDO PRESENTE E BEM DATADO;
05/03/2011;SAB;NENHUM;NENHUM;CALMO (Nenhum Jogo);
06/03/2011;DOM;NENHUM;NENHUM;CALMO (Nenhum Jogo);
07/03/2011;SEG;NENHUM;NENHUM;CALMO (Nenhum Jogo);
08/03/2011;TER;NENHUM;NENHUM;CALMO (Nenhum Jogo);
09/03/2011;QUA;NENHUM;NENHUM;CALMO (Nenhum Jogo);
10/03/2011;QUI;NENHUM;NENHUM;CALMO (Nenhum Jogo);
11/03/2011;SEX;EUROMILLIONS;EUROMILLIONS;TUDO PRESENTE E BEM DATADO;
12/03/2011;SAB;NENHUM;NENHUM;CALMO (Nenhum Jogo);
13/03/2011;DOM;NENHUM;NENHUM;CALMO (Nenhum Jogo);
14/03/2011;SEG;NENHUM;NENHUM;CALMO (Nenhum Jogo);
15/03/2011;TER;NENHUM;NENHUM;CALMO (Nenhum Jogo);
16/03/2011;QUA;NENHUM;NENHUM;CALMO (Nenhum Jogo);
17/03/2011;QUI;NENHUM;NENHUM;CALMO (Nenhum Jogo);
18/03/2011;SEX;EUROMILLIONS;EUROMILLIONS;TUDO PRESENTE E BEM DATADO;
19/03/2011;SAB;NENHUM;NENHUM;CALMO (Nenhum Jogo);
20/03/2011;DOM;NENHUM;NENHUM;CALMO (Nenhum Jogo);
21/03/2011;SEG;NENHUM;NENHUM;CALMO (Nenhum Jogo);
22/03/2011;TER;NENHUM;NENHUM;CALMO (Nenhum Jogo);
23/03/2011;QUA;NENHUM;NENHUM;CALMO (Nenhum Jogo);
24/03/2011;QUI;NENHUM;NENHUM;CALMO (Nenhum Jogo);
25/03/2011;SEX;EUROMILLIONS;EUROMILLIONS;TUDO PRESENTE E BEM DATADO;
26/03/2011;SAB;NENHUM;NENHUM;CALMO (Nenhum Jogo);
27/03/2011;DOM;NENHUM;NENHUM;CALMO (Nenhum Jogo);
28/03/2011;SEG;NENHUM;NENHUM;CALMO (Nenhum Jogo);
29/03/2011;TER;NENHUM;NENHUM;CALMO (Nenhum Jogo);
30/03/2011;QUA;NENHUM;NENHUM;CALMO (Nenhum Jogo);
31/03/2011;QUI;NENHUM;NENHUM;CALMO (Nenhum Jogo);
01/04/2011;SEX;EUROMILLIONS;EUROMILLIONS;TUDO PRESENTE E BEM DATADO;
02/04/2011;SAB;NENHUM;NENHUM;CALMO (Nenhum Jogo);
03/04/2011;DOM;NENHUM;NENHUM;CALMO (Nenhum Jogo);
04/04/2011;SEG;NENHUM;NENHUM;CALMO (Nenhum Jogo);
05/04/2011;TER;NENHUM;NENHUM;CALMO (Nenhum Jogo);
06/04/2011;QUA;NENHUM;NENHUM;CALMO (Nenhum Jogo);
07/04/2011;QUI;NENHUM;NENHUM;CALMO (Nenhum Jogo);
08/04/2011;SEX;EUROMILLIONS;EUROMILLIONS;TUDO PRESENTE E BEM DATADO;
09/04/2011;SAB;NENHUM;NENHUM;CALMO (Nenhum Jogo);
10/04/2011;DOM;NENHUM;NENHUM;CALMO (Nenhum Jogo);
11/04/2011;SEG;NENHUM;NENHUM;CALMO (Nenhum Jogo);
12/04/2011;TER;NENHUM;NENHUM;CALMO (Nenhum Jogo);
13/04/2011;QUA;NENHUM;NENHUM;CALMO (Nenhum Jogo);
14/04/2011;QUI;NENHUM;NENHUM;CALMO (Nenhum Jogo);
15/04/2011;SEX;EUROMILLIONS;EUROMILLIONS;TUDO PRESENTE E BEM DATADO;
16/04/2011;SAB;NENHUM;NENHUM;CALMO (Nenhum Jogo);
17/04/2011;DOM;NENHUM;NENHUM;CALMO (Nenhum Jogo);
18/04/2011;SEG;NENHUM;NENHUM;CALMO (Nenhum Jogo);
19/04/2011;TER;NENHUM;NENHUM;CALMO (Nenhum Jogo);
20/04/2011;QUA;NENHUM;NENHUM;CALMO (Nenhum Jogo);
21/04/2011;QUI;NENHUM;NENHUM;CALMO (Nenhum Jogo);
22/04/2011;SEX;EUROMILLIONS;EUROMILLIONS;TUDO PRESENTE E BEM DATADO;
23/04/2011;SAB;NENHUM;NENHUM;CALMO (Nenhum Jogo);
24/04/2011;DOM;NENHUM;NENHUM;CALMO (Nenhum Jogo);
25/04/2011;SEG;NENHUM;NENHUM;CALMO (Nenhum Jogo);
26/04/2011;TER;NENHUM;NENHUM;CALMO (Nenhum Jogo);
27/04/2011;QUA;NENHUM;NENHUM;CALMO (Nenhum Jogo);
28/04/2011;QUI;NENHUM;NENHUM;CALMO (Nenhum Jogo);
29/04/2011;SEX;EUROMILLIONS;EUROMILLIONS;TUDO PRESENTE E BEM DATADO;
30/04/2011;SAB;NENHUM;NENHUM;CALMO (Nenhum Jogo);
01/05/2011;DOM;NENHUM;NENHUM;CALMO (Nenhum Jogo);
02/05/2011;SEG;NENHUM;NENHUM;CALMO (Nenhum Jogo);
03/05/2011;TER;NENHUM;NENHUM;CALMO (Nenhum Jogo);
04/05/2011;QUA;NENHUM;NENHUM;CALMO (Nenhum Jogo);
05/05/2011;QUI;NENHUM;NENHUM;CALMO (Nenhum Jogo);
06/05/2011;SEX;EUROMILLIONS;EUROMILLIONS;TUDO PRESENTE E BEM DATADO;
07/05/2011;SAB;NENHUM;NENHUM;CALMO (Nenhum Jogo);
08/05/2011;DOM;NENHUM;NENHUM;CALMO (Nenhum Jogo);
09/05/2011;SEG;NENHUM;NENHUM;CALMO (Nenhum Jogo);
10/05/2011;TER;EUROMILLIONS;EUROMILLIONS;TUDO PRESENTE E BEM DATADO;
11/05/2011;QUA;NENHUM;NENHUM;CALMO (Nenhum Jogo);
12/05/2011;QUI;NENHUM;NENHUM;CALMO (Nenhum Jogo);
13/05/2011;SEX;EUROMILLIONS;EUROMILLIONS;TUDO PRESENTE E BEM DATADO;
14/05/2011;SAB;NENHUM;NENHUM;CALMO (Nenhum Jogo);
15/05/2011;DOM;NENHUM;NENHUM;CALMO (Nenhum Jogo);
16/05/2011;SEG;NENHUM;NENHUM;CALMO (Nenhum Jogo);
17/05/2011;TER;EUROMILLIONS;EUROMILLIONS;TUDO PRESENTE E BEM DATADO;
18/05/2011;QUA;NENHUM;NENHUM;CALMO (Nenhum Jogo);
19/05/2011;QUI;NENHUM;NENHUM;CALMO (Nenhum Jogo);
20/05/2011;SEX;EUROMILLIONS;EUROMILLIONS;TUDO PRESENTE E BEM DATADO;
21/05/2011;SAB;NENHUM;NENHUM;CALMO (Nenhum Jogo);
22/05/2011;DOM;NENHUM;NENHUM;CALMO (Nenhum Jogo);
23/05/2011;SEG;NENHUM;NENHUM;CALMO (Nenhum Jogo);
24/05/2011;TER;EUROMILLIONS;EUROMILLIONS;TUDO PRESENTE E BEM DATADO;
25/05/2011;QUA;NENHUM;NENHUM;CALMO (Nenhum Jogo);
26/05/2011;QUI;NENHUM;NENHUM;CALMO (Nenhum Jogo);
27/05/2011;SEX;EUROMILLIONS;EUROMILLIONS;TUDO PRESENTE E BEM DATADO;
28/05/2011;SAB;NENHUM;NENHUM;CALMO (Nenhum Jogo);
29/05/2011;DOM;NENHUM;NENHUM;CALMO (Nenhum Jogo);
30/05/2011;SEG;NENHUM;NENHUM;CALMO (Nenhum Jogo);
31/05/2011;TER;EUROMILLIONS;EUROMILLIONS;TUDO PRESENTE E BEM DATADO;
01/06/2011;QUA;NENHUM;NENHUM;CALMO (Nenhum Jogo);
02/06/2011;QUI;NENHUM;NENHUM;CALMO (Nenhum Jogo);
03/06/2011;SEX;EUROMILLIONS;EUROMILLIONS;TUDO PRESENTE E BEM DATADO;
04/06/2011;SAB;NENHUM;NENHUM;CALMO (Nenhum Jogo);
05/06/2011;DOM;NENHUM;NENHUM;CALMO (Nenhum Jogo);
06/06/2011;SEG;NENHUM;NENHUM;CALMO (Nenhum Jogo);
07/06/2011;TER;EUROMILLIONS;EUROMILLIONS;TUDO PRESENTE E BEM DATADO;
08/06/2011;QUA;NENHUM;NENHUM;CALMO (Nenhum Jogo);
09/06/2011;QUI;NENHUM;NENHUM;CALMO (Nenhum Jogo);
10/06/2011;SEX;EUROMILLIONS;EUROMILLIONS;TUDO PRESENTE E BEM DATADO;
11/06/2011;SAB;NENHUM;NENHUM;CALMO (Nenhum Jogo);
12/06/2011;DOM;NENHUM;NENHUM;CALMO (Nenhum Jogo);
13/06/2011;SEG;NENHUM;NENHUM;CALMO (Nenhum Jogo);
14/06/2011;TER;EUROMILLIONS;EUROMILLIONS;TUDO PRESENTE E BEM DATADO;
15/06/2011;QUA;NENHUM;NENHUM;CALMO (Nenhum Jogo);
16/06/2011;QUI;NENHUM;NENHUM;CALMO (Nenhum Jogo);
17/06/2011;SEX;EUROMILLIONS;EUROMILLIONS;TUDO PRESENTE E BEM DATADO;
18/06/2011;SAB;NENHUM;NENHUM;CALMO (Nenhum Jogo);
19/06/2011;DOM;NENHUM;NENHUM;CALMO (Nenhum Jogo);
20/06/2011;SEG;NENHUM;NENHUM;CALMO (Nenhum Jogo);
21/06/2011;TER;EUROMILLIONS;EUROMILLIONS;TUDO PRESENTE E BEM DATADO;
22/06/2011;QUA;NENHUM;NENHUM;CALMO (Nenhum Jogo);
23/06/2011;QUI;NENHUM;NENHUM;CALMO (Nenhum Jogo);
24/06/2011;SEX;EUROMILLIONS;EUROMILLIONS;TUDO PRESENTE E BEM DATADO;
25/06/2011;SAB;NENHUM;NENHUM;CALMO (Nenhum Jogo);
26/06/2011;DOM;NENHUM;NENHUM;CALMO (Nenhum Jogo);
27/06/2011;SEG;NENHUM;NENHUM;CALMO (Nenhum Jogo);
28/06/2011;TER;EUROMILLIONS;EUROMILLIONS;TUDO PRESENTE E BEM DATADO;
29/06/2011;QUA;NENHUM;NENHUM;CALMO (Nenhum Jogo);
30/06/2011;QUI;NENHUM;NENHUM;CALMO (Nenhum Jogo);
01/07/2011;SEX;EUROMILLIONS;EUROMILLIONS;TUDO PRESENTE E BEM DATADO;
02/07/2011;SAB;NENHUM;NENHUM;CALMO (Nenhum Jogo);
03/07/2011;DOM;NENHUM;NENHUM;CALMO (Nenhum Jogo);
04/07/2011;SEG;NENHUM;NENHUM;CALMO (Nenhum Jogo);
05/07/2011;TER;EUROMILLIONS;EUROMILLIONS;TUDO PRESENTE E BEM DATADO;
06/07/2011;QUA;NENHUM;NENHUM;CALMO (Nenhum Jogo);
07/07/2011;QUI;NENHUM;NENHUM;CALMO (Nenhum Jogo);
08/07/2011;SEX;EUROMILLIONS;EUROMILLIONS;TUDO PRESENTE E BEM DATADO;
09/07/2011;SAB;TOTOLOTO;TOTOLOTO;TUDO PRESENTE E BEM DATADO;
10/07/2011;DOM;NENHUM;NENHUM;CALMO (Nenhum Jogo);
11/07/2011;SEG;NENHUM;NENHUM;CALMO (Nenhum Jogo);
12/07/2011;TER;EUROMILLIONS;EUROMILLIONS;TUDO PRESENTE E BEM DATADO;
13/07/2011;QUA;TOTOLOTO;TOTOLOTO;TUDO PRESENTE E BEM DATADO;
14/07/2011;QUI;NENHUM;NENHUM;CALMO (Nenhum Jogo);
15/07/2011;SEX;EUROMILLIONS;EUROMILLIONS;TUDO PRESENTE E BEM DATADO;
16/07/2011;SAB;TOTOLOTO;TOTOLOTO;TUDO PRESENTE E BEM DATADO;
17/07/2011;DOM;NENHUM;NENHUM;CALMO (Nenhum Jogo);
18/07/2011;SEG;NENHUM;NENHUM;CALMO (Nenhum Jogo);
19/07/2011;TER;EUROMILLIONS;EUROMILLIONS;TUDO PRESENTE E BEM DATADO;
20/07/2011;QUA;TOTOLOTO;TOTOLOTO;TUDO PRESENTE E BEM DATADO;
21/07/2011;QUI;NENHUM;NENHUM;CALMO (Nenhum Jogo);
22/07/2011;SEX;EUROMILLIONS;EUROMILLIONS;TUDO PRESENTE E BEM DATADO;
23/07/2011;SAB;TOTOLOTO;TOTOLOTO;TUDO PRESENTE E BEM DATADO;
24/07/2011;DOM;NENHUM;NENHUM;CALMO (Nenhum Jogo);
25/07/2011;SEG;NENHUM;NENHUM;CALMO (Nenhum Jogo);
26/07/2011;TER;EUROMILLIONS;EUROMILLIONS;TUDO PRESENTE E BEM DATADO;
27/07/2011;QUA;TOTOLOTO;TOTOLOTO;TUDO PRESENTE E BEM DATADO;
28/07/2011;QUI;NENHUM;NENHUM;CALMO (Nenhum Jogo);
29/07/2011;SEX;EUROMILLIONS;EUROMILLIONS;TUDO PRESENTE E BEM DATADO;
30/07/2011;SAB;TOTOLOTO;TOTOLOTO;TUDO PRESENTE E BEM DATADO;
31/07/2011;DOM;NENHUM;NENHUM;CALMO (Nenhum Jogo);
01/08/2011;SEG;NENHUM;NENHUM;CALMO (Nenhum Jogo);
02/08/2011;TER;EUROMILLIONS;EUROMILLIONS;TUDO PRESENTE E BEM DATADO;
03/08/2011;QUA;TOTOLOTO;TOTOLOTO;TUDO PRESENTE E BEM DATADO;
04/08/2011;QUI;NENHUM;NENHUM;CALMO (Nenhum Jogo);
05/08/2011;SEX;EUROMILLIONS;EUROMILLIONS;TUDO PRESENTE E BEM DATADO;
06/08/2011;SAB;TOTOLOTO;TOTOLOTO;TUDO PRESENTE E BEM DATADO;
07/08/2011;DOM;NENHUM;NENHUM;CALMO (Nenhum Jogo);
08/08/2011;SEG;NENHUM;NENHUM;CALMO (Nenhum Jogo);
09/08/2011;TER;EUROMILLIONS;EUROMILLIONS;TUDO PRESENTE E BEM DATADO;
10/08/2011;QUA;TOTOLOTO;TOTOLOTO;TUDO PRESENTE E BEM DATADO;
11/08/2011;QUI;NENHUM;NENHUM;CALMO (Nenhum Jogo);
12/08/2011;SEX;EUROMILLIONS;EUROMILLIONS;TUDO PRESENTE E BEM DATADO;
13/08/2011;SAB;TOTOLOTO;TOTOLOTO;TUDO PRESENTE E BEM DATADO;
14/08/2011;DOM;NENHUM;NENHUM;CALMO (Nenhum Jogo);
15/08/2011;SEG;NENHUM;NENHUM;CALMO (Nenhum Jogo);
16/08/2011;TER;EUROMILLIONS;EUROMILLIONS;TUDO PRESENTE E BEM DATADO;
17/08/2011;QUA;TOTOLOTO;TOTOLOTO;TUDO PRESENTE E BEM DATADO;
18/08/2011;QUI;NENHUM;NENHUM;CALMO (Nenhum Jogo);
19/08/2011;SEX;EUROMILLIONS;EUROMILLIONS;TUDO PRESENTE E BEM DATADO;
20/08/2011;SAB;TOTOLOTO;TOTOLOTO;TUDO PRESENTE E BEM DATADO;
21/08/2011;DOM;NENHUM;NENHUM;CALMO (Nenhum Jogo);
22/08/2011;SEG;NENHUM;NENHUM;CALMO (Nenhum Jogo);
23/08/2011;TER;EUROMILLIONS;EUROMILLIONS;TUDO PRESENTE E BEM DATADO;
24/08/2011;QUA;TOTOLOTO;TOTOLOTO;TUDO PRESENTE E BEM DATADO;
25/08/2011;QUI;NENHUM;NENHUM;CALMO (Nenhum Jogo);
26/08/2011;SEX;EUROMILLIONS;EUROMILLIONS;TUDO PRESENTE E BEM DATADO;
27/08/2011;SAB;TOTOLOTO;TOTOLOTO;TUDO PRESENTE E BEM DATADO;
28/08/2011;DOM;NENHUM;NENHUM;CALMO (Nenhum Jogo);
29/08/2011;SEG;NENHUM;NENHUM;CALMO (Nenhum Jogo);
30/08/2011;TER;EUROMILLIONS;EUROMILLIONS;TUDO PRESENTE E BEM DATADO;
31/08/2011;QUA;TOTOLOTO;TOTOLOTO;TUDO PRESENTE E BEM DATADO;
01/09/2011;QUI;NENHUM;NENHUM;CALMO (Nenhum Jogo);
02/09/2011;SEX;EUROMILLIONS;EUROMILLIONS;TUDO PRESENTE E BEM DATADO;
03/09/2011;SAB;TOTOLOTO;TOTOLOTO;TUDO PRESENTE E BEM DATADO;
04/09/2011;DOM;NENHUM;NENHUM;CALMO (Nenhum Jogo);
05/09/2011;SEG;NENHUM;NENHUM;CALMO (Nenhum Jogo);
06/09/2011;TER;EUROMILLIONS;EUROMILLIONS;TUDO PRESENTE E BEM DATADO;
07/09/2011;QUA;TOTOLOTO;TOTOLOTO;TUDO PRESENTE E BEM DATADO;
08/09/2011;QUI;NENHUM;NENHUM;CALMO (Nenhum Jogo);
09/09/2011;SEX;EUROMILLIONS;EUROMILLIONS;TUDO PRESENTE E BEM DATADO;
10/09/2011;SAB;TOTOLOTO;TOTOLOTO;TUDO PRESENTE E BEM DATADO;
11/09/2011;DOM;NENHUM;NENHUM;CALMO (Nenhum Jogo);
12/09/2011;SEG;NENHUM;NENHUM;CALMO (Nenhum Jogo);
13/09/2011;TER;EUROMILLIONS;EUROMILLIONS;TUDO PRESENTE E BEM DATADO;
14/09/2011;QUA;TOTOLOTO;TOTOLOTO;TUDO PRESENTE E BEM DATADO;
15/09/2011;QUI;NENHUM;NENHUM;CALMO (Nenhum Jogo);
16/09/2011;SEX;EUROMILLIONS;EUROMILLIONS;TUDO PRESENTE E BEM DATADO;
17/09/2011;SAB;TOTOLOTO;TOTOLOTO;TUDO PRESENTE E BEM DATADO;
18/09/2011;DOM;NENHUM;NENHUM;CALMO (Nenhum Jogo);
19/09/2011;SEG;NENHUM;NENHUM;CALMO (Nenhum Jogo);
20/09/2011;TER;EUROMILLIONS;EUROMILLIONS;TUDO PRESENTE E BEM DATADO;
21/09/2011;QUA;TOTOLOTO;TOTOLOTO;TUDO PRESENTE E BEM DATADO;
22/09/2011;QUI;NENHUM;NENHUM;CALMO (Nenhum Jogo);
23/09/2011;SEX;EUROMILLIONS;EUROMILLIONS;TUDO PRESENTE E BEM DATADO;
24/09/2011;SAB;TOTOLOTO;TOTOLOTO;TUDO PRESENTE E BEM DATADO;
25/09/2011;DOM;NENHUM;NENHUM;CALMO (Nenhum Jogo);
26/09/2011;SEG;NENHUM;NENHUM;CALMO (Nenhum Jogo);
27/09/2011;TER;EUROMILLIONS;EUROMILLIONS;TUDO PRESENTE E BEM DATADO;
28/09/2011;QUA;TOTOLOTO;TOTOLOTO;TUDO PRESENTE E BEM DATADO;
29/09/2011;QUI;NENHUM;NENHUM;CALMO (Nenhum Jogo);
30/09/2011;SEX;EUROMILLIONS;EUROMILLIONS;TUDO PRESENTE E BEM DATADO;
01/10/2011;SAB;TOTOLOTO;TOTOLOTO;TUDO PRESENTE E BEM DATADO;
02/10/2011;DOM;NENHUM;NENHUM;CALMO (Nenhum Jogo);
03/10/2011;SEG;NENHUM;NENHUM;CALMO (Nenhum Jogo);
04/10/2011;TER;EUROMILLIONS;EUROMILLIONS;TUDO PRESENTE E BEM DATADO;
05/10/2011;QUA;TOTOLOTO;TOTOLOTO;TUDO PRESENTE E BEM DATADO;
06/10/2011;QUI;NENHUM;NENHUM;CALMO (Nenhum Jogo);
07/10/2011;SEX;EUROMILLIONS;EUROMILLIONS;TUDO PRESENTE E BEM DATADO;
08/10/2011;SAB;TOTOLOTO;TOTOLOTO;TUDO PRESENTE E BEM DATADO;
09/10/2011;DOM;NENHUM;NENHUM;CALMO (Nenhum Jogo);
10/10/2011;SEG;NENHUM;NENHUM;CALMO (Nenhum Jogo);
11/10/2011;TER;EUROMILLIONS;EUROMILLIONS;TUDO PRESENTE E BEM DATADO;
12/10/2011;QUA;TOTOLOTO;TOTOLOTO;TUDO PRESENTE E BEM DATADO;
13/10/2011;QUI;NENHUM;NENHUM;CALMO (Nenhum Jogo);
14/10/2011;SEX;EUROMILLIONS;EUROMILLIONS;TUDO PRESENTE E BEM DATADO;
15/10/2011;SAB;TOTOLOTO;TOTOLOTO;TUDO PRESENTE E BEM DATADO;
16/10/2011;DOM;NENHUM;NENHUM;CALMO (Nenhum Jogo);
17/10/2011;SEG;NENHUM;NENHUM;CALMO (Nenhum Jogo);
18/10/2011;TER;EUROMILLIONS;EUROMILLIONS;TUDO PRESENTE E BEM DATADO;
19/10/2011;QUA;TOTOLOTO;TOTOLOTO;TUDO PRESENTE E BEM DATADO;
20/10/2011;QUI;NENHUM;NENHUM;CALMO (Nenhum Jogo);
21/10/2011;SEX;EUROMILLIONS;EUROMILLIONS;TUDO PRESENTE E BEM DATADO;
22/10/2011;SAB;TOTOLOTO;TOTOLOTO;TUDO PRESENTE E BEM DATADO;
23/10/2011;DOM;NENHUM;NENHUM;CALMO (Nenhum Jogo);
24/10/2011;SEG;NENHUM;NENHUM;CALMO (Nenhum Jogo);
25/10/2011;TER;EUROMILLIONS;EUROMILLIONS;TUDO PRESENTE E BEM DATADO;
26/10/2011;QUA;TOTOLOTO;TOTOLOTO;TUDO PRESENTE E BEM DATADO;
27/10/2011;QUI;NENHUM;NENHUM;CALMO (Nenhum Jogo);
28/10/2011;SEX;EUROMILLIONS;EUROMILLIONS;TUDO PRESENTE E BEM DATADO;
29/10/2011;SAB;TOTOLOTO;TOTOLOTO;TUDO PRESENTE E BEM DATADO;
30/10/2011;DOM;NENHUM;NENHUM;CALMO (Nenhum Jogo);
31/10/2011;SEG;NENHUM;NENHUM;CALMO (Nenhum Jogo);
01/11/2011;TER;EUROMILLIONS;EUROMILLIONS;TUDO PRESENTE E BEM DATADO;
02/11/2011;QUA;TOTOLOTO;TOTOLOTO;TUDO PRESENTE E BEM DATADO;
03/11/2011;QUI;NENHUM;NENHUM;CALMO (Nenhum Jogo);
04/11/2011;SEX;EUROMILLIONS;EUROMILLIONS;TUDO PRESENTE E BEM DATADO;
05/11/2011;SAB;TOTOLOTO;TOTOLOTO;TUDO PRESENTE E BEM DATADO;
06/11/2011;DOM;NENHUM;NENHUM;CALMO (Nenhum Jogo);
07/11/2011;SEG;NENHUM;NENHUM;CALMO (Nenhum Jogo);
08/11/2011;TER;EUROMILLIONS;EUROMILLIONS;TUDO PRESENTE E BEM DATADO;
09/11/2011;QUA;TOTOLOTO;TOTOLOTO;TUDO PRESENTE E BEM DATADO;
10/11/2011;QUI;NENHUM;NENHUM;CALMO (Nenhum Jogo);
11/11/2011;SEX;EUROMILLIONS;EUROMILLIONS;TUDO PRESENTE E BEM DATADO;
12/11/2011;SAB;TOTOLOTO;TOTOLOTO;TUDO PRESENTE E BEM DATADO;
13/11/2011;DOM;NENHUM;NENHUM;CALMO (Nenhum Jogo);
14/11/2011;SEG;NENHUM;NENHUM;CALMO (Nenhum Jogo);
15/11/2011;TER;EUROMILLIONS;EUROMILLIONS;TUDO PRESENTE E BEM DATADO;
16/11/2011;QUA;TOTOLOTO;TOTOLOTO;TUDO PRESENTE E BEM DATADO;
17/11/2011;QUI;NENHUM;NENHUM;CALMO (Nenhum Jogo);
18/11/2011;SEX;EUROMILLIONS;EUROMILLIONS;TUDO PRESENTE E BEM DATADO;
19/11/2011;SAB;TOTOLOTO;TOTOLOTO;TUDO PRESENTE E BEM DATADO;
20/11/2011;DOM;NENHUM;NENHUM;CALMO (Nenhum Jogo);
21/11/2011;SEG;NENHUM;NENHUM;CALMO (Nenhum Jogo);
22/11/2011;TER;EUROMILLIONS;EUROMILLIONS;TUDO PRESENTE E BEM DATADO;
23/11/2011;QUA;TOTOLOTO;TOTOLOTO;TUDO PRESENTE E BEM DATADO;
24/11/2011;QUI;NENHUM;NENHUM;CALMO (Nenhum Jogo);
25/11/2011;SEX;EUROMILLIONS;EUROMILLIONS;TUDO PRESENTE E BEM DATADO;
26/11/2011;SAB;TOTOLOTO;TOTOLOTO;TUDO PRESENTE E BEM DATADO;
27/11/2011;DOM;NENHUM;NENHUM;CALMO (Nenhum Jogo);
28/11/2011;SEG;NENHUM;NENHUM;CALMO (Nenhum Jogo);
29/11/2011;TER;EUROMILLIONS;EUROMILLIONS;TUDO PRESENTE E BEM DATADO;
30/11/2011;QUA;TOTOLOTO;TOTOLOTO;TUDO PRESENTE E BEM DATADO;
01/12/2011;QUI;NENHUM;NENHUM;CALMO (Nenhum Jogo);
02/12/2011;SEX;EUROMILLIONS;EUROMILLIONS;TUDO PRESENTE E BEM DATADO;
03/12/2011;SAB;TOTOLOTO;TOTOLOTO;TUDO PRESENTE E BEM DATADO;
04/12/2011;DOM;NENHUM;NENHUM;CALMO (Nenhum Jogo);
05/12/2011;SEG;NENHUM;NENHUM;CALMO (Nenhum Jogo);
06/12/2011;TER;EUROMILLIONS;EUROMILLIONS;TUDO PRESENTE E BEM DATADO;
07/12/2011;QUA;TOTOLOTO;TOTOLOTO;TUDO PRESENTE E BEM DATADO;
08/12/2011;QUI;NENHUM;NENHUM;CALMO (Nenhum Jogo);
09/12/2011;SEX;EUROMILLIONS;EUROMILLIONS;TUDO PRESENTE E BEM DATADO;
10/12/2011;SAB;TOTOLOTO;TOTOLOTO;TUDO PRESENTE E BEM DATADO;
11/12/2011;DOM;NENHUM;NENHUM;CALMO (Nenhum Jogo);
12/12/2011;SEG;NENHUM;NENHUM;CALMO (Nenhum Jogo);
13/12/2011;TER;EUROMILLIONS;EUROMILLIONS;TUDO PRESENTE E BEM DATADO;
14/12/2011;QUA;TOTOLOTO;TOTOLOTO;TUDO PRESENTE E BEM DATADO;
15/12/2011;QUI;NENHUM;NENHUM;CALMO (Nenhum Jogo);
16/12/2011;SEX;EUROMILLIONS;EUROMILLIONS;TUDO PRESENTE E BEM DATADO;
17/12/2011;SAB;TOTOLOTO;TOTOLOTO;TUDO PRESENTE E BEM DATADO;
18/12/2011;DOM;NENHUM;NENHUM;CALMO (Nenhum Jogo);
19/12/2011;SEG;NENHUM;NENHUM;CALMO (Nenhum Jogo);
20/12/2011;TER;EUROMILLIONS;EUROMILLIONS;TUDO PRESENTE E BEM DATADO;
21/12/2011;QUA;TOTOLOTO;TOTOLOTO;TUDO PRESENTE E BEM DATADO;
22/12/2011;QUI;NENHUM;NENHUM;CALMO (Nenhum Jogo);
23/12/2011;SEX;EUROMILLIONS;EUROMILLIONS;TUDO PRESENTE E BEM DATADO;
24/12/2011;SAB;TOTOLOTO;TOTOLOTO;TUDO PRESENTE E BEM DATADO;
25/12/2011;DOM;NENHUM;NENHUM;CALMO (Nenhum Jogo);
26/12/2011;SEG;NENHUM;NENHUM;CALMO (Nenhum Jogo);
27/12/2011;TER;EUROMILLIONS;EUROMILLIONS;TUDO PRESENTE E BEM DATADO;
28/12/2011;QUA;TOTOLOTO;TOTOLOTO;TUDO PRESENTE E BEM DATADO;
29/12/2011;QUI;NENHUM;NENHUM;CALMO (Nenhum Jogo);
30/12/2011;SEX;EUROMILLIONS;EUROMILLIONS;TUDO PRESENTE E BEM DATADO;
31/12/2011;SAB;TOTOLOTO;TOTOLOTO;TUDO PRESENTE E BEM DATADO;
01/01/2012;DOM;NENHUM;NENHUM;CALMO (Nenhum Jogo);
02/01/2012;SEG;NENHUM;NENHUM;CALMO (Nenhum Jogo);
03/01/2012;TER;EUROMILLIONS;EUROMILLIONS;TUDO PRESENTE E BEM DATADO;
04/01/2012;QUA;TOTOLOTO;TOTOLOTO;TUDO PRESENTE E BEM DATADO;
05/01/2012;QUI;NENHUM;NENHUM;CALMO (Nenhum Jogo);
06/01/2012;SEX;EUROMILLIONS;EUROMILLIONS;TUDO PRESENTE E BEM DATADO;
07/01/2012;SAB;TOTOLOTO;TOTOLOTO;TUDO PRESENTE E BEM DATADO;
08/01/2012;DOM;NENHUM;NENHUM;CALMO (Nenhum Jogo);
09/01/2012;SEG;NENHUM;NENHUM;CALMO (Nenhum Jogo);
10/01/2012;TER;EUROMILLIONS;EUROMILLIONS;TUDO PRESENTE E BEM DATADO;
11/01/2012;QUA;TOTOLOTO;TOTOLOTO;TUDO PRESENTE E BEM DATADO;
12/01/2012;QUI;NENHUM;NENHUM;CALMO (Nenhum Jogo);
13/01/2012;SEX;EUROMILLIONS;EUROMILLIONS;TUDO PRESENTE E BEM DATADO;
14/01/2012;SAB;TOTOLOTO;TOTOLOTO;TUDO PRESENTE E BEM DATADO;
15/01/2012;DOM;NENHUM;NENHUM;CALMO (Nenhum Jogo);
16/01/2012;SEG;NENHUM;NENHUM;CALMO (Nenhum Jogo);
17/01/2012;TER;EUROMILLIONS;EUROMILLIONS;TUDO PRESENTE E BEM DATADO;
18/01/2012;QUA;TOTOLOTO;TOTOLOTO;TUDO PRESENTE E BEM DATADO;
19/01/2012;QUI;NENHUM;NENHUM;CALMO (Nenhum Jogo);
20/01/2012;SEX;EUROMILLIONS;EUROMILLIONS;TUDO PRESENTE E BEM DATADO;
21/01/2012;SAB;TOTOLOTO;TOTOLOTO;TUDO PRESENTE E BEM DATADO;
22/01/2012;DOM;NENHUM;NENHUM;CALMO (Nenhum Jogo);
23/01/2012;SEG;NENHUM;NENHUM;CALMO (Nenhum Jogo);
24/01/2012;TER;EUROMILLIONS;EUROMILLIONS;TUDO PRESENTE E BEM DATADO;
25/01/2012;QUA;TOTOLOTO;TOTOLOTO;TUDO PRESENTE E BEM DATADO;
26/01/2012;QUI;NENHUM;NENHUM;CALMO (Nenhum Jogo);
27/01/2012;SEX;EUROMILLIONS;EUROMILLIONS;TUDO PRESENTE E BEM DATADO;
28/01/2012;SAB;TOTOLOTO;TOTOLOTO;TUDO PRESENTE E BEM DATADO;
29/01/2012;DOM;NENHUM;NENHUM;CALMO (Nenhum Jogo);
30/01/2012;SEG;NENHUM;NENHUM;CALMO (Nenhum Jogo);
31/01/2012;TER;EUROMILLIONS;EUROMILLIONS;TUDO PRESENTE E BEM DATADO;
01/02/2012;QUA;TOTOLOTO;TOTOLOTO;TUDO PRESENTE E BEM DATADO;
02/02/2012;QUI;NENHUM;NENHUM;CALMO (Nenhum Jogo);
03/02/2012;SEX;EUROMILLIONS;EUROMILLIONS;TUDO PRESENTE E BEM DATADO;
04/02/2012;SAB;TOTOLOTO;TOTOLOTO;TUDO PRESENTE E BEM DATADO;
05/02/2012;DOM;NENHUM;NENHUM;CALMO (Nenhum Jogo);
06/02/2012;SEG;NENHUM;NENHUM;CALMO (Nenhum Jogo);
07/02/2012;TER;EUROMILLIONS;EUROMILLIONS;TUDO PRESENTE E BEM DATADO;
08/02/2012;QUA;TOTOLOTO;TOTOLOTO;TUDO PRESENTE E BEM DATADO;
09/02/2012;QUI;NENHUM;NENHUM;CALMO (Nenhum Jogo);
10/02/2012;SEX;EUROMILLIONS;EUROMILLIONS;TUDO PRESENTE E BEM DATADO;
11/02/2012;SAB;TOTOLOTO;TOTOLOTO;TUDO PRESENTE E BEM DATADO;
12/02/2012;DOM;NENHUM;NENHUM;CALMO (Nenhum Jogo);
13/02/2012;SEG;NENHUM;NENHUM;CALMO (Nenhum Jogo);
14/02/2012;TER;EUROMILLIONS;EUROMILLIONS;TUDO PRESENTE E BEM DATADO;
15/02/2012;QUA;TOTOLOTO;NENHUM;FALTA;FALTA SORTEIO: TOTOLOTO
16/02/2012;QUI;NENHUM;NENHUM;CALMO (Nenhum Jogo);
17/02/2012;SEX;EUROMILLIONS;EUROMILLIONS;TUDO PRESENTE E BEM DATADO;
18/02/2012;SAB;TOTOLOTO;TOTOLOTO;TUDO PRESENTE E BEM DATADO;
19/02/2012;DOM;NENHUM;NENHUM;CALMO (Nenhum Jogo);
20/02/2012;SEG;NENHUM;NENHUM;CALMO (Nenhum Jogo);
21/02/2012;TER;EUROMILLIONS;EUROMILLIONS;TUDO PRESENTE E BEM DATADO;
22/02/2012;QUA;TOTOLOTO;TOTOLOTO;TUDO PRESENTE E BEM DATADO;
23/02/2012;QUI;NENHUM;NENHUM;CALMO (Nenhum Jogo);
24/02/2012;SEX;EUROMILLIONS;EUROMILLIONS;TUDO PRESENTE E BEM DATADO;
25/02/2012;SAB;TOTOLOTO;TOTOLOTO;TUDO PRESENTE E BEM DATADO;
26/02/2012;DOM;NENHUM;NENHUM;CALMO (Nenhum Jogo);
27/02/2012;SEG;NENHUM;NENHUM;CALMO (Nenhum Jogo);
28/02/2012;TER;EUROMILLIONS;EUROMILLIONS;TUDO PRESENTE E BEM DATADO;
29/02/2012;QUA;TOTOLOTO;TOTOLOTO;TUDO PRESENTE E BEM DATADO;
01/03/2012;QUI;NENHUM;NENHUM;CALMO (Nenhum Jogo);
02/03/2012;SEX;EUROMILLIONS;EUROMILLIONS;TUDO PRESENTE E BEM DATADO;
03/03/2012;SAB;TOTOLOTO;TOTOLOTO;TUDO PRESENTE E BEM DATADO;
04/03/2012;DOM;NENHUM;NENHUM;CALMO (Nenhum Jogo);
05/03/2012;SEG;NENHUM;NENHUM;CALMO (Nenhum Jogo);
06/03/2012;TER;EUROMILLIONS;EUROMILLIONS;TUDO PRESENTE E BEM DATADO;
07/03/2012;QUA;TOTOLOTO;TOTOLOTO;TUDO PRESENTE E BEM DATADO;
08/03/2012;QUI;NENHUM;NENHUM;CALMO (Nenhum Jogo);
09/03/2012;SEX;EUROMILLIONS;EUROMILLIONS;TUDO PRESENTE E BEM DATADO;
10/03/2012;SAB;TOTOLOTO;TOTOLOTO;TUDO PRESENTE E BEM DATADO;
11/03/2012;DOM;NENHUM;NENHUM;CALMO (Nenhum Jogo);
12/03/2012;SEG;NENHUM;NENHUM;CALMO (Nenhum Jogo);
13/03/2012;TER;EUROMILLIONS;EUROMILLIONS;TUDO PRESENTE E BEM DATADO;
14/03/2012;QUA;TOTOLOTO;NENHUM;FALTA;FALTA SORTEIO: TOTOLOTO
15/03/2012;QUI;NENHUM;NENHUM;CALMO (Nenhum Jogo);
16/03/2012;SEX;EUROMILLIONS;EUROMILLIONS;TUDO PRESENTE E BEM DATADO;
17/03/2012;SAB;TOTOLOTO;TOTOLOTO;TUDO PRESENTE E BEM DATADO;
18/03/2012;DOM;NENHUM;NENHUM;CALMO (Nenhum Jogo);
19/03/2012;SEG;NENHUM;NENHUM;CALMO (Nenhum Jogo);
20/03/2012;TER;EUROMILLIONS;EUROMILLIONS;TUDO PRESENTE E BEM DATADO;
21/03/2012;QUA;TOTOLOTO;TOTOLOTO;TUDO PRESENTE E BEM DATADO;
22/03/2012;QUI;NENHUM;NENHUM;CALMO (Nenhum Jogo);
23/03/2012;SEX;EUROMILLIONS;EUROMILLIONS;TUDO PRESENTE E BEM DATADO;
24/03/2012;SAB;TOTOLOTO;TOTOLOTO;TUDO PRESENTE E BEM DATADO;
25/03/2012;DOM;NENHUM;NENHUM;CALMO (Nenhum Jogo);
26/03/2012;SEG;NENHUM;NENHUM;CALMO (Nenhum Jogo);
27/03/2012;TER;EUROMILLIONS;EUROMILLIONS;TUDO PRESENTE E BEM DATADO;
28/03/2012;QUA;TOTOLOTO;TOTOLOTO;TUDO PRESENTE E BEM DATADO;
29/03/2012;QUI;NENHUM;NENHUM;CALMO (Nenhum Jogo);
30/03/2012;SEX;EUROMILLIONS;EUROMILLIONS;TUDO PRESENTE E BEM DATADO;
31/03/2012;SAB;TOTOLOTO;TOTOLOTO;TUDO PRESENTE E BEM DATADO;
01/04/2012;DOM;NENHUM;NENHUM;CALMO (Nenhum Jogo);
02/04/2012;SEG;NENHUM;NENHUM;CALMO (Nenhum Jogo);
03/04/2012;TER;EUROMILLIONS;EUROMILLIONS;TUDO PRESENTE E BEM DATADO;
04/04/2012;QUA;TOTOLOTO;TOTOLOTO;TUDO PRESENTE E BEM DATADO;
05/04/2012;QUI;NENHUM;NENHUM;CALMO (Nenhum Jogo);
06/04/2012;SEX;EUROMILLIONS;EUROMILLIONS;TUDO PRESENTE E BEM DATADO;
07/04/2012;SAB;TOTOLOTO;TOTOLOTO;TUDO PRESENTE E BEM DATADO;
08/04/2012;DOM;NENHUM;NENHUM;CALMO (Nenhum Jogo);
09/04/2012;SEG;NENHUM;NENHUM;CALMO (Nenhum Jogo);
10/04/2012;TER;EUROMILLIONS;EUROMILLIONS;TUDO PRESENTE E BEM DATADO;
11/04/2012;QUA;TOTOLOTO;TOTOLOTO;TUDO PRESENTE E BEM DATADO;
12/04/2012;QUI;NENHUM;NENHUM;CALMO (Nenhum Jogo);
13/04/2012;SEX;EUROMILLIONS;EUROMILLIONS;TUDO PRESENTE E BEM DATADO;
14/04/2012;SAB;TOTOLOTO;NENHUM;FALTA;FALTA SORTEIO: TOTOLOTO
15/04/2012;DOM;NENHUM;NENHUM;CALMO (Nenhum Jogo);
16/04/2012;SEG;NENHUM;NENHUM;CALMO (Nenhum Jogo);
17/04/2012;TER;EUROMILLIONS;EUROMILLIONS;TUDO PRESENTE E BEM DATADO;
18/04/2012;QUA;TOTOLOTO;TOTOLOTO;TUDO PRESENTE E BEM DATADO;
19/04/2012;QUI;NENHUM;NENHUM;CALMO (Nenhum Jogo);
20/04/2012;SEX;EUROMILLIONS;EUROMILLIONS;TUDO PRESENTE E BEM DATADO;
21/04/2012;SAB;TOTOLOTO;TOTOLOTO;TUDO PRESENTE E BEM DATADO;
22/04/2012;DOM;NENHUM;NENHUM;CALMO (Nenhum Jogo);
23/04/2012;SEG;NENHUM;NENHUM;CALMO (Nenhum Jogo);
24/04/2012;TER;EUROMILLIONS;EUROMILLIONS;TUDO PRESENTE E BEM DATADO;
25/04/2012;QUA;TOTOLOTO;TOTOLOTO;TUDO PRESENTE E BEM DATADO;
26/04/2012;QUI;NENHUM;NENHUM;CALMO (Nenhum Jogo);
27/04/2012;SEX;EUROMILLIONS;EUROMILLIONS;TUDO PRESENTE E BEM DATADO;
28/04/2012;SAB;TOTOLOTO;TOTOLOTO;TUDO PRESENTE E BEM DATADO;
29/04/2012;DOM;NENHUM;NENHUM;CALMO (Nenhum Jogo);
30/04/2012;SEG;NENHUM;NENHUM;CALMO (Nenhum Jogo);
01/05/2012;TER;EUROMILLIONS;EUROMILLIONS;TUDO PRESENTE E BEM DATADO;
02/05/2012;QUA;TOTOLOTO;TOTOLOTO;TUDO PRESENTE E BEM DATADO;
03/05/2012;QUI;NENHUM;NENHUM;CALMO (Nenhum Jogo);
04/05/2012;SEX;EUROMILLIONS;EUROMILLIONS;TUDO PRESENTE E BEM DATADO;
05/05/2012;SAB;TOTOLOTO;TOTOLOTO;TUDO PRESENTE E BEM DATADO;
06/05/2012;DOM;NENHUM;NENHUM;CALMO (Nenhum Jogo);
07/05/2012;SEG;NENHUM;NENHUM;CALMO (Nenhum Jogo);
08/05/2012;TER;EUROMILLIONS;EUROMILLIONS;TUDO PRESENTE E BEM DATADO;
09/05/2012;QUA;TOTOLOTO;TOTOLOTO;TUDO PRESENTE E BEM DATADO;
10/05/2012;QUI;NENHUM;NENHUM;CALMO (Nenhum Jogo);
11/05/2012;SEX;EUROMILLIONS;EUROMILLIONS;TUDO PRESENTE E BEM DATADO;
12/05/2012;SAB;TOTOLOTO;TOTOLOTO;TUDO PRESENTE E BEM DATADO;
13/05/2012;DOM;NENHUM;NENHUM;CALMO (Nenhum Jogo);
14/05/2012;SEG;NENHUM;NENHUM;CALMO (Nenhum Jogo);
15/05/2012;TER;EUROMILLIONS;EUROMILLIONS;TUDO PRESENTE E BEM DATADO;
16/05/2012;QUA;TOTOLOTO;TOTOLOTO;TUDO PRESENTE E BEM DATADO;
17/05/2012;QUI;NENHUM;NENHUM;CALMO (Nenhum Jogo);
18/05/2012;SEX;EUROMILLIONS;EUROMILLIONS;TUDO PRESENTE E BEM DATADO;
19/05/2012;SAB;TOTOLOTO;TOTOLOTO;TUDO PRESENTE E BEM DATADO;
20/05/2012;DOM;NENHUM;NENHUM;CALMO (Nenhum Jogo);
21/05/2012;SEG;NENHUM;NENHUM;CALMO (Nenhum Jogo);
22/05/2012;TER;EUROMILLIONS;EUROMILLIONS;TUDO PRESENTE E BEM DATADO;
23/05/2012;QUA;TOTOLOTO;TOTOLOTO;TUDO PRESENTE E BEM DATADO;
24/05/2012;QUI;NENHUM;NENHUM;CALMO (Nenhum Jogo);
25/05/2012;SEX;EUROMILLIONS;EUROMILLIONS;TUDO PRESENTE E BEM DATADO;
26/05/2012;SAB;TOTOLOTO;NENHUM;FALTA;FALTA SORTEIO: TOTOLOTO
27/05/2012;DOM;NENHUM;NENHUM;CALMO (Nenhum Jogo);
28/05/2012;SEG;NENHUM;NENHUM;CALMO (Nenhum Jogo);
29/05/2012;TER;EUROMILLIONS;EUROMILLIONS;TUDO PRESENTE E BEM DATADO;
30/05/2012;QUA;TOTOLOTO;TOTOLOTO;TUDO PRESENTE E BEM DATADO;
31/05/2012;QUI;NENHUM;NENHUM;CALMO (Nenhum Jogo);
01/06/2012;SEX;EUROMILLIONS;EUROMILLIONS;TUDO PRESENTE E BEM DATADO;
02/06/2012;SAB;TOTOLOTO;TOTOLOTO;TUDO PRESENTE E BEM DATADO;
03/06/2012;DOM;NENHUM;NENHUM;CALMO (Nenhum Jogo);
04/06/2012;SEG;NENHUM;NENHUM;CALMO (Nenhum Jogo);
05/06/2012;TER;EUROMILLIONS;EUROMILLIONS;TUDO PRESENTE E BEM DATADO;
06/06/2012;QUA;TOTOLOTO;TOTOLOTO;TUDO PRESENTE E BEM DATADO;
07/06/2012;QUI;NENHUM;NENHUM;CALMO (Nenhum Jogo);
08/06/2012;SEX;EUROMILLIONS;EUROMILLIONS;TUDO PRESENTE E BEM DATADO;
09/06/2012;SAB;TOTOLOTO;TOTOLOTO;TUDO PRESENTE E BEM DATADO;
10/06/2012;DOM;NENHUM;NENHUM;CALMO (Nenhum Jogo);
11/06/2012;SEG;NENHUM;NENHUM;CALMO (Nenhum Jogo);
12/06/2012;TER;EUROMILLIONS;EUROMILLIONS;TUDO PRESENTE E BEM DATADO;
13/06/2012;QUA;TOTOLOTO;TOTOLOTO;TUDO PRESENTE E BEM DATADO;
14/06/2012;QUI;NENHUM;NENHUM;CALMO (Nenhum Jogo);
15/06/2012;SEX;EUROMILLIONS;EUROMILLIONS;TUDO PRESENTE E BEM DATADO;
16/06/2012;SAB;TOTOLOTO;TOTOLOTO;TUDO PRESENTE E BEM DATADO;
17/06/2012;DOM;NENHUM;NENHUM;CALMO (Nenhum Jogo);
18/06/2012;SEG;NENHUM;NENHUM;CALMO (Nenhum Jogo);
19/06/2012;TER;EUROMILLIONS;EUROMILLIONS;TUDO PRESENTE E BEM DATADO;
20/06/2012;QUA;TOTOLOTO;TOTOLOTO;TUDO PRESENTE E BEM DATADO;
21/06/2012;QUI;NENHUM;NENHUM;CALMO (Nenhum Jogo);
22/06/2012;SEX;EUROMILLIONS;EUROMILLIONS;TUDO PRESENTE E BEM DATADO;
23/06/2012;SAB;TOTOLOTO;TOTOLOTO;TUDO PRESENTE E BEM DATADO;
24/06/2012;DOM;NENHUM;NENHUM;CALMO (Nenhum Jogo);
25/06/2012;SEG;NENHUM;NENHUM;CALMO (Nenhum Jogo);
26/06/2012;TER;EUROMILLIONS;EUROMILLIONS;TUDO PRESENTE E BEM DATADO;
27/06/2012;QUA;TOTOLOTO;TOTOLOTO;TUDO PRESENTE E BEM DATADO;
28/06/2012;QUI;NENHUM;NENHUM;CALMO (Nenhum Jogo);
29/06/2012;SEX;EUROMILLIONS;EUROMILLIONS;TUDO PRESENTE E BEM DATADO;
30/06/2012;SAB;TOTOLOTO;TOTOLOTO;TUDO PRESENTE E BEM DATADO;
01/07/2012;DOM;NENHUM;NENHUM;CALMO (Nenhum Jogo);
02/07/2012;SEG;NENHUM;NENHUM;CALMO (Nenhum Jogo);
03/07/2012;TER;EUROMILLIONS;EUROMILLIONS;TUDO PRESENTE E BEM DATADO;
04/07/2012;QUA;TOTOLOTO;TOTOLOTO;TUDO PRESENTE E BEM DATADO;
05/07/2012;QUI;NENHUM;NENHUM;CALMO (Nenhum Jogo);
06/07/2012;SEX;EUROMILLIONS;EUROMILLIONS;TUDO PRESENTE E BEM DATADO;
07/07/2012;SAB;TOTOLOTO;TOTOLOTO;TUDO PRESENTE E BEM DATADO;
08/07/2012;DOM;NENHUM;NENHUM;CALMO (Nenhum Jogo);
09/07/2012;SEG;NENHUM;NENHUM;CALMO (Nenhum Jogo);
10/07/2012;TER;EUROMILLIONS;EUROMILLIONS;TUDO PRESENTE E BEM DATADO;
11/07/2012;QUA;TOTOLOTO;TOTOLOTO;TUDO PRESENTE E BEM DATADO;
12/07/2012;QUI;NENHUM;NENHUM;CALMO (Nenhum Jogo);
13/07/2012;SEX;EUROMILLIONS;EUROMILLIONS;TUDO PRESENTE E BEM DATADO;
14/07/2012;SAB;TOTOLOTO;TOTOLOTO;TUDO PRESENTE E BEM DATADO;
15/07/2012;DOM;NENHUM;NENHUM;CALMO (Nenhum Jogo);
16/07/2012;SEG;NENHUM;NENHUM;CALMO (Nenhum Jogo);
17/07/2012;TER;EUROMILLIONS;EUROMILLIONS;TUDO PRESENTE E BEM DATADO;
18/07/2012;QUA;TOTOLOTO;TOTOLOTO;TUDO PRESENTE E BEM DATADO;
19/07/2012;QUI;NENHUM;NENHUM;CALMO (Nenhum Jogo);
20/07/2012;SEX;EUROMILLIONS;EUROMILLIONS;TUDO PRESENTE E BEM DATADO;
21/07/2012;SAB;TOTOLOTO;TOTOLOTO;TUDO PRESENTE E BEM DATADO;
22/07/2012;DOM;NENHUM;NENHUM;CALMO (Nenhum Jogo);
23/07/2012;SEG;NENHUM;NENHUM;CALMO (Nenhum Jogo);
24/07/2012;TER;EUROMILLIONS;EUROMILLIONS;TUDO PRESENTE E BEM DATADO;
25/07/2012;QUA;TOTOLOTO;TOTOLOTO;TUDO PRESENTE E BEM DATADO;
26/07/2012;QUI;NENHUM;NENHUM;CALMO (Nenhum Jogo);
27/07/2012;SEX;EUROMILLIONS;EUROMILLIONS;TUDO PRESENTE E BEM DATADO;
28/07/2012;SAB;TOTOLOTO;TOTOLOTO;TUDO PRESENTE E BEM DATADO;
29/07/2012;DOM;NENHUM;NENHUM;CALMO (Nenhum Jogo);
30/07/2012;SEG;NENHUM;NENHUM;CALMO (Nenhum Jogo);
31/07/2012;TER;EUROMILLIONS;EUROMILLIONS;TUDO PRESENTE E BEM DATADO;
01/08/2012;QUA;TOTOLOTO;TOTOLOTO;TUDO PRESENTE E BEM DATADO;
02/08/2012;QUI;NENHUM;NENHUM;CALMO (Nenhum Jogo);
03/08/2012;SEX;EUROMILLIONS;EUROMILLIONS;TUDO PRESENTE E BEM DATADO;
04/08/2012;SAB;TOTOLOTO;TOTOLOTO;TUDO PRESENTE E BEM DATADO;
05/08/2012;DOM;NENHUM;NENHUM;CALMO (Nenhum Jogo);
06/08/2012;SEG;NENHUM;NENHUM;CALMO (Nenhum Jogo);
07/08/2012;TER;EUROMILLIONS;EUROMILLIONS;TUDO PRESENTE E BEM DATADO;
08/08/2012;QUA;TOTOLOTO;TOTOLOTO;TUDO PRESENTE E BEM DATADO;
09/08/2012;QUI;NENHUM;NENHUM;CALMO (Nenhum Jogo);
10/08/2012;SEX;EUROMILLIONS;EUROMILLIONS;TUDO PRESENTE E BEM DATADO;
11/08/2012;SAB;TOTOLOTO;TOTOLOTO;TUDO PRESENTE E BEM DATADO;
12/08/2012;DOM;NENHUM;NENHUM;CALMO (Nenhum Jogo);
13/08/2012;SEG;NENHUM;NENHUM;CALMO (Nenhum Jogo);
14/08/2012;TER;EUROMILLIONS;EUROMILLIONS;TUDO PRESENTE E BEM DATADO;
15/08/2012;QUA;TOTOLOTO;TOTOLOTO;TUDO PRESENTE E BEM DATADO;
16/08/2012;QUI;NENHUM;NENHUM;CALMO (Nenhum Jogo);
17/08/2012;SEX;EUROMILLIONS;EUROMILLIONS;TUDO PRESENTE E BEM DATADO;
18/08/2012;SAB;TOTOLOTO;TOTOLOTO;TUDO PRESENTE E BEM DATADO;
19/08/2012;DOM;NENHUM;NENHUM;CALMO (Nenhum Jogo);
20/08/2012;SEG;NENHUM;NENHUM;CALMO (Nenhum Jogo);
21/08/2012;TER;EUROMILLIONS;EUROMILLIONS;TUDO PRESENTE E BEM DATADO;
22/08/2012;QUA;TOTOLOTO;TOTOLOTO;TUDO PRESENTE E BEM DATADO;
23/08/2012;QUI;NENHUM;NENHUM;CALMO (Nenhum Jogo);
24/08/2012;SEX;EUROMILLIONS;EUROMILLIONS;TUDO PRESENTE E BEM DATADO;
25/08/2012;SAB;TOTOLOTO;TOTOLOTO;TUDO PRESENTE E BEM DATADO;
26/08/2012;DOM;NENHUM;NENHUM;CALMO (Nenhum Jogo);
27/08/2012;SEG;NENHUM;NENHUM;CALMO (Nenhum Jogo);
28/08/2012;TER;EUROMILLIONS;EUROMILLIONS;TUDO PRESENTE E BEM DATADO;
29/08/2012;QUA;TOTOLOTO;TOTOLOTO;TUDO PRESENTE E BEM DATADO;
30/08/2012;QUI;NENHUM;NENHUM;CALMO (Nenhum Jogo);
31/08/2012;SEX;EUROMILLIONS;EUROMILLIONS;TUDO PRESENTE E BEM DATADO;
01/09/2012;SAB;TOTOLOTO;TOTOLOTO;TUDO PRESENTE E BEM DATADO;
02/09/2012;DOM;NENHUM;NENHUM;CALMO (Nenhum Jogo);
03/09/2012;SEG;NENHUM;NENHUM;CALMO (Nenhum Jogo);
04/09/2012;TER;EUROMILLIONS;EUROMILLIONS;TUDO PRESENTE E BEM DATADO;
05/09/2012;QUA;TOTOLOTO;TOTOLOTO;TUDO PRESENTE E BEM DATADO;
06/09/2012;QUI;NENHUM;NENHUM;CALMO (Nenhum Jogo);
07/09/2012;SEX;EUROMILLIONS;EUROMILLIONS;TUDO PRESENTE E BEM DATADO;
08/09/2012;SAB;TOTOLOTO;TOTOLOTO;TUDO PRESENTE E BEM DATADO;
09/09/2012;DOM;NENHUM;NENHUM;CALMO (Nenhum Jogo);
10/09/2012;SEG;NENHUM;NENHUM;CALMO (Nenhum Jogo);
11/09/2012;TER;EUROMILLIONS;EUROMILLIONS;TUDO PRESENTE E BEM DATADO;
12/09/2012;QUA;TOTOLOTO;TOTOLOTO;TUDO PRESENTE E BEM DATADO;
13/09/2012;QUI;NENHUM;NENHUM;CALMO (Nenhum Jogo);
14/09/2012;SEX;EUROMILLIONS;EUROMILLIONS;TUDO PRESENTE E BEM DATADO;
15/09/2012;SAB;TOTOLOTO;TOTOLOTO;TUDO PRESENTE E BEM DATADO;
16/09/2012;DOM;NENHUM;NENHUM;CALMO (Nenhum Jogo);
17/09/2012;SEG;NENHUM;NENHUM;CALMO (Nenhum Jogo);
18/09/2012;TER;EUROMILLIONS;EUROMILLIONS;TUDO PRESENTE E BEM DATADO;
19/09/2012;QUA;TOTOLOTO;TOTOLOTO;TUDO PRESENTE E BEM DATADO;
20/09/2012;QUI;NENHUM;NENHUM;CALMO (Nenhum Jogo);
21/09/2012;SEX;EUROMILLIONS;EUROMILLIONS;TUDO PRESENTE E BEM DATADO;
22/09/2012;SAB;TOTOLOTO;TOTOLOTO;TUDO PRESENTE E BEM DATADO;
23/09/2012;DOM;NENHUM;NENHUM;CALMO (Nenhum Jogo);
24/09/2012;SEG;NENHUM;NENHUM;CALMO (Nenhum Jogo);
25/09/2012;TER;EUROMILLIONS;EUROMILLIONS;TUDO PRESENTE E BEM DATADO;
26/09/2012;QUA;TOTOLOTO;NENHUM;FALTA;FALTA SORTEIO: TOTOLOTO
27/09/2012;QUI;NENHUM;NENHUM;CALMO (Nenhum Jogo);
28/09/2012;SEX;EUROMILLIONS;EUROMILLIONS;TUDO PRESENTE E BEM DATADO;
29/09/2012;SAB;TOTOLOTO;TOTOLOTO;TUDO PRESENTE E BEM DATADO;
30/09/2012;DOM;NENHUM;NENHUM;CALMO (Nenhum Jogo);
01/10/2012;SEG;NENHUM;NENHUM;CALMO (Nenhum Jogo);
02/10/2012;TER;EUROMILLIONS;EUROMILLIONS;TUDO PRESENTE E BEM DATADO;
03/10/2012;QUA;TOTOLOTO;TOTOLOTO;TUDO PRESENTE E BEM DATADO;
04/10/2012;QUI;NENHUM;NENHUM;CALMO (Nenhum Jogo);
05/10/2012;SEX;EUROMILLIONS;EUROMILLIONS;TUDO PRESENTE E BEM DATADO;
06/10/2012;SAB;TOTOLOTO;TOTOLOTO;TUDO PRESENTE E BEM DATADO;
07/10/2012;DOM;NENHUM;NENHUM;CALMO (Nenhum Jogo);
08/10/2012;SEG;NENHUM;NENHUM;CALMO (Nenhum Jogo);
09/10/2012;TER;EUROMILLIONS;EUROMILLIONS;TUDO PRESENTE E BEM DATADO;
10/10/2012;QUA;TOTOLOTO;TOTOLOTO;TUDO PRESENTE E BEM DATADO;
11/10/2012;QUI;NENHUM;NENHUM;CALMO (Nenhum Jogo);
12/10/2012;SEX;EUROMILLIONS;EUROMILLIONS;TUDO PRESENTE E BEM DATADO;
13/10/2012;SAB;TOTOLOTO;TOTOLOTO;TUDO PRESENTE E BEM DATADO;
14/10/2012;DOM;NENHUM;NENHUM;CALMO (Nenhum Jogo);
15/10/2012;SEG;NENHUM;NENHUM;CALMO (Nenhum Jogo);
16/10/2012;TER;EUROMILLIONS;EUROMILLIONS;TUDO PRESENTE E BEM DATADO;
17/10/2012;QUA;TOTOLOTO;TOTOLOTO;TUDO PRESENTE E BEM DATADO;
18/10/2012;QUI;NENHUM;NENHUM;CALMO (Nenhum Jogo);
19/10/2012;SEX;EUROMILLIONS;EUROMILLIONS;TUDO PRESENTE E BEM DATADO;
20/10/2012;SAB;TOTOLOTO;TOTOLOTO;TUDO PRESENTE E BEM DATADO;
21/10/2012;DOM;NENHUM;NENHUM;CALMO (Nenhum Jogo);
22/10/2012;SEG;NENHUM;NENHUM;CALMO (Nenhum Jogo);
23/10/2012;TER;EUROMILLIONS;EUROMILLIONS;TUDO PRESENTE E BEM DATADO;
24/10/2012;QUA;TOTOLOTO;TOTOLOTO;TUDO PRESENTE E BEM DATADO;
25/10/2012;QUI;NENHUM;NENHUM;CALMO (Nenhum Jogo);
26/10/2012;SEX;EUROMILLIONS;EUROMILLIONS;TUDO PRESENTE E BEM DATADO;
27/10/2012;SAB;TOTOLOTO;TOTOLOTO;TUDO PRESENTE E BEM DATADO;
28/10/2012;DOM;NENHUM;NENHUM;CALMO (Nenhum Jogo);
29/10/2012;SEG;NENHUM;NENHUM;CALMO (Nenhum Jogo);
30/10/2012;TER;EUROMILLIONS;EUROMILLIONS;TUDO PRESENTE E BEM DATADO;
31/10/2012;QUA;TOTOLOTO;TOTOLOTO;TUDO PRESENTE E BEM DATADO;
01/11/2012;QUI;NENHUM;NENHUM;CALMO (Nenhum Jogo);
02/11/2012;SEX;EUROMILLIONS;EUROMILLIONS;TUDO PRESENTE E BEM DATADO;
03/11/2012;SAB;TOTOLOTO;TOTOLOTO;TUDO PRESENTE E BEM DATADO;
04/11/2012;DOM;NENHUM;NENHUM;CALMO (Nenhum Jogo);
05/11/2012;SEG;NENHUM;NENHUM;CALMO (Nenhum Jogo);
06/11/2012;TER;EUROMILLIONS;EUROMILLIONS;TUDO PRESENTE E BEM DATADO;
07/11/2012;QUA;TOTOLOTO;TOTOLOTO;TUDO PRESENTE E BEM DATADO;
08/11/2012;QUI;NENHUM;NENHUM;CALMO (Nenhum Jogo);
09/11/2012;SEX;EUROMILLIONS;EUROMILLIONS;TUDO PRESENTE E BEM DATADO;
10/11/2012;SAB;TOTOLOTO;TOTOLOTO;TUDO PRESENTE E BEM DATADO;
11/11/2012;DOM;NENHUM;NENHUM;CALMO (Nenhum Jogo);
12/11/2012;SEG;NENHUM;NENHUM;CALMO (Nenhum Jogo);
13/11/2012;TER;EUROMILLIONS;EUROMILLIONS;TUDO PRESENTE E BEM DATADO;
14/11/2012;QUA;TOTOLOTO;TOTOLOTO;TUDO PRESENTE E BEM DATADO;
15/11/2012;QUI;NENHUM;NENHUM;CALMO (Nenhum Jogo);
16/11/2012;SEX;EUROMILLIONS;EUROMILLIONS;TUDO PRESENTE E BEM DATADO;
17/11/2012;SAB;TOTOLOTO;TOTOLOTO;TUDO PRESENTE E BEM DATADO;
18/11/2012;DOM;NENHUM;NENHUM;CALMO (Nenhum Jogo);
19/11/2012;SEG;NENHUM;NENHUM;CALMO (Nenhum Jogo);
20/11/2012;TER;EUROMILLIONS;EUROMILLIONS;TUDO PRESENTE E BEM DATADO;
21/11/2012;QUA;TOTOLOTO;TOTOLOTO;TUDO PRESENTE E BEM DATADO;
22/11/2012;QUI;NENHUM;NENHUM;CALMO (Nenhum Jogo);
23/11/2012;SEX;EUROMILLIONS;EUROMILLIONS;TUDO PRESENTE E BEM DATADO;
24/11/2012;SAB;TOTOLOTO;TOTOLOTO;TUDO PRESENTE E BEM DATADO;
25/11/2012;DOM;NENHUM;NENHUM;CALMO (Nenhum Jogo);
26/11/2012;SEG;NENHUM;NENHUM;CALMO (Nenhum Jogo);
27/11/2012;TER;EUROMILLIONS;EUROMILLIONS;TUDO PRESENTE E BEM DATADO;
28/11/2012;QUA;TOTOLOTO;TOTOLOTO;TUDO PRESENTE E BEM DATADO;
29/11/2012;QUI;NENHUM;NENHUM;CALMO (Nenhum Jogo);
30/11/2012;SEX;EUROMILLIONS;EUROMILLIONS;TUDO PRESENTE E BEM DATADO;
01/12/2012;SAB;TOTOLOTO;TOTOLOTO;TUDO PRESENTE E BEM DATADO;
02/12/2012;DOM;NENHUM;NENHUM;CALMO (Nenhum Jogo);
03/12/2012;SEG;NENHUM;NENHUM;CALMO (Nenhum Jogo);
04/12/2012;TER;EUROMILLIONS;EUROMILLIONS;TUDO PRESENTE E BEM DATADO;
05/12/2012;QUA;TOTOLOTO;TOTOLOTO;TUDO PRESENTE E BEM DATADO;
06/12/2012;QUI;NENHUM;NENHUM;CALMO (Nenhum Jogo);
07/12/2012;SEX;EUROMILLIONS;EUROMILLIONS;TUDO PRESENTE E BEM DATADO;
08/12/2012;SAB;TOTOLOTO;TOTOLOTO;TUDO PRESENTE E BEM DATADO;
09/12/2012;DOM;NENHUM;NENHUM;CALMO (Nenhum Jogo);
10/12/2012;SEG;NENHUM;NENHUM;CALMO (Nenhum Jogo);
11/12/2012;TER;EUROMILLIONS;EUROMILLIONS;TUDO PRESENTE E BEM DATADO;
12/12/2012;QUA;TOTOLOTO;TOTOLOTO;TUDO PRESENTE E BEM DATADO;
13/12/2012;QUI;NENHUM;NENHUM;CALMO (Nenhum Jogo);
14/12/2012;SEX;EUROMILLIONS;EUROMILLIONS;TUDO PRESENTE E BEM DATADO;
15/12/2012;SAB;TOTOLOTO;TOTOLOTO;TUDO PRESENTE E BEM DATADO;
16/12/2012;DOM;NENHUM;NENHUM;CALMO (Nenhum Jogo);
17/12/2012;SEG;NENHUM;NENHUM;CALMO (Nenhum Jogo);
18/12/2012;TER;EUROMILLIONS;EUROMILLIONS;TUDO PRESENTE E BEM DATADO;
19/12/2012;QUA;TOTOLOTO;TOTOLOTO;TUDO PRESENTE E BEM DATADO;
20/12/2012;QUI;NENHUM;NENHUM;CALMO (Nenhum Jogo);
21/12/2012;SEX;EUROMILLIONS;EUROMILLIONS;TUDO PRESENTE E BEM DATADO;
22/12/2012;SAB;TOTOLOTO;TOTOLOTO;TUDO PRESENTE E BEM DATADO;
23/12/2012;DOM;NENHUM;NENHUM;CALMO (Nenhum Jogo);
24/12/2012;SEG;NENHUM;NENHUM;CALMO (Nenhum Jogo);
25/12/2012;TER;EUROMILLIONS;EUROMILLIONS;TUDO PRESENTE E BEM DATADO;
26/12/2012;QUA;TOTOLOTO;TOTOLOTO;TUDO PRESENTE E BEM DATADO;
27/12/2012;QUI;NENHUM;NENHUM;CALMO (Nenhum Jogo);
28/12/2012;SEX;EUROMILLIONS;EUROMILLIONS;TUDO PRESENTE E BEM DATADO;
29/12/2012;SAB;TOTOLOTO;TOTOLOTO;TUDO PRESENTE E BEM DATADO;
30/12/2012;DOM;NENHUM;NENHUM;CALMO (Nenhum Jogo);
31/12/2012;SEG;NENHUM;NENHUM;CALMO (Nenhum Jogo);
01/01/2013;TER;EUROMILLIONS;EUROMILLIONS;TUDO PRESENTE E BEM DATADO;
02/01/2013;QUA;TOTOLOTO;TOTOLOTO;TUDO PRESENTE E BEM DATADO;
03/01/2013;QUI;NENHUM;NENHUM;CALMO (Nenhum Jogo);
04/01/2013;SEX;EUROMILLIONS;EUROMILLIONS;TUDO PRESENTE E BEM DATADO;
05/01/2013;SAB;TOTOLOTO;TOTOLOTO;TUDO PRESENTE E BEM DATADO;
06/01/2013;DOM;NENHUM;NENHUM;CALMO (Nenhum Jogo);
07/01/2013;SEG;NENHUM;NENHUM;CALMO (Nenhum Jogo);
08/01/2013;TER;EUROMILLIONS;EUROMILLIONS;TUDO PRESENTE E BEM DATADO;
09/01/2013;QUA;TOTOLOTO;TOTOLOTO;TUDO PRESENTE E BEM DATADO;
10/01/2013;QUI;NENHUM;NENHUM;CALMO (Nenhum Jogo);
11/01/2013;SEX;EUROMILLIONS;EUROMILLIONS;TUDO PRESENTE E BEM DATADO;
12/01/2013;SAB;TOTOLOTO;TOTOLOTO;TUDO PRESENTE E BEM DATADO;
13/01/2013;DOM;NENHUM;NENHUM;CALMO (Nenhum Jogo);
14/01/2013;SEG;NENHUM;NENHUM;CALMO (Nenhum Jogo);
15/01/2013;TER;EUROMILLIONS;EUROMILLIONS;TUDO PRESENTE E BEM DATADO;
16/01/2013;QUA;TOTOLOTO;TOTOLOTO;TUDO PRESENTE E BEM DATADO;
17/01/2013;QUI;NENHUM;NENHUM;CALMO (Nenhum Jogo);
18/01/2013;SEX;EUROMILLIONS;EUROMILLIONS;TUDO PRESENTE E BEM DATADO;
19/01/2013;SAB;TOTOLOTO;TOTOLOTO;TUDO PRESENTE E BEM DATADO;
20/01/2013;DOM;NENHUM;NENHUM;CALMO (Nenhum Jogo);
21/01/2013;SEG;NENHUM;NENHUM;CALMO (Nenhum Jogo);
22/01/2013;TER;EUROMILLIONS;EUROMILLIONS;TUDO PRESENTE E BEM DATADO;
23/01/2013;QUA;TOTOLOTO;TOTOLOTO;TUDO PRESENTE E BEM DATADO;
24/01/2013;QUI;NENHUM;NENHUM;CALMO (Nenhum Jogo);
25/01/2013;SEX;EUROMILLIONS;EUROMILLIONS;TUDO PRESENTE E BEM DATADO;
26/01/2013;SAB;TOTOLOTO;TOTOLOTO;TUDO PRESENTE E BEM DATADO;
27/01/2013;DOM;NENHUM;NENHUM;CALMO (Nenhum Jogo);
28/01/2013;SEG;NENHUM;NENHUM;CALMO (Nenhum Jogo);
29/01/2013;TER;EUROMILLIONS;EUROMILLIONS;TUDO PRESENTE E BEM DATADO;
30/01/2013;QUA;TOTOLOTO;TOTOLOTO;TUDO PRESENTE E BEM DATADO;
31/01/2013;QUI;NENHUM;NENHUM;CALMO (Nenhum Jogo);
01/02/2013;SEX;EUROMILLIONS;EUROMILLIONS;TUDO PRESENTE E BEM DATADO;
02/02/2013;SAB;TOTOLOTO;NENHUM;FALTA;FALTA SORTEIO: TOTOLOTO
03/02/2013;DOM;NENHUM;NENHUM;CALMO (Nenhum Jogo);
04/02/2013;SEG;NENHUM;NENHUM;CALMO (Nenhum Jogo);
05/02/2013;TER;EUROMILLIONS;EUROMILLIONS;TUDO PRESENTE E BEM DATADO;
06/02/2013;QUA;TOTOLOTO;TOTOLOTO;TUDO PRESENTE E BEM DATADO;
07/02/2013;QUI;NENHUM;NENHUM;CALMO (Nenhum Jogo);
08/02/2013;SEX;EUROMILLIONS;EUROMILLIONS;TUDO PRESENTE E BEM DATADO;
09/02/2013;SAB;TOTOLOTO;TOTOLOTO;TUDO PRESENTE E BEM DATADO;
10/02/2013;DOM;NENHUM;NENHUM;CALMO (Nenhum Jogo);
11/02/2013;SEG;NENHUM;NENHUM;CALMO (Nenhum Jogo);
12/02/2013;TER;EUROMILLIONS;EUROMILLIONS;TUDO PRESENTE E BEM DATADO;
13/02/2013;QUA;TOTOLOTO;TOTOLOTO;TUDO PRESENTE E BEM DATADO;
14/02/2013;QUI;NENHUM;NENHUM;CALMO (Nenhum Jogo);
15/02/2013;SEX;EUROMILLIONS;EUROMILLIONS;TUDO PRESENTE E BEM DATADO;
16/02/2013;SAB;TOTOLOTO;TOTOLOTO;TUDO PRESENTE E BEM DATADO;
17/02/2013;DOM;NENHUM;NENHUM;CALMO (Nenhum Jogo);
18/02/2013;SEG;NENHUM;NENHUM;CALMO (Nenhum Jogo);
19/02/2013;TER;EUROMILLIONS;EUROMILLIONS;TUDO PRESENTE E BEM DATADO;
20/02/2013;QUA;TOTOLOTO;TOTOLOTO;TUDO PRESENTE E BEM DATADO;
21/02/2013;QUI;NENHUM;NENHUM;CALMO (Nenhum Jogo);
22/02/2013;SEX;EUROMILLIONS;EUROMILLIONS;TUDO PRESENTE E BEM DATADO;
23/02/2013;SAB;TOTOLOTO;TOTOLOTO;TUDO PRESENTE E BEM DATADO;
24/02/2013;DOM;NENHUM;NENHUM;CALMO (Nenhum Jogo);
25/02/2013;SEG;NENHUM;NENHUM;CALMO (Nenhum Jogo);
26/02/2013;TER;EUROMILLIONS;EUROMILLIONS;TUDO PRESENTE E BEM DATADO;
27/02/2013;QUA;TOTOLOTO;TOTOLOTO;TUDO PRESENTE E BEM DATADO;
28/02/2013;QUI;NENHUM;NENHUM;CALMO (Nenhum Jogo);
01/03/2013;SEX;EUROMILLIONS;EUROMILLIONS;TUDO PRESENTE E BEM DATADO;
02/03/2013;SAB;TOTOLOTO;TOTOLOTO;TUDO PRESENTE E BEM DATADO;
03/03/2013;DOM;NENHUM;NENHUM;CALMO (Nenhum Jogo);
04/03/2013;SEG;NENHUM;NENHUM;CALMO (Nenhum Jogo);
05/03/2013;TER;EUROMILLIONS;EUROMILLIONS;TUDO PRESENTE E BEM DATADO;
06/03/2013;QUA;TOTOLOTO;TOTOLOTO;TUDO PRESENTE E BEM DATADO;
07/03/2013;QUI;NENHUM;NENHUM;CALMO (Nenhum Jogo);
08/03/2013;SEX;EUROMILLIONS;EUROMILLIONS;TUDO PRESENTE E BEM DATADO;
09/03/2013;SAB;TOTOLOTO;TOTOLOTO;TUDO PRESENTE E BEM DATADO;
10/03/2013;DOM;NENHUM;NENHUM;CALMO (Nenhum Jogo);
11/03/2013;SEG;NENHUM;NENHUM;CALMO (Nenhum Jogo);
12/03/2013;TER;EUROMILLIONS;EUROMILLIONS;TUDO PRESENTE E BEM DATADO;
13/03/2013;QUA;TOTOLOTO;TOTOLOTO;TUDO PRESENTE E BEM DATADO;
14/03/2013;QUI;NENHUM;NENHUM;CALMO (Nenhum Jogo);
15/03/2013;SEX;EUROMILLIONS;EUROMILLIONS;TUDO PRESENTE E BEM DATADO;
16/03/2013;SAB;TOTOLOTO;TOTOLOTO;TUDO PRESENTE E BEM DATADO;
17/03/2013;DOM;NENHUM;NENHUM;CALMO (Nenhum Jogo);
18/03/2013;SEG;NENHUM;NENHUM;CALMO (Nenhum Jogo);
19/03/2013;TER;EUROMILLIONS;EUROMILLIONS;TUDO PRESENTE E BEM DATADO;
20/03/2013;QUA;TOTOLOTO;TOTOLOTO;TUDO PRESENTE E BEM DATADO;
21/03/2013;QUI;NENHUM;NENHUM;CALMO (Nenhum Jogo);
22/03/2013;SEX;EUROMILLIONS;EUROMILLIONS;TUDO PRESENTE E BEM DATADO;
23/03/2013;SAB;TOTOLOTO;TOTOLOTO;TUDO PRESENTE E BEM DATADO;
24/03/2013;DOM;NENHUM;NENHUM;CALMO (Nenhum Jogo);
25/03/2013;SEG;NENHUM;NENHUM;CALMO (Nenhum Jogo);
26/03/2013;TER;EUROMILLIONS;EUROMILLIONS;TUDO PRESENTE E BEM DATADO;
27/03/2013;QUA;TOTOLOTO;TOTOLOTO;TUDO PRESENTE E BEM DATADO;
28/03/2013;QUI;NENHUM;NENHUM;CALMO (Nenhum Jogo);
29/03/2013;SEX;EUROMILLIONS;EUROMILLIONS;TUDO PRESENTE E BEM DATADO;
30/03/2013;SAB;TOTOLOTO;TOTOLOTO;TUDO PRESENTE E BEM DATADO;
31/03/2013;DOM;NENHUM;NENHUM;CALMO (Nenhum Jogo);
01/04/2013;SEG;NENHUM;NENHUM;CALMO (Nenhum Jogo);
02/04/2013;TER;EUROMILLIONS;EUROMILLIONS;TUDO PRESENTE E BEM DATADO;
03/04/2013;QUA;TOTOLOTO;TOTOLOTO;TUDO PRESENTE E BEM DATADO;
04/04/2013;QUI;NENHUM;NENHUM;CALMO (Nenhum Jogo);
05/04/2013;SEX;EUROMILLIONS;EUROMILLIONS;TUDO PRESENTE E BEM DATADO;
06/04/2013;SAB;TOTOLOTO;TOTOLOTO;TUDO PRESENTE E BEM DATADO;
07/04/2013;DOM;NENHUM;NENHUM;CALMO (Nenhum Jogo);
08/04/2013;SEG;NENHUM;NENHUM;CALMO (Nenhum Jogo);
09/04/2013;TER;EUROMILLIONS;EUROMILLIONS;TUDO PRESENTE E BEM DATADO;
10/04/2013;QUA;TOTOLOTO;TOTOLOTO;TUDO PRESENTE E BEM DATADO;
11/04/2013;QUI;NENHUM;NENHUM;CALMO (Nenhum Jogo);
12/04/2013;SEX;EUROMILLIONS;EUROMILLIONS;TUDO PRESENTE E BEM DATADO;
13/04/2013;SAB;TOTOLOTO;TOTOLOTO;TUDO PRESENTE E BEM DATADO;
14/04/2013;DOM;NENHUM;NENHUM;CALMO (Nenhum Jogo);
15/04/2013;SEG;NENHUM;NENHUM;CALMO (Nenhum Jogo);
16/04/2013;TER;EUROMILLIONS;EUROMILLIONS;TUDO PRESENTE E BEM DATADO;
17/04/2013;QUA;TOTOLOTO;TOTOLOTO;TUDO PRESENTE E BEM DATADO;
18/04/2013;QUI;NENHUM;NENHUM;CALMO (Nenhum Jogo);
19/04/2013;SEX;EUROMILLIONS;EUROMILLIONS;TUDO PRESENTE E BEM DATADO;
20/04/2013;SAB;TOTOLOTO;TOTOLOTO;TUDO PRESENTE E BEM DATADO;
21/04/2013;DOM;NENHUM;NENHUM;CALMO (Nenhum Jogo);
22/04/2013;SEG;NENHUM;NENHUM;CALMO (Nenhum Jogo);
23/04/2013;TER;EUROMILLIONS;EUROMILLIONS;TUDO PRESENTE E BEM DATADO;
24/04/2013;QUA;TOTOLOTO;TOTOLOTO;TUDO PRESENTE E BEM DATADO;
25/04/2013;QUI;NENHUM;NENHUM;CALMO (Nenhum Jogo);
26/04/2013;SEX;EUROMILLIONS;EUROMILLIONS;TUDO PRESENTE E BEM DATADO;
27/04/2013;SAB;TOTOLOTO;TOTOLOTO;TUDO PRESENTE E BEM DATADO;
28/04/2013;DOM;NENHUM;NENHUM;CALMO (Nenhum Jogo);
29/04/2013;SEG;NENHUM;NENHUM;CALMO (Nenhum Jogo);
30/04/2013;TER;EUROMILLIONS;EUROMILLIONS;TUDO PRESENTE E BEM DATADO;
01/05/2013;QUA;TOTOLOTO;TOTOLOTO;TUDO PRESENTE E BEM DATADO;
02/05/2013;QUI;NENHUM;NENHUM;CALMO (Nenhum Jogo);
03/05/2013;SEX;EUROMILLIONS;EUROMILLIONS;TUDO PRESENTE E BEM DATADO;
04/05/2013;SAB;TOTOLOTO;TOTOLOTO;TUDO PRESENTE E BEM DATADO;
05/05/2013;DOM;NENHUM;NENHUM;CALMO (Nenhum Jogo);
06/05/2013;SEG;NENHUM;NENHUM;CALMO (Nenhum Jogo);
07/05/2013;TER;EUROMILLIONS;EUROMILLIONS;TUDO PRESENTE E BEM DATADO;
08/05/2013;QUA;TOTOLOTO;TOTOLOTO;TUDO PRESENTE E BEM DATADO;
09/05/2013;QUI;NENHUM;NENHUM;CALMO (Nenhum Jogo);
10/05/2013;SEX;EUROMILLIONS;EUROMILLIONS;TUDO PRESENTE E BEM DATADO;
11/05/2013;SAB;TOTOLOTO;TOTOLOTO;TUDO PRESENTE E BEM DATADO;
12/05/2013;DOM;NENHUM;NENHUM;CALMO (Nenhum Jogo);
13/05/2013;SEG;NENHUM;NENHUM;CALMO (Nenhum Jogo);
14/05/2013;TER;EUROMILLIONS;EUROMILLIONS;TUDO PRESENTE E BEM DATADO;
15/05/2013;QUA;TOTOLOTO;TOTOLOTO;TUDO PRESENTE E BEM DATADO;
16/05/2013;QUI;NENHUM;NENHUM;CALMO (Nenhum Jogo);
17/05/2013;SEX;EUROMILLIONS;EUROMILLIONS;TUDO PRESENTE E BEM DATADO;
18/05/2013;SAB;TOTOLOTO;TOTOLOTO;TUDO PRESENTE E BEM DATADO;
19/05/2013;DOM;NENHUM;NENHUM;CALMO (Nenhum Jogo);
20/05/2013;SEG;NENHUM;NENHUM;CALMO (Nenhum Jogo);
21/05/2013;TER;EUROMILLIONS;EUROMILLIONS;TUDO PRESENTE E BEM DATADO;
22/05/2013;QUA;TOTOLOTO;TOTOLOTO;TUDO PRESENTE E BEM DATADO;
23/05/2013;QUI;NENHUM;NENHUM;CALMO (Nenhum Jogo);
24/05/2013;SEX;EUROMILLIONS;EUROMILLIONS;TUDO PRESENTE E BEM DATADO;
25/05/2013;SAB;TOTOLOTO;TOTOLOTO;TUDO PRESENTE E BEM DATADO;
26/05/2013;DOM;NENHUM;NENHUM;CALMO (Nenhum Jogo);
27/05/2013;SEG;NENHUM;NENHUM;CALMO (Nenhum Jogo);
28/05/2013;TER;EUROMILLIONS;EUROMILLIONS;TUDO PRESENTE E BEM DATADO;
29/05/2013;QUA;TOTOLOTO;TOTOLOTO;TUDO PRESENTE E BEM DATADO;
30/05/2013;QUI;NENHUM;NENHUM;CALMO (Nenhum Jogo);
31/05/2013;SEX;EUROMILLIONS;EUROMILLIONS;TUDO PRESENTE E BEM DATADO;
01/06/2013;SAB;TOTOLOTO;TOTOLOTO;TUDO PRESENTE E BEM DATADO;
02/06/2013;DOM;NENHUM;NENHUM;CALMO (Nenhum Jogo);
03/06/2013;SEG;NENHUM;NENHUM;CALMO (Nenhum Jogo);
04/06/2013;TER;EUROMILLIONS;EUROMILLIONS;TUDO PRESENTE E BEM DATADO;
05/06/2013;QUA;TOTOLOTO;TOTOLOTO;TUDO PRESENTE E BEM DATADO;
06/06/2013;QUI;NENHUM;NENHUM;CALMO (Nenhum Jogo);
07/06/2013;SEX;EUROMILLIONS;EUROMILLIONS;TUDO PRESENTE E BEM DATADO;
08/06/2013;SAB;TOTOLOTO;TOTOLOTO;TUDO PRESENTE E BEM DATADO;
09/06/2013;DOM;NENHUM;NENHUM;CALMO (Nenhum Jogo);
10/06/2013;SEG;NENHUM;NENHUM;CALMO (Nenhum Jogo);
11/06/2013;TER;EUROMILLIONS;EUROMILLIONS;TUDO PRESENTE E BEM DATADO;
12/06/2013;QUA;TOTOLOTO;TOTOLOTO;TUDO PRESENTE E BEM DATADO;
13/06/2013;QUI;NENHUM;NENHUM;CALMO (Nenhum Jogo);
14/06/2013;SEX;EUROMILLIONS;EUROMILLIONS;TUDO PRESENTE E BEM DATADO;
15/06/2013;SAB;TOTOLOTO;TOTOLOTO;TUDO PRESENTE E BEM DATADO;
16/06/2013;DOM;NENHUM;NENHUM;CALMO (Nenhum Jogo);
17/06/2013;SEG;NENHUM;NENHUM;CALMO (Nenhum Jogo);
18/06/2013;TER;EUROMILLIONS;EUROMILLIONS;TUDO PRESENTE E BEM DATADO;
19/06/2013;QUA;TOTOLOTO;TOTOLOTO;TUDO PRESENTE E BEM DATADO;
20/06/2013;QUI;NENHUM;NENHUM;CALMO (Nenhum Jogo);
21/06/2013;SEX;EUROMILLIONS;EUROMILLIONS;TUDO PRESENTE E BEM DATADO;
22/06/2013;SAB;TOTOLOTO;TOTOLOTO;TUDO PRESENTE E BEM DATADO;
23/06/2013;DOM;NENHUM;NENHUM;CALMO (Nenhum Jogo);
24/06/2013;SEG;NENHUM;NENHUM;CALMO (Nenhum Jogo);
25/06/2013;TER;EUROMILLIONS;EUROMILLIONS;TUDO PRESENTE E BEM DATADO;
26/06/2013;QUA;TOTOLOTO;TOTOLOTO;TUDO PRESENTE E BEM DATADO;
27/06/2013;QUI;NENHUM;NENHUM;CALMO (Nenhum Jogo);
28/06/2013;SEX;EUROMILLIONS;EUROMILLIONS;TUDO PRESENTE E BEM DATADO;
29/06/2013;SAB;TOTOLOTO;TOTOLOTO;TUDO PRESENTE E BEM DATADO;
30/06/2013;DOM;NENHUM;NENHUM;CALMO (Nenhum Jogo);
01/07/2013;SEG;NENHUM;NENHUM;CALMO (Nenhum Jogo);
02/07/2013;TER;EUROMILLIONS;EUROMILLIONS;TUDO PRESENTE E BEM DATADO;
03/07/2013;QUA;TOTOLOTO;TOTOLOTO;TUDO PRESENTE E BEM DATADO;
04/07/2013;QUI;NENHUM;NENHUM;CALMO (Nenhum Jogo);
05/07/2013;SEX;EUROMILLIONS;EUROMILLIONS;TUDO PRESENTE E BEM DATADO;
06/07/2013;SAB;TOTOLOTO;TOTOLOTO;TUDO PRESENTE E BEM DATADO;
07/07/2013;DOM;NENHUM;NENHUM;CALMO (Nenhum Jogo);
08/07/2013;SEG;NENHUM;NENHUM;CALMO (Nenhum Jogo);
09/07/2013;TER;EUROMILLIONS;EUROMILLIONS;TUDO PRESENTE E BEM DATADO;
10/07/2013;QUA;TOTOLOTO;TOTOLOTO;TUDO PRESENTE E BEM DATADO;
11/07/2013;QUI;NENHUM;NENHUM;CALMO (Nenhum Jogo);
12/07/2013;SEX;EUROMILLIONS;EUROMILLIONS;TUDO PRESENTE E BEM DATADO;
13/07/2013;SAB;TOTOLOTO;TOTOLOTO;TUDO PRESENTE E BEM DATADO;
14/07/2013;DOM;NENHUM;NENHUM;CALMO (Nenhum Jogo);
15/07/2013;SEG;NENHUM;NENHUM;CALMO (Nenhum Jogo);
16/07/2013;TER;EUROMILLIONS;EUROMILLIONS;TUDO PRESENTE E BEM DATADO;
17/07/2013;QUA;TOTOLOTO;TOTOLOTO;TUDO PRESENTE E BEM DATADO;
18/07/2013;QUI;NENHUM;NENHUM;CALMO (Nenhum Jogo);
19/07/2013;SEX;EUROMILLIONS;EUROMILLIONS;TUDO PRESENTE E BEM DATADO;
20/07/2013;SAB;TOTOLOTO;TOTOLOTO;TUDO PRESENTE E BEM DATADO;
21/07/2013;DOM;NENHUM;NENHUM;CALMO (Nenhum Jogo);
22/07/2013;SEG;NENHUM;NENHUM;CALMO (Nenhum Jogo);
23/07/2013;TER;EUROMILLIONS;EUROMILLIONS;TUDO PRESENTE E BEM DATADO;
24/07/2013;QUA;TOTOLOTO;TOTOLOTO;TUDO PRESENTE E BEM DATADO;
25/07/2013;QUI;NENHUM;NENHUM;CALMO (Nenhum Jogo);
26/07/2013;SEX;EUROMILLIONS;EUROMILLIONS;TUDO PRESENTE E BEM DATADO;
27/07/2013;SAB;TOTOLOTO;TOTOLOTO;TUDO PRESENTE E BEM DATADO;
28/07/2013;DOM;NENHUM;NENHUM;CALMO (Nenhum Jogo);
29/07/2013;SEG;NENHUM;NENHUM;CALMO (Nenhum Jogo);
30/07/2013;TER;EUROMILLIONS;EUROMILLIONS;TUDO PRESENTE E BEM DATADO;
31/07/2013;QUA;TOTOLOTO;TOTOLOTO;TUDO PRESENTE E BEM DATADO;
01/08/2013;QUI;NENHUM;NENHUM;CALMO (Nenhum Jogo);
02/08/2013;SEX;EUROMILLIONS;EUROMILLIONS;TUDO PRESENTE E BEM DATADO;
03/08/2013;SAB;TOTOLOTO;TOTOLOTO;TUDO PRESENTE E BEM DATADO;
04/08/2013;DOM;NENHUM;NENHUM;CALMO (Nenhum Jogo);
05/08/2013;SEG;NENHUM;NENHUM;CALMO (Nenhum Jogo);
06/08/2013;TER;EUROMILLIONS;EUROMILLIONS;TUDO PRESENTE E BEM DATADO;
07/08/2013;QUA;TOTOLOTO;TOTOLOTO;TUDO PRESENTE E BEM DATADO;
08/08/2013;QUI;NENHUM;NENHUM;CALMO (Nenhum Jogo);
09/08/2013;SEX;EUROMILLIONS;EUROMILLIONS;TUDO PRESENTE E BEM DATADO;
10/08/2013;SAB;TOTOLOTO;TOTOLOTO;TUDO PRESENTE E BEM DATADO;
11/08/2013;DOM;NENHUM;NENHUM;CALMO (Nenhum Jogo);
12/08/2013;SEG;NENHUM;NENHUM;CALMO (Nenhum Jogo);
13/08/2013;TER;EUROMILLIONS;EUROMILLIONS;TUDO PRESENTE E BEM DATADO;
14/08/2013;QUA;TOTOLOTO;TOTOLOTO;TUDO PRESENTE E BEM DATADO;
15/08/2013;QUI;NENHUM;NENHUM;CALMO (Nenhum Jogo);
16/08/2013;SEX;EUROMILLIONS;EUROMILLIONS;TUDO PRESENTE E BEM DATADO;
17/08/2013;SAB;TOTOLOTO;TOTOLOTO;TUDO PRESENTE E BEM DATADO;
18/08/2013;DOM;NENHUM;NENHUM;CALMO (Nenhum Jogo);
19/08/2013;SEG;NENHUM;NENHUM;CALMO (Nenhum Jogo);
20/08/2013;TER;EUROMILLIONS;EUROMILLIONS;TUDO PRESENTE E BEM DATADO;
21/08/2013;QUA;TOTOLOTO;TOTOLOTO;TUDO PRESENTE E BEM DATADO;
22/08/2013;QUI;NENHUM;NENHUM;CALMO (Nenhum Jogo);
23/08/2013;SEX;EUROMILLIONS;EUROMILLIONS;TUDO PRESENTE E BEM DATADO;
24/08/2013;SAB;TOTOLOTO;TOTOLOTO;TUDO PRESENTE E BEM DATADO;
25/08/2013;DOM;NENHUM;NENHUM;CALMO (Nenhum Jogo);
26/08/2013;SEG;NENHUM;NENHUM;CALMO (Nenhum Jogo);
27/08/2013;TER;EUROMILLIONS;EUROMILLIONS;TUDO PRESENTE E BEM DATADO;
28/08/2013;QUA;TOTOLOTO;TOTOLOTO;TUDO PRESENTE E BEM DATADO;
29/08/2013;QUI;NENHUM;NENHUM;CALMO (Nenhum Jogo);
30/08/2013;SEX;EUROMILLIONS;EUROMILLIONS;TUDO PRESENTE E BEM DATADO;
31/08/2013;SAB;TOTOLOTO;TOTOLOTO;TUDO PRESENTE E BEM DATADO;
01/09/2013;DOM;NENHUM;NENHUM;CALMO (Nenhum Jogo);
02/09/2013;SEG;NENHUM;NENHUM;CALMO (Nenhum Jogo);
03/09/2013;TER;EUROMILLIONS;EUROMILLIONS;TUDO PRESENTE E BEM DATADO;
04/09/2013;QUA;TOTOLOTO;TOTOLOTO;TUDO PRESENTE E BEM DATADO;
05/09/2013;QUI;NENHUM;NENHUM;CALMO (Nenhum Jogo);
06/09/2013;SEX;EUROMILLIONS;EUROMILLIONS;TUDO PRESENTE E BEM DATADO;
07/09/2013;SAB;TOTOLOTO;TOTOLOTO;TUDO PRESENTE E BEM DATADO;
08/09/2013;DOM;NENHUM;NENHUM;CALMO (Nenhum Jogo);
09/09/2013;SEG;NENHUM;NENHUM;CALMO (Nenhum Jogo);
10/09/2013;TER;EUROMILLIONS;EUROMILLIONS;TUDO PRESENTE E BEM DATADO;
11/09/2013;QUA;TOTOLOTO;TOTOLOTO;TUDO PRESENTE E BEM DATADO;
12/09/2013;QUI;NENHUM;NENHUM;CALMO (Nenhum Jogo);
13/09/2013;SEX;EUROMILLIONS;EUROMILLIONS;TUDO PRESENTE E BEM DATADO;
14/09/2013;SAB;TOTOLOTO;TOTOLOTO;TUDO PRESENTE E BEM DATADO;
15/09/2013;DOM;NENHUM;NENHUM;CALMO (Nenhum Jogo);
16/09/2013;SEG;NENHUM;NENHUM;CALMO (Nenhum Jogo);
17/09/2013;TER;EUROMILLIONS;EUROMILLIONS;TUDO PRESENTE E BEM DATADO;
18/09/2013;QUA;TOTOLOTO;TOTOLOTO;TUDO PRESENTE E BEM DATADO;
19/09/2013;QUI;NENHUM;NENHUM;CALMO (Nenhum Jogo);
20/09/2013;SEX;EUROMILLIONS;EUROMILLIONS;TUDO PRESENTE E BEM DATADO;
21/09/2013;SAB;TOTOLOTO;TOTOLOTO;TUDO PRESENTE E BEM DATADO;
22/09/2013;DOM;NENHUM;NENHUM;CALMO (Nenhum Jogo);
23/09/2013;SEG;NENHUM;NENHUM;CALMO (Nenhum Jogo);
24/09/2013;TER;EUROMILLIONS;EUROMILLIONS;TUDO PRESENTE E BEM DATADO;
25/09/2013;QUA;TOTOLOTO;TOTOLOTO;TUDO PRESENTE E BEM DATADO;
26/09/2013;QUI;NENHUM;NENHUM;CALMO (Nenhum Jogo);
27/09/2013;SEX;EUROMILLIONS;EUROMILLIONS;TUDO PRESENTE E BEM DATADO;
28/09/2013;SAB;TOTOLOTO;TOTOLOTO;TUDO PRESENTE E BEM DATADO;
29/09/2013;DOM;NENHUM;NENHUM;CALMO (Nenhum Jogo);
30/09/2013;SEG;NENHUM;NENHUM;CALMO (Nenhum Jogo);
01/10/2013;TER;EUROMILLIONS;EUROMILLIONS;TUDO PRESENTE E BEM DATADO;
02/10/2013;QUA;TOTOLOTO;TOTOLOTO;TUDO PRESENTE E BEM DATADO;
03/10/2013;QUI;NENHUM;NENHUM;CALMO (Nenhum Jogo);
04/10/2013;SEX;EUROMILLIONS;EUROMILLIONS;TUDO PRESENTE E BEM DATADO;
05/10/2013;SAB;TOTOLOTO;TOTOLOTO;TUDO PRESENTE E BEM DATADO;
06/10/2013;DOM;NENHUM;NENHUM;CALMO (Nenhum Jogo);
07/10/2013;SEG;NENHUM;NENHUM;CALMO (Nenhum Jogo);
08/10/2013;TER;EUROMILLIONS;EUROMILLIONS;TUDO PRESENTE E BEM DATADO;
09/10/2013;QUA;TOTOLOTO;TOTOLOTO;TUDO PRESENTE E BEM DATADO;
10/10/2013;QUI;NENHUM;NENHUM;CALMO (Nenhum Jogo);
11/10/2013;SEX;EUROMILLIONS;EUROMILLIONS;TUDO PRESENTE E BEM DATADO;
12/10/2013;SAB;TOTOLOTO;TOTOLOTO;TUDO PRESENTE E BEM DATADO;
13/10/2013;DOM;NENHUM;NENHUM;CALMO (Nenhum Jogo);
14/10/2013;SEG;NENHUM;NENHUM;CALMO (Nenhum Jogo);
15/10/2013;TER;EUROMILLIONS;EUROMILLIONS;TUDO PRESENTE E BEM DATADO;
16/10/2013;QUA;TOTOLOTO;TOTOLOTO;TUDO PRESENTE E BEM DATADO;
17/10/2013;QUI;NENHUM;NENHUM;CALMO (Nenhum Jogo);
18/10/2013;SEX;EUROMILLIONS;EUROMILLIONS;TUDO PRESENTE E BEM DATADO;
19/10/2013;SAB;TOTOLOTO;TOTOLOTO;TUDO PRESENTE E BEM DATADO;
20/10/2013;DOM;NENHUM;NENHUM;CALMO (Nenhum Jogo);
21/10/2013;SEG;NENHUM;NENHUM;CALMO (Nenhum Jogo);
22/10/2013;TER;EUROMILLIONS;EUROMILLIONS;TUDO PRESENTE E BEM DATADO;
23/10/2013;QUA;TOTOLOTO;TOTOLOTO;TUDO PRESENTE E BEM DATADO;
24/10/2013;QUI;NENHUM;NENHUM;CALMO (Nenhum Jogo);
25/10/2013;SEX;EUROMILLIONS;EUROMILLIONS;TUDO PRESENTE E BEM DATADO;
26/10/2013;SAB;TOTOLOTO;TOTOLOTO;TUDO PRESENTE E BEM DATADO;
27/10/2013;DOM;NENHUM;NENHUM;CALMO (Nenhum Jogo);
28/10/2013;SEG;NENHUM;NENHUM;CALMO (Nenhum Jogo);
29/10/2013;TER;EUROMILLIONS;EUROMILLIONS;TUDO PRESENTE E BEM DATADO;
30/10/2013;QUA;TOTOLOTO;TOTOLOTO;TUDO PRESENTE E BEM DATADO;
31/10/2013;QUI;NENHUM;NENHUM;CALMO (Nenhum Jogo);
01/11/2013;SEX;EUROMILLIONS;EUROMILLIONS;TUDO PRESENTE E BEM DATADO;
02/11/2013;SAB;TOTOLOTO;TOTOLOTO;TUDO PRESENTE E BEM DATADO;
03/11/2013;DOM;NENHUM;NENHUM;CALMO (Nenhum Jogo);
04/11/2013;SEG;NENHUM;NENHUM;CALMO (Nenhum Jogo);
05/11/2013;TER;EUROMILLIONS;EUROMILLIONS;TUDO PRESENTE E BEM DATADO;
06/11/2013;QUA;TOTOLOTO;TOTOLOTO;TUDO PRESENTE E BEM DATADO;
07/11/2013;QUI;NENHUM;NENHUM;CALMO (Nenhum Jogo);
08/11/2013;SEX;EUROMILLIONS;EUROMILLIONS;TUDO PRESENTE E BEM DATADO;
09/11/2013;SAB;TOTOLOTO;TOTOLOTO;TUDO PRESENTE E BEM DATADO;
10/11/2013;DOM;NENHUM;NENHUM;CALMO (Nenhum Jogo);
11/11/2013;SEG;NENHUM;NENHUM;CALMO (Nenhum Jogo);
12/11/2013;TER;EUROMILLIONS;EUROMILLIONS;TUDO PRESENTE E BEM DATADO;
13/11/2013;QUA;TOTOLOTO;TOTOLOTO;TUDO PRESENTE E BEM DATADO;
14/11/2013;QUI;NENHUM;NENHUM;CALMO (Nenhum Jogo);
15/11/2013;SEX;EUROMILLIONS;EUROMILLIONS;TUDO PRESENTE E BEM DATADO;
16/11/2013;SAB;TOTOLOTO;TOTOLOTO;TUDO PRESENTE E BEM DATADO;
17/11/2013;DOM;NENHUM;NENHUM;CALMO (Nenhum Jogo);
18/11/2013;SEG;NENHUM;NENHUM;CALMO (Nenhum Jogo);
19/11/2013;TER;EUROMILLIONS;EUROMILLIONS;TUDO PRESENTE E BEM DATADO;
20/11/2013;QUA;TOTOLOTO;TOTOLOTO;TUDO PRESENTE E BEM DATADO;
21/11/2013;QUI;NENHUM;NENHUM;CALMO (Nenhum Jogo);
22/11/2013;SEX;EUROMILLIONS;EUROMILLIONS;TUDO PRESENTE E BEM DATADO;
23/11/2013;SAB;TOTOLOTO;TOTOLOTO;TUDO PRESENTE E BEM DATADO;
24/11/2013;DOM;NENHUM;NENHUM;CALMO (Nenhum Jogo);
25/11/2013;SEG;NENHUM;NENHUM;CALMO (Nenhum Jogo);
26/11/2013;TER;EUROMILLIONS;EUROMILLIONS;TUDO PRESENTE E BEM DATADO;
27/11/2013;QUA;TOTOLOTO;TOTOLOTO;TUDO PRESENTE E BEM DATADO;
28/11/2013;QUI;NENHUM;NENHUM;CALMO (Nenhum Jogo);
29/11/2013;SEX;EUROMILLIONS;EUROMILLIONS;TUDO PRESENTE E BEM DATADO;
30/11/2013;SAB;TOTOLOTO;TOTOLOTO;TUDO PRESENTE E BEM DATADO;
01/12/2013;DOM;NENHUM;NENHUM;CALMO (Nenhum Jogo);
02/12/2013;SEG;NENHUM;NENHUM;CALMO (Nenhum Jogo);
03/12/2013;TER;EUROMILLIONS;EUROMILLIONS;TUDO PRESENTE E BEM DATADO;
04/12/2013;QUA;TOTOLOTO;TOTOLOTO;TUDO PRESENTE E BEM DATADO;
05/12/2013;QUI;NENHUM;NENHUM;CALMO (Nenhum Jogo);
06/12/2013;SEX;EUROMILLIONS;EUROMILLIONS;TUDO PRESENTE E BEM DATADO;
07/12/2013;SAB;TOTOLOTO;TOTOLOTO;TUDO PRESENTE E BEM DATADO;
08/12/2013;DOM;NENHUM;NENHUM;CALMO (Nenhum Jogo);
09/12/2013;SEG;NENHUM;NENHUM;CALMO (Nenhum Jogo);
10/12/2013;TER;EUROMILLIONS;EUROMILLIONS;TUDO PRESENTE E BEM DATADO;
11/12/2013;QUA;TOTOLOTO;TOTOLOTO;TUDO PRESENTE E BEM DATADO;
12/12/2013;QUI;NENHUM;NENHUM;CALMO (Nenhum Jogo);
13/12/2013;SEX;EUROMILLIONS;EUROMILLIONS;TUDO PRESENTE E BEM DATADO;
14/12/2013;SAB;TOTOLOTO;TOTOLOTO;TUDO PRESENTE E BEM DATADO;
15/12/2013;DOM;NENHUM;NENHUM;CALMO (Nenhum Jogo);
16/12/2013;SEG;NENHUM;NENHUM;CALMO (Nenhum Jogo);
17/12/2013;TER;EUROMILLIONS;EUROMILLIONS;TUDO PRESENTE E BEM DATADO;
18/12/2013;QUA;TOTOLOTO;TOTOLOTO;TUDO PRESENTE E BEM DATADO;
19/12/2013;QUI;NENHUM;NENHUM;CALMO (Nenhum Jogo);
20/12/2013;SEX;EUROMILLIONS;EUROMILLIONS;TUDO PRESENTE E BEM DATADO;
21/12/2013;SAB;TOTOLOTO;TOTOLOTO;TUDO PRESENTE E BEM DATADO;
22/12/2013;DOM;NENHUM;NENHUM;CALMO (Nenhum Jogo);
23/12/2013;SEG;NENHUM;NENHUM;CALMO (Nenhum Jogo);
24/12/2013;TER;EUROMILLIONS;EUROMILLIONS;TUDO PRESENTE E BEM DATADO;
25/12/2013;QUA;TOTOLOTO;TOTOLOTO;TUDO PRESENTE E BEM DATADO;
26/12/2013;QUI;NENHUM;NENHUM;CALMO (Nenhum Jogo);
27/12/2013;SEX;EUROMILLIONS;EUROMILLIONS;TUDO PRESENTE E BEM DATADO;
28/12/2013;SAB;TOTOLOTO;TOTOLOTO;TUDO PRESENTE E BEM DATADO;
29/12/2013;DOM;NENHUM;NENHUM;CALMO (Nenhum Jogo);
30/12/2013;SEG;NENHUM;NENHUM;CALMO (Nenhum Jogo);
31/12/2013;TER;EUROMILLIONS;EUROMILLIONS;TUDO PRESENTE E BEM DATADO;
01/01/2014;QUA;TOTOLOTO;TOTOLOTO;TUDO PRESENTE E BEM DATADO;
02/01/2014;QUI;NENHUM;NENHUM;CALMO (Nenhum Jogo);
03/01/2014;SEX;EUROMILLIONS;EUROMILLIONS;TUDO PRESENTE E BEM DATADO;
04/01/2014;SAB;TOTOLOTO;TOTOLOTO;TUDO PRESENTE E BEM DATADO;
05/01/2014;DOM;NENHUM;NENHUM;CALMO (Nenhum Jogo);
06/01/2014;SEG;NENHUM;NENHUM;CALMO (Nenhum Jogo);
07/01/2014;TER;EUROMILLIONS;EUROMILLIONS;TUDO PRESENTE E BEM DATADO;
08/01/2014;QUA;TOTOLOTO;TOTOLOTO;TUDO PRESENTE E BEM DATADO;
09/01/2014;QUI;NENHUM;NENHUM;CALMO (Nenhum Jogo);
10/01/2014;SEX;EUROMILLIONS;EUROMILLIONS;TUDO PRESENTE E BEM DATADO;
11/01/2014;SAB;TOTOLOTO;TOTOLOTO;TUDO PRESENTE E BEM DATADO;
12/01/2014;DOM;NENHUM;NENHUM;CALMO (Nenhum Jogo);
13/01/2014;SEG;NENHUM;NENHUM;CALMO (Nenhum Jogo);
14/01/2014;TER;EUROMILLIONS;EUROMILLIONS;TUDO PRESENTE E BEM DATADO;
15/01/2014;QUA;TOTOLOTO;TOTOLOTO;TUDO PRESENTE E BEM DATADO;
16/01/2014;QUI;NENHUM;NENHUM;CALMO (Nenhum Jogo);
17/01/2014;SEX;EUROMILLIONS;EUROMILLIONS;TUDO PRESENTE E BEM DATADO;
18/01/2014;SAB;TOTOLOTO;TOTOLOTO;TUDO PRESENTE E BEM DATADO;
19/01/2014;DOM;NENHUM;NENHUM;CALMO (Nenhum Jogo);
20/01/2014;SEG;NENHUM;NENHUM;CALMO (Nenhum Jogo);
21/01/2014;TER;EUROMILLIONS;EUROMILLIONS;TUDO PRESENTE E BEM DATADO;
22/01/2014;QUA;TOTOLOTO;TOTOLOTO;TUDO PRESENTE E BEM DATADO;
23/01/2014;QUI;NENHUM;NENHUM;CALMO (Nenhum Jogo);
24/01/2014;SEX;EUROMILLIONS;EUROMILLIONS;TUDO PRESENTE E BEM DATADO;
25/01/2014;SAB;TOTOLOTO;TOTOLOTO;TUDO PRESENTE E BEM DATADO;
26/01/2014;DOM;NENHUM;NENHUM;CALMO (Nenhum Jogo);
27/01/2014;SEG;NENHUM;NENHUM;CALMO (Nenhum Jogo);
28/01/2014;TER;EUROMILLIONS;EUROMILLIONS;TUDO PRESENTE E BEM DATADO;
29/01/2014;QUA;TOTOLOTO;TOTOLOTO;TUDO PRESENTE E BEM DATADO;
30/01/2014;QUI;NENHUM;NENHUM;CALMO (Nenhum Jogo);
31/01/2014;SEX;EUROMILLIONS;EUROMILLIONS;TUDO PRESENTE E BEM DATADO;
01/02/2014;SAB;TOTOLOTO;TOTOLOTO;TUDO PRESENTE E BEM DATADO;
02/02/2014;DOM;NENHUM;NENHUM;CALMO (Nenhum Jogo);
03/02/2014;SEG;NENHUM;NENHUM;CALMO (Nenhum Jogo);
04/02/2014;TER;EUROMILLIONS;EUROMILLIONS;TUDO PRESENTE E BEM DATADO;
05/02/2014;QUA;TOTOLOTO;TOTOLOTO;TUDO PRESENTE E BEM DATADO;
06/02/2014;QUI;NENHUM;NENHUM;CALMO (Nenhum Jogo);
07/02/2014;SEX;EUROMILLIONS;EUROMILLIONS;TUDO PRESENTE E BEM DATADO;
08/02/2014;SAB;TOTOLOTO;TOTOLOTO;TUDO PRESENTE E BEM DATADO;
09/02/2014;DOM;NENHUM;NENHUM;CALMO (Nenhum Jogo);
10/02/2014;SEG;NENHUM;NENHUM;CALMO (Nenhum Jogo);
11/02/2014;TER;EUROMILLIONS;EUROMILLIONS;TUDO PRESENTE E BEM DATADO;
12/02/2014;QUA;TOTOLOTO;TOTOLOTO;TUDO PRESENTE E BEM DATADO;
13/02/2014;QUI;NENHUM;NENHUM;CALMO (Nenhum Jogo);
14/02/2014;SEX;EUROMILLIONS;EUROMILLIONS;TUDO PRESENTE E BEM DATADO;
15/02/2014;SAB;TOTOLOTO;TOTOLOTO;TUDO PRESENTE E BEM DATADO;
16/02/2014;DOM;NENHUM;NENHUM;CALMO (Nenhum Jogo);
17/02/2014;SEG;NENHUM;NENHUM;CALMO (Nenhum Jogo);
18/02/2014;TER;EUROMILLIONS;EUROMILLIONS;TUDO PRESENTE E BEM DATADO;
19/02/2014;QUA;TOTOLOTO;TOTOLOTO;TUDO PRESENTE E BEM DATADO;
20/02/2014;QUI;NENHUM;NENHUM;CALMO (Nenhum Jogo);
21/02/2014;SEX;EUROMILLIONS;EUROMILLIONS;TUDO PRESENTE E BEM DATADO;
22/02/2014;SAB;TOTOLOTO;TOTOLOTO;TUDO PRESENTE E BEM DATADO;
23/02/2014;DOM;NENHUM;NENHUM;CALMO (Nenhum Jogo);
24/02/2014;SEG;NENHUM;NENHUM;CALMO (Nenhum Jogo);
25/02/2014;TER;EUROMILLIONS;EUROMILLIONS;TUDO PRESENTE E BEM DATADO;
26/02/2014;QUA;TOTOLOTO;TOTOLOTO;TUDO PRESENTE E BEM DATADO;
27/02/2014;QUI;NENHUM;NENHUM;CALMO (Nenhum Jogo);
28/02/2014;SEX;EUROMILLIONS;EUROMILLIONS;TUDO PRESENTE E BEM DATADO;
01/03/2014;SAB;TOTOLOTO;TOTOLOTO;TUDO PRESENTE E BEM DATADO;
02/03/2014;DOM;NENHUM;NENHUM;CALMO (Nenhum Jogo);
03/03/2014;SEG;NENHUM;NENHUM;CALMO (Nenhum Jogo);
04/03/2014;TER;EUROMILLIONS;EUROMILLIONS;TUDO PRESENTE E BEM DATADO;
05/03/2014;QUA;TOTOLOTO;TOTOLOTO;TUDO PRESENTE E BEM DATADO;
06/03/2014;QUI;NENHUM;NENHUM;CALMO (Nenhum Jogo);
07/03/2014;SEX;EUROMILLIONS;EUROMILLIONS;TUDO PRESENTE E BEM DATADO;
08/03/2014;SAB;TOTOLOTO;TOTOLOTO;TUDO PRESENTE E BEM DATADO;
09/03/2014;DOM;NENHUM;NENHUM;CALMO (Nenhum Jogo);
10/03/2014;SEG;NENHUM;NENHUM;CALMO (Nenhum Jogo);
11/03/2014;TER;EUROMILLIONS;EUROMILLIONS;TUDO PRESENTE E BEM DATADO;
12/03/2014;QUA;TOTOLOTO;TOTOLOTO;TUDO PRESENTE E BEM DATADO;
13/03/2014;QUI;NENHUM;NENHUM;CALMO (Nenhum Jogo);
14/03/2014;SEX;EUROMILLIONS;EUROMILLIONS;TUDO PRESENTE E BEM DATADO;
15/03/2014;SAB;TOTOLOTO;TOTOLOTO;TUDO PRESENTE E BEM DATADO;
16/03/2014;DOM;NENHUM;NENHUM;CALMO (Nenhum Jogo);
17/03/2014;SEG;NENHUM;NENHUM;CALMO (Nenhum Jogo);
18/03/2014;TER;EUROMILLIONS;EUROMILLIONS;TUDO PRESENTE E BEM DATADO;
19/03/2014;QUA;TOTOLOTO;TOTOLOTO;TUDO PRESENTE E BEM DATADO;
20/03/2014;QUI;NENHUM;NENHUM;CALMO (Nenhum Jogo);
21/03/2014;SEX;EUROMILLIONS;EUROMILLIONS;TUDO PRESENTE E BEM DATADO;
22/03/2014;SAB;TOTOLOTO;TOTOLOTO;TUDO PRESENTE E BEM DATADO;
23/03/2014;DOM;NENHUM;NENHUM;CALMO (Nenhum Jogo);
24/03/2014;SEG;NENHUM;NENHUM;CALMO (Nenhum Jogo);
25/03/2014;TER;EUROMILLIONS;EUROMILLIONS;TUDO PRESENTE E BEM DATADO;
26/03/2014;QUA;TOTOLOTO;TOTOLOTO;TUDO PRESENTE E BEM DATADO;
27/03/2014;QUI;NENHUM;NENHUM;CALMO (Nenhum Jogo);
28/03/2014;SEX;EUROMILLIONS;EUROMILLIONS;TUDO PRESENTE E BEM DATADO;
29/03/2014;SAB;TOTOLOTO;TOTOLOTO;TUDO PRESENTE E BEM DATADO;
30/03/2014;DOM;NENHUM;NENHUM;CALMO (Nenhum Jogo);
31/03/2014;SEG;NENHUM;NENHUM;CALMO (Nenhum Jogo);
01/04/2014;TER;EUROMILLIONS;EUROMILLIONS;TUDO PRESENTE E BEM DATADO;
02/04/2014;QUA;TOTOLOTO;TOTOLOTO;TUDO PRESENTE E BEM DATADO;
03/04/2014;QUI;NENHUM;NENHUM;CALMO (Nenhum Jogo);
04/04/2014;SEX;EUROMILLIONS;EUROMILLIONS;TUDO PRESENTE E BEM DATADO;
05/04/2014;SAB;TOTOLOTO;TOTOLOTO;TUDO PRESENTE E BEM DATADO;
06/04/2014;DOM;NENHUM;NENHUM;CALMO (Nenhum Jogo);
07/04/2014;SEG;NENHUM;NENHUM;CALMO (Nenhum Jogo);
08/04/2014;TER;EUROMILLIONS;EUROMILLIONS;TUDO PRESENTE E BEM DATADO;
09/04/2014;QUA;TOTOLOTO;TOTOLOTO;TUDO PRESENTE E BEM DATADO;
10/04/2014;QUI;NENHUM;NENHUM;CALMO (Nenhum Jogo);
11/04/2014;SEX;EUROMILLIONS;EUROMILLIONS;TUDO PRESENTE E BEM DATADO;
12/04/2014;SAB;TOTOLOTO;TOTOLOTO;TUDO PRESENTE E BEM DATADO;
13/04/2014;DOM;NENHUM;NENHUM;CALMO (Nenhum Jogo);
14/04/2014;SEG;NENHUM;NENHUM;CALMO (Nenhum Jogo);
15/04/2014;TER;EUROMILLIONS;EUROMILLIONS;TUDO PRESENTE E BEM DATADO;
16/04/2014;QUA;TOTOLOTO;TOTOLOTO;TUDO PRESENTE E BEM DATADO;
17/04/2014;QUI;NENHUM;NENHUM;CALMO (Nenhum Jogo);
18/04/2014;SEX;EUROMILLIONS;EUROMILLIONS;TUDO PRESENTE E BEM DATADO;
19/04/2014;SAB;TOTOLOTO;TOTOLOTO;TUDO PRESENTE E BEM DATADO;
20/04/2014;DOM;NENHUM;NENHUM;CALMO (Nenhum Jogo);
21/04/2014;SEG;NENHUM;NENHUM;CALMO (Nenhum Jogo);
22/04/2014;TER;EUROMILLIONS;EUROMILLIONS;TUDO PRESENTE E BEM DATADO;
23/04/2014;QUA;TOTOLOTO;TOTOLOTO;TUDO PRESENTE E BEM DATADO;
24/04/2014;QUI;NENHUM;NENHUM;CALMO (Nenhum Jogo);
25/04/2014;SEX;EUROMILLIONS;EUROMILLIONS;TUDO PRESENTE E BEM DATADO;
26/04/2014;SAB;TOTOLOTO;TOTOLOTO;TUDO PRESENTE E BEM DATADO;
27/04/2014;DOM;NENHUM;NENHUM;CALMO (Nenhum Jogo);
28/04/2014;SEG;NENHUM;NENHUM;CALMO (Nenhum Jogo);
29/04/2014;TER;EUROMILLIONS;EUROMILLIONS;TUDO PRESENTE E BEM DATADO;
30/04/2014;QUA;TOTOLOTO;TOTOLOTO;TUDO PRESENTE E BEM DATADO;
01/05/2014;QUI;NENHUM;NENHUM;CALMO (Nenhum Jogo);
02/05/2014;SEX;EUROMILLIONS;EUROMILLIONS;TUDO PRESENTE E BEM DATADO;
03/05/2014;SAB;TOTOLOTO;TOTOLOTO;TUDO PRESENTE E BEM DATADO;
04/05/2014;DOM;NENHUM;NENHUM;CALMO (Nenhum Jogo);
05/05/2014;SEG;NENHUM;NENHUM;CALMO (Nenhum Jogo);
06/05/2014;TER;EUROMILLIONS;EUROMILLIONS;TUDO PRESENTE E BEM DATADO;
07/05/2014;QUA;TOTOLOTO;TOTOLOTO;TUDO PRESENTE E BEM DATADO;
08/05/2014;QUI;NENHUM;NENHUM;CALMO (Nenhum Jogo);
09/05/2014;SEX;EUROMILLIONS;EUROMILLIONS;TUDO PRESENTE E BEM DATADO;
10/05/2014;SAB;TOTOLOTO;TOTOLOTO;TUDO PRESENTE E BEM DATADO;
11/05/2014;DOM;NENHUM;NENHUM;CALMO (Nenhum Jogo);
12/05/2014;SEG;NENHUM;NENHUM;CALMO (Nenhum Jogo);
13/05/2014;TER;EUROMILLIONS;EUROMILLIONS;TUDO PRESENTE E BEM DATADO;
14/05/2014;QUA;TOTOLOTO;TOTOLOTO;TUDO PRESENTE E BEM DATADO;
15/05/2014;QUI;NENHUM;NENHUM;CALMO (Nenhum Jogo);
16/05/2014;SEX;EUROMILLIONS;EUROMILLIONS;TUDO PRESENTE E BEM DATADO;
17/05/2014;SAB;TOTOLOTO;TOTOLOTO;TUDO PRESENTE E BEM DATADO;
18/05/2014;DOM;NENHUM;NENHUM;CALMO (Nenhum Jogo);
19/05/2014;SEG;NENHUM;NENHUM;CALMO (Nenhum Jogo);
20/05/2014;TER;EUROMILLIONS;EUROMILLIONS;TUDO PRESENTE E BEM DATADO;
21/05/2014;QUA;TOTOLOTO;TOTOLOTO;TUDO PRESENTE E BEM DATADO;
22/05/2014;QUI;NENHUM;NENHUM;CALMO (Nenhum Jogo);
23/05/2014;SEX;EUROMILLIONS;EUROMILLIONS;TUDO PRESENTE E BEM DATADO;
24/05/2014;SAB;TOTOLOTO;TOTOLOTO;TUDO PRESENTE E BEM DATADO;
25/05/2014;DOM;NENHUM;NENHUM;CALMO (Nenhum Jogo);
26/05/2014;SEG;NENHUM;NENHUM;CALMO (Nenhum Jogo);
27/05/2014;TER;EUROMILLIONS;EUROMILLIONS;TUDO PRESENTE E BEM DATADO;
28/05/2014;QUA;TOTOLOTO;TOTOLOTO;TUDO PRESENTE E BEM DATADO;
29/05/2014;QUI;NENHUM;NENHUM;CALMO (Nenhum Jogo);
30/05/2014;SEX;EUROMILLIONS;EUROMILLIONS;TUDO PRESENTE E BEM DATADO;
31/05/2014;SAB;TOTOLOTO;TOTOLOTO;TUDO PRESENTE E BEM DATADO;
01/06/2014;DOM;NENHUM;NENHUM;CALMO (Nenhum Jogo);
02/06/2014;SEG;NENHUM;NENHUM;CALMO (Nenhum Jogo);
03/06/2014;TER;EUROMILLIONS;EUROMILLIONS;TUDO PRESENTE E BEM DATADO;
04/06/2014;QUA;TOTOLOTO;TOTOLOTO;TUDO PRESENTE E BEM DATADO;
05/06/2014;QUI;NENHUM;NENHUM;CALMO (Nenhum Jogo);
06/06/2014;SEX;EUROMILLIONS;EUROMILLIONS;TUDO PRESENTE E BEM DATADO;
07/06/2014;SAB;TOTOLOTO;TOTOLOTO;TUDO PRESENTE E BEM DATADO;
08/06/2014;DOM;NENHUM;NENHUM;CALMO (Nenhum Jogo);
09/06/2014;SEG;NENHUM;NENHUM;CALMO (Nenhum Jogo);
10/06/2014;TER;EUROMILLIONS;EUROMILLIONS;TUDO PRESENTE E BEM DATADO;
11/06/2014;QUA;TOTOLOTO;TOTOLOTO;TUDO PRESENTE E BEM DATADO;
12/06/2014;QUI;NENHUM;NENHUM;CALMO (Nenhum Jogo);
13/06/2014;SEX;EUROMILLIONS;EUROMILLIONS;TUDO PRESENTE E BEM DATADO;
14/06/2014;SAB;TOTOLOTO;TOTOLOTO;TUDO PRESENTE E BEM DATADO;
15/06/2014;DOM;NENHUM;NENHUM;CALMO (Nenhum Jogo);
16/06/2014;SEG;NENHUM;NENHUM;CALMO (Nenhum Jogo);
17/06/2014;TER;EUROMILLIONS;EUROMILLIONS;TUDO PRESENTE E BEM DATADO;
18/06/2014;QUA;TOTOLOTO;TOTOLOTO;TUDO PRESENTE E BEM DATADO;
19/06/2014;QUI;NENHUM;NENHUM;CALMO (Nenhum Jogo);
20/06/2014;SEX;EUROMILLIONS;EUROMILLIONS;TUDO PRESENTE E BEM DATADO;
21/06/2014;SAB;TOTOLOTO;TOTOLOTO;TUDO PRESENTE E BEM DATADO;
22/06/2014;DOM;NENHUM;NENHUM;CALMO (Nenhum Jogo);
23/06/2014;SEG;NENHUM;NENHUM;CALMO (Nenhum Jogo);
24/06/2014;TER;EUROMILLIONS;EUROMILLIONS;TUDO PRESENTE E BEM DATADO;
25/06/2014;QUA;TOTOLOTO;TOTOLOTO;TUDO PRESENTE E BEM DATADO;
26/06/2014;QUI;NENHUM;NENHUM;CALMO (Nenhum Jogo);
27/06/2014;SEX;EUROMILLIONS;EUROMILLIONS;TUDO PRESENTE E BEM DATADO;
28/06/2014;SAB;TOTOLOTO;TOTOLOTO;TUDO PRESENTE E BEM DATADO;
29/06/2014;DOM;NENHUM;NENHUM;CALMO (Nenhum Jogo);
30/06/2014;SEG;NENHUM;NENHUM;CALMO (Nenhum Jogo);
01/07/2014;TER;EUROMILLIONS;EUROMILLIONS;TUDO PRESENTE E BEM DATADO;
02/07/2014;QUA;TOTOLOTO;TOTOLOTO;TUDO PRESENTE E BEM DATADO;
03/07/2014;QUI;NENHUM;NENHUM;CALMO (Nenhum Jogo);
04/07/2014;SEX;EUROMILLIONS;EUROMILLIONS;TUDO PRESENTE E BEM DATADO;
05/07/2014;SAB;TOTOLOTO;TOTOLOTO;TUDO PRESENTE E BEM DATADO;
06/07/2014;DOM;NENHUM;NENHUM;CALMO (Nenhum Jogo);
07/07/2014;SEG;NENHUM;NENHUM;CALMO (Nenhum Jogo);
08/07/2014;TER;EUROMILLIONS;EUROMILLIONS;TUDO PRESENTE E BEM DATADO;
09/07/2014;QUA;TOTOLOTO;TOTOLOTO;TUDO PRESENTE E BEM DATADO;
10/07/2014;QUI;NENHUM;NENHUM;CALMO (Nenhum Jogo);
11/07/2014;SEX;EUROMILLIONS;EUROMILLIONS;TUDO PRESENTE E BEM DATADO;
12/07/2014;SAB;TOTOLOTO;TOTOLOTO;TUDO PRESENTE E BEM DATADO;
13/07/2014;DOM;NENHUM;NENHUM;CALMO (Nenhum Jogo);
14/07/2014;SEG;NENHUM;NENHUM;CALMO (Nenhum Jogo);
15/07/2014;TER;EUROMILLIONS;EUROMILLIONS;TUDO PRESENTE E BEM DATADO;
16/07/2014;QUA;TOTOLOTO;TOTOLOTO;TUDO PRESENTE E BEM DATADO;
17/07/2014;QUI;NENHUM;NENHUM;CALMO (Nenhum Jogo);
18/07/2014;SEX;EUROMILLIONS;EUROMILLIONS;TUDO PRESENTE E BEM DATADO;
19/07/2014;SAB;TOTOLOTO;TOTOLOTO;TUDO PRESENTE E BEM DATADO;
20/07/2014;DOM;NENHUM;NENHUM;CALMO (Nenhum Jogo);
21/07/2014;SEG;NENHUM;NENHUM;CALMO (Nenhum Jogo);
22/07/2014;TER;EUROMILLIONS;EUROMILLIONS;TUDO PRESENTE E BEM DATADO;
23/07/2014;QUA;TOTOLOTO;TOTOLOTO;TUDO PRESENTE E BEM DATADO;
24/07/2014;QUI;NENHUM;NENHUM;CALMO (Nenhum Jogo);
25/07/2014;SEX;EUROMILLIONS;EUROMILLIONS;TUDO PRESENTE E BEM DATADO;
26/07/2014;SAB;TOTOLOTO;TOTOLOTO;TUDO PRESENTE E BEM DATADO;
27/07/2014;DOM;NENHUM;NENHUM;CALMO (Nenhum Jogo);
28/07/2014;SEG;NENHUM;NENHUM;CALMO (Nenhum Jogo);
29/07/2014;TER;EUROMILLIONS;EUROMILLIONS;TUDO PRESENTE E BEM DATADO;
30/07/2014;QUA;TOTOLOTO;TOTOLOTO;TUDO PRESENTE E BEM DATADO;
31/07/2014;QUI;NENHUM;NENHUM;CALMO (Nenhum Jogo);
01/08/2014;SEX;EUROMILLIONS;EUROMILLIONS;TUDO PRESENTE E BEM DATADO;
02/08/2014;SAB;TOTOLOTO;TOTOLOTO;TUDO PRESENTE E BEM DATADO;
03/08/2014;DOM;NENHUM;NENHUM;CALMO (Nenhum Jogo);
04/08/2014;SEG;NENHUM;NENHUM;CALMO (Nenhum Jogo);
05/08/2014;TER;EUROMILLIONS;EUROMILLIONS;TUDO PRESENTE E BEM DATADO;
06/08/2014;QUA;TOTOLOTO;TOTOLOTO;TUDO PRESENTE E BEM DATADO;
07/08/2014;QUI;NENHUM;NENHUM;CALMO (Nenhum Jogo);
08/08/2014;SEX;EUROMILLIONS;EUROMILLIONS;TUDO PRESENTE E BEM DATADO;
09/08/2014;SAB;TOTOLOTO;TOTOLOTO;TUDO PRESENTE E BEM DATADO;
10/08/2014;DOM;NENHUM;NENHUM;CALMO (Nenhum Jogo);
11/08/2014;SEG;NENHUM;NENHUM;CALMO (Nenhum Jogo);
12/08/2014;TER;EUROMILLIONS;EUROMILLIONS;TUDO PRESENTE E BEM DATADO;
13/08/2014;QUA;TOTOLOTO;TOTOLOTO;TUDO PRESENTE E BEM DATADO;
14/08/2014;QUI;NENHUM;NENHUM;CALMO (Nenhum Jogo);
15/08/2014;SEX;EUROMILLIONS;EUROMILLIONS;TUDO PRESENTE E BEM DATADO;
16/08/2014;SAB;TOTOLOTO;TOTOLOTO;TUDO PRESENTE E BEM DATADO;
17/08/2014;DOM;NENHUM;NENHUM;CALMO (Nenhum Jogo);
18/08/2014;SEG;NENHUM;NENHUM;CALMO (Nenhum Jogo);
19/08/2014;TER;EUROMILLIONS;EUROMILLIONS;TUDO PRESENTE E BEM DATADO;
20/08/2014;QUA;TOTOLOTO;TOTOLOTO;TUDO PRESENTE E BEM DATADO;
21/08/2014;QUI;NENHUM;NENHUM;CALMO (Nenhum Jogo);
22/08/2014;SEX;EUROMILLIONS;EUROMILLIONS;TUDO PRESENTE E BEM DATADO;
23/08/2014;SAB;TOTOLOTO;TOTOLOTO;TUDO PRESENTE E BEM DATADO;
24/08/2014;DOM;NENHUM;NENHUM;CALMO (Nenhum Jogo);
25/08/2014;SEG;NENHUM;NENHUM;CALMO (Nenhum Jogo);
26/08/2014;TER;EUROMILLIONS;EUROMILLIONS;TUDO PRESENTE E BEM DATADO;
27/08/2014;QUA;TOTOLOTO;TOTOLOTO;TUDO PRESENTE E BEM DATADO;
28/08/2014;QUI;NENHUM;NENHUM;CALMO (Nenhum Jogo);
29/08/2014;SEX;EUROMILLIONS;EUROMILLIONS;TUDO PRESENTE E BEM DATADO;
30/08/2014;SAB;TOTOLOTO;TOTOLOTO;TUDO PRESENTE E BEM DATADO;
31/08/2014;DOM;NENHUM;NENHUM;CALMO (Nenhum Jogo);
01/09/2014;SEG;NENHUM;NENHUM;CALMO (Nenhum Jogo);
02/09/2014;TER;EUROMILLIONS;EUROMILLIONS;TUDO PRESENTE E BEM DATADO;
03/09/2014;QUA;TOTOLOTO;TOTOLOTO;TUDO PRESENTE E BEM DATADO;
04/09/2014;QUI;NENHUM;NENHUM;CALMO (Nenhum Jogo);
05/09/2014;SEX;EUROMILLIONS;EUROMILLIONS;TUDO PRESENTE E BEM DATADO;
06/09/2014;SAB;TOTOLOTO;TOTOLOTO;TUDO PRESENTE E BEM DATADO;
07/09/2014;DOM;NENHUM;NENHUM;CALMO (Nenhum Jogo);
08/09/2014;SEG;NENHUM;NENHUM;CALMO (Nenhum Jogo);
09/09/2014;TER;EUROMILLIONS;EUROMILLIONS;TUDO PRESENTE E BEM DATADO;
10/09/2014;QUA;TOTOLOTO;TOTOLOTO;TUDO PRESENTE E BEM DATADO;
11/09/2014;QUI;NENHUM;NENHUM;CALMO (Nenhum Jogo);
12/09/2014;SEX;EUROMILLIONS;EUROMILLIONS;TUDO PRESENTE E BEM DATADO;
13/09/2014;SAB;TOTOLOTO;TOTOLOTO;TUDO PRESENTE E BEM DATADO;
14/09/2014;DOM;NENHUM;NENHUM;CALMO (Nenhum Jogo);
15/09/2014;SEG;NENHUM;NENHUM;CALMO (Nenhum Jogo);
16/09/2014;TER;EUROMILLIONS;EUROMILLIONS;TUDO PRESENTE E BEM DATADO;
17/09/2014;QUA;TOTOLOTO;TOTOLOTO;TUDO PRESENTE E BEM DATADO;
18/09/2014;QUI;NENHUM;NENHUM;CALMO (Nenhum Jogo);
19/09/2014;SEX;EUROMILLIONS;EUROMILLIONS;TUDO PRESENTE E BEM DATADO;
20/09/2014;SAB;TOTOLOTO;TOTOLOTO;TUDO PRESENTE E BEM DATADO;
21/09/2014;DOM;NENHUM;NENHUM;CALMO (Nenhum Jogo);
22/09/2014;SEG;NENHUM;NENHUM;CALMO (Nenhum Jogo);
23/09/2014;TER;EUROMILLIONS;EUROMILLIONS;TUDO PRESENTE E BEM DATADO;
24/09/2014;QUA;TOTOLOTO;TOTOLOTO;TUDO PRESENTE E BEM DATADO;
25/09/2014;QUI;NENHUM;NENHUM;CALMO (Nenhum Jogo);
26/09/2014;SEX;EUROMILLIONS;EUROMILLIONS;TUDO PRESENTE E BEM DATADO;
27/09/2014;SAB;TOTOLOTO;TOTOLOTO;TUDO PRESENTE E BEM DATADO;
28/09/2014;DOM;NENHUM;NENHUM;CALMO (Nenhum Jogo);
29/09/2014;SEG;NENHUM;NENHUM;CALMO (Nenhum Jogo);
30/09/2014;TER;EUROMILLIONS;EUROMILLIONS;TUDO PRESENTE E BEM DATADO;
01/10/2014;QUA;TOTOLOTO;TOTOLOTO;TUDO PRESENTE E BEM DATADO;
02/10/2014;QUI;NENHUM;NENHUM;CALMO (Nenhum Jogo);
03/10/2014;SEX;EUROMILLIONS;EUROMILLIONS;TUDO PRESENTE E BEM DATADO;
04/10/2014;SAB;TOTOLOTO;TOTOLOTO;TUDO PRESENTE E BEM DATADO;
05/10/2014;DOM;NENHUM;NENHUM;CALMO (Nenhum Jogo);
06/10/2014;SEG;NENHUM;NENHUM;CALMO (Nenhum Jogo);
07/10/2014;TER;EUROMILLIONS;EUROMILLIONS;TUDO PRESENTE E BEM DATADO;
08/10/2014;QUA;TOTOLOTO;TOTOLOTO;TUDO PRESENTE E BEM DATADO;
09/10/2014;QUI;NENHUM;NENHUM;CALMO (Nenhum Jogo);
10/10/2014;SEX;EUROMILLIONS;EUROMILLIONS;TUDO PRESENTE E BEM DATADO;
11/10/2014;SAB;TOTOLOTO;TOTOLOTO;TUDO PRESENTE E BEM DATADO;
12/10/2014;DOM;NENHUM;NENHUM;CALMO (Nenhum Jogo);
13/10/2014;SEG;NENHUM;NENHUM;CALMO (Nenhum Jogo);
14/10/2014;TER;EUROMILLIONS;EUROMILLIONS;TUDO PRESENTE E BEM DATADO;
15/10/2014;QUA;TOTOLOTO;NENHUM;FALTA;FALTA SORTEIO: TOTOLOTO
16/10/2014;QUI;NENHUM;NENHUM;CALMO (Nenhum Jogo);
17/10/2014;SEX;EUROMILLIONS;EUROMILLIONS;TUDO PRESENTE E BEM DATADO;
18/10/2014;SAB;TOTOLOTO;NENHUM;FALTA;FALTA SORTEIO: TOTOLOTO
19/10/2014;DOM;NENHUM;NENHUM;CALMO (Nenhum Jogo);
20/10/2014;SEG;NENHUM;NENHUM;CALMO (Nenhum Jogo);
21/10/2014;TER;EUROMILLIONS;EUROMILLIONS;TUDO PRESENTE E BEM DATADO;
22/10/2014;QUA;TOTOLOTO;NENHUM;FALTA;FALTA SORTEIO: TOTOLOTO
23/10/2014;QUI;NENHUM;NENHUM;CALMO (Nenhum Jogo);
24/10/2014;SEX;EUROMILLIONS;EUROMILLIONS;TUDO PRESENTE E BEM DATADO;
25/10/2014;SAB;TOTOLOTO;NENHUM;FALTA;FALTA SORTEIO: TOTOLOTO
26/10/2014;DOM;NENHUM;NENHUM;CALMO (Nenhum Jogo);
27/10/2014;SEG;NENHUM;NENHUM;CALMO (Nenhum Jogo);
28/10/2014;TER;EUROMILLIONS;EUROMILLIONS;TUDO PRESENTE E BEM DATADO;
29/10/2014;QUA;TOTOLOTO;NENHUM;FALTA;FALTA SORTEIO: TOTOLOTO
30/10/2014;QUI;NENHUM;NENHUM;CALMO (Nenhum Jogo);
31/10/2014;SEX;EUROMILLIONS;EUROMILLIONS;TUDO PRESENTE E BEM DATADO;
01/11/2014;SAB;TOTOLOTO;NENHUM;FALTA;FALTA SORTEIO: TOTOLOTO
02/11/2014;DOM;NENHUM;NENHUM;CALMO (Nenhum Jogo);
03/11/2014;SEG;NENHUM;NENHUM;CALMO (Nenhum Jogo);
04/11/2014;TER;EUROMILLIONS;EUROMILLIONS;TUDO PRESENTE E BEM DATADO;
05/11/2014;QUA;TOTOLOTO;NENHUM;FALTA;FALTA SORTEIO: TOTOLOTO
06/11/2014;QUI;NENHUM;NENHUM;CALMO (Nenhum Jogo);
07/11/2014;SEX;EUROMILLIONS;EUROMILLIONS;TUDO PRESENTE E BEM DATADO;
08/11/2014;SAB;TOTOLOTO;NENHUM;FALTA;FALTA SORTEIO: TOTOLOTO
09/11/2014;DOM;NENHUM;NENHUM;CALMO (Nenhum Jogo);
10/11/2014;SEG;NENHUM;NENHUM;CALMO (Nenhum Jogo);
11/11/2014;TER;EUROMILLIONS;EUROMILLIONS;TUDO PRESENTE E BEM DATADO;
12/11/2014;QUA;TOTOLOTO;NENHUM;FALTA;FALTA SORTEIO: TOTOLOTO
13/11/2014;QUI;NENHUM;NENHUM;CALMO (Nenhum Jogo);
14/11/2014;SEX;EUROMILLIONS;EUROMILLIONS;TUDO PRESENTE E BEM DATADO;
15/11/2014;SAB;TOTOLOTO;NENHUM;FALTA;FALTA SORTEIO: TOTOLOTO
16/11/2014;DOM;NENHUM;NENHUM;CALMO (Nenhum Jogo);
17/11/2014;SEG;NENHUM;NENHUM;CALMO (Nenhum Jogo);
18/11/2014;TER;EUROMILLIONS;EUROMILLIONS;TUDO PRESENTE E BEM DATADO;
19/11/2014;QUA;TOTOLOTO;NENHUM;FALTA;FALTA SORTEIO: TOTOLOTO
20/11/2014;QUI;NENHUM;NENHUM;CALMO (Nenhum Jogo);
21/11/2014;SEX;EUROMILLIONS;EUROMILLIONS;TUDO PRESENTE E BEM DATADO;
22/11/2014;SAB;TOTOLOTO;NENHUM;FALTA;FALTA SORTEIO: TOTOLOTO
23/11/2014;DOM;NENHUM;NENHUM;CALMO (Nenhum Jogo);
24/11/2014;SEG;NENHUM;NENHUM;CALMO (Nenhum Jogo);
25/11/2014;TER;EUROMILLIONS;EUROMILLIONS;TUDO PRESENTE E BEM DATADO;
26/11/2014;QUA;TOTOLOTO;NENHUM;FALTA;FALTA SORTEIO: TOTOLOTO
27/11/2014;QUI;NENHUM;NENHUM;CALMO (Nenhum Jogo);
28/11/2014;SEX;EUROMILLIONS;EUROMILLIONS;TUDO PRESENTE E BEM DATADO;
29/11/2014;SAB;TOTOLOTO;NENHUM;FALTA;FALTA SORTEIO: TOTOLOTO
30/11/2014;DOM;NENHUM;NENHUM;CALMO (Nenhum Jogo);
01/12/2014;SEG;NENHUM;NENHUM;CALMO (Nenhum Jogo);
02/12/2014;TER;EUROMILLIONS;EUROMILLIONS;TUDO PRESENTE E BEM DATADO;
03/12/2014;QUA;TOTOLOTO;NENHUM;FALTA;FALTA SORTEIO: TOTOLOTO
04/12/2014;QUI;NENHUM;NENHUM;CALMO (Nenhum Jogo);
05/12/2014;SEX;EUROMILLIONS;EUROMILLIONS;TUDO PRESENTE E BEM DATADO;
06/12/2014;SAB;TOTOLOTO;NENHUM;FALTA;FALTA SORTEIO: TOTOLOTO
07/12/2014;DOM;NENHUM;NENHUM;CALMO (Nenhum Jogo);
08/12/2014;SEG;NENHUM;NENHUM;CALMO (Nenhum Jogo);
09/12/2014;TER;EUROMILLIONS;EUROMILLIONS;TUDO PRESENTE E BEM DATADO;
10/12/2014;QUA;TOTOLOTO;NENHUM;FALTA;FALTA SORTEIO: TOTOLOTO
11/12/2014;QUI;NENHUM;NENHUM;CALMO (Nenhum Jogo);
12/12/2014;SEX;EUROMILLIONS;EUROMILLIONS;TUDO PRESENTE E BEM DATADO;
13/12/2014;SAB;TOTOLOTO;NENHUM;FALTA;FALTA SORTEIO: TOTOLOTO
14/12/2014;DOM;NENHUM;NENHUM;CALMO (Nenhum Jogo);
15/12/2014;SEG;NENHUM;NENHUM;CALMO (Nenhum Jogo);
16/12/2014;TER;EUROMILLIONS;EUROMILLIONS;TUDO PRESENTE E BEM DATADO;
17/12/2014;QUA;TOTOLOTO;NENHUM;FALTA;FALTA SORTEIO: TOTOLOTO
18/12/2014;QUI;NENHUM;NENHUM;CALMO (Nenhum Jogo);
19/12/2014;SEX;EUROMILLIONS;EUROMILLIONS;TUDO PRESENTE E BEM DATADO;
20/12/2014;SAB;TOTOLOTO;NENHUM;FALTA;FALTA SORTEIO: TOTOLOTO
21/12/2014;DOM;NENHUM;NENHUM;CALMO (Nenhum Jogo);
22/12/2014;SEG;NENHUM;NENHUM;CALMO (Nenhum Jogo);
23/12/2014;TER;EUROMILLIONS;EUROMILLIONS;TUDO PRESENTE E BEM DATADO;
24/12/2014;QUA;TOTOLOTO;NENHUM;FALTA;FALTA SORTEIO: TOTOLOTO
25/12/2014;QUI;NENHUM;NENHUM;CALMO (Nenhum Jogo);
26/12/2014;SEX;EUROMILLIONS;EUROMILLIONS;TUDO PRESENTE E BEM DATADO;
27/12/2014;SAB;TOTOLOTO;NENHUM;FALTA;FALTA SORTEIO: TOTOLOTO
28/12/2014;DOM;NENHUM;NENHUM;CALMO (Nenhum Jogo);
29/12/2014;SEG;NENHUM;NENHUM;CALMO (Nenhum Jogo);
30/12/2014;TER;EUROMILLIONS;EUROMILLIONS;TUDO PRESENTE E BEM DATADO;
31/12/2014;QUA;TOTOLOTO;NENHUM;FALTA;FALTA SORTEIO: TOTOLOTO
01/01/2015;QUI;NENHUM;NENHUM;CALMO (Nenhum Jogo);
02/01/2015;SEX;EUROMILLIONS;EUROMILLIONS;TUDO PRESENTE E BEM DATADO;
03/01/2015;SAB;TOTOLOTO;TOTOLOTO;TUDO PRESENTE E BEM DATADO;
04/01/2015;DOM;NENHUM;NENHUM;CALMO (Nenhum Jogo);
05/01/2015;SEG;NENHUM;NENHUM;CALMO (Nenhum Jogo);
06/01/2015;TER;EUROMILLIONS;EUROMILLIONS;TUDO PRESENTE E BEM DATADO;
07/01/2015;QUA;TOTOLOTO;TOTOLOTO;TUDO PRESENTE E BEM DATADO;
08/01/2015;QUI;NENHUM;NENHUM;CALMO (Nenhum Jogo);
09/01/2015;SEX;EUROMILLIONS;EUROMILLIONS;TUDO PRESENTE E BEM DATADO;
10/01/2015;SAB;TOTOLOTO;TOTOLOTO;TUDO PRESENTE E BEM DATADO;
11/01/2015;DOM;NENHUM;NENHUM;CALMO (Nenhum Jogo);
12/01/2015;SEG;NENHUM;NENHUM;CALMO (Nenhum Jogo);
13/01/2015;TER;EUROMILLIONS;EUROMILLIONS;TUDO PRESENTE E BEM DATADO;
14/01/2015;QUA;TOTOLOTO;TOTOLOTO;TUDO PRESENTE E BEM DATADO;
15/01/2015;QUI;NENHUM;NENHUM;CALMO (Nenhum Jogo);
16/01/2015;SEX;EUROMILLIONS;EUROMILLIONS;TUDO PRESENTE E BEM DATADO;
17/01/2015;SAB;TOTOLOTO;TOTOLOTO;TUDO PRESENTE E BEM DATADO;
18/01/2015;DOM;NENHUM;NENHUM;CALMO (Nenhum Jogo);
19/01/2015;SEG;NENHUM;NENHUM;CALMO (Nenhum Jogo);
20/01/2015;TER;EUROMILLIONS;EUROMILLIONS;TUDO PRESENTE E BEM DATADO;
21/01/2015;QUA;TOTOLOTO;TOTOLOTO;TUDO PRESENTE E BEM DATADO;
22/01/2015;QUI;NENHUM;NENHUM;CALMO (Nenhum Jogo);
23/01/2015;SEX;EUROMILLIONS;EUROMILLIONS;TUDO PRESENTE E BEM DATADO;
24/01/2015;SAB;TOTOLOTO;TOTOLOTO;TUDO PRESENTE E BEM DATADO;
25/01/2015;DOM;NENHUM;NENHUM;CALMO (Nenhum Jogo);
26/01/2015;SEG;NENHUM;NENHUM;CALMO (Nenhum Jogo);
27/01/2015;TER;EUROMILLIONS;EUROMILLIONS;TUDO PRESENTE E BEM DATADO;
28/01/2015;QUA;TOTOLOTO;TOTOLOTO;TUDO PRESENTE E BEM DATADO;
29/01/2015;QUI;NENHUM;NENHUM;CALMO (Nenhum Jogo);
30/01/2015;SEX;EUROMILLIONS;EUROMILLIONS;TUDO PRESENTE E BEM DATADO;
31/01/2015;SAB;TOTOLOTO;TOTOLOTO;TUDO PRESENTE E BEM DATADO;
01/02/2015;DOM;NENHUM;NENHUM;CALMO (Nenhum Jogo);
02/02/2015;SEG;NENHUM;NENHUM;CALMO (Nenhum Jogo);
03/02/2015;TER;EUROMILLIONS;EUROMILLIONS;TUDO PRESENTE E BEM DATADO;
04/02/2015;QUA;TOTOLOTO;TOTOLOTO;TUDO PRESENTE E BEM DATADO;
05/02/2015;QUI;NENHUM;NENHUM;CALMO (Nenhum Jogo);
06/02/2015;SEX;EUROMILLIONS;EUROMILLIONS;TUDO PRESENTE E BEM DATADO;
07/02/2015;SAB;TOTOLOTO;TOTOLOTO;TUDO PRESENTE E BEM DATADO;
08/02/2015;DOM;NENHUM;NENHUM;CALMO (Nenhum Jogo);
09/02/2015;SEG;NENHUM;NENHUM;CALMO (Nenhum Jogo);
10/02/2015;TER;EUROMILLIONS;EUROMILLIONS;TUDO PRESENTE E BEM DATADO;
11/02/2015;QUA;TOTOLOTO;TOTOLOTO;TUDO PRESENTE E BEM DATADO;
12/02/2015;QUI;NENHUM;NENHUM;CALMO (Nenhum Jogo);
13/02/2015;SEX;EUROMILLIONS;EUROMILLIONS;TUDO PRESENTE E BEM DATADO;
14/02/2015;SAB;TOTOLOTO;TOTOLOTO;TUDO PRESENTE E BEM DATADO;
15/02/2015;DOM;NENHUM;NENHUM;CALMO (Nenhum Jogo);
16/02/2015;SEG;NENHUM;NENHUM;CALMO (Nenhum Jogo);
17/02/2015;TER;EUROMILLIONS;EUROMILLIONS;TUDO PRESENTE E BEM DATADO;
18/02/2015;QUA;TOTOLOTO;TOTOLOTO;TUDO PRESENTE E BEM DATADO;
19/02/2015;QUI;NENHUM;NENHUM;CALMO (Nenhum Jogo);
20/02/2015;SEX;EUROMILLIONS;EUROMILLIONS;TUDO PRESENTE E BEM DATADO;
21/02/2015;SAB;TOTOLOTO;TOTOLOTO;TUDO PRESENTE E BEM DATADO;
22/02/2015;DOM;NENHUM;NENHUM;CALMO (Nenhum Jogo);
23/02/2015;SEG;NENHUM;NENHUM;CALMO (Nenhum Jogo);
24/02/2015;TER;EUROMILLIONS;EUROMILLIONS;TUDO PRESENTE E BEM DATADO;
25/02/2015;QUA;TOTOLOTO;TOTOLOTO;TUDO PRESENTE E BEM DATADO;
26/02/2015;QUI;NENHUM;NENHUM;CALMO (Nenhum Jogo);
27/02/2015;SEX;EUROMILLIONS;EUROMILLIONS;TUDO PRESENTE E BEM DATADO;
28/02/2015;SAB;TOTOLOTO;TOTOLOTO;TUDO PRESENTE E BEM DATADO;
01/03/2015;DOM;NENHUM;NENHUM;CALMO (Nenhum Jogo);
02/03/2015;SEG;NENHUM;NENHUM;CALMO (Nenhum Jogo);
03/03/2015;TER;EUROMILLIONS;EUROMILLIONS;TUDO PRESENTE E BEM DATADO;
04/03/2015;QUA;TOTOLOTO;TOTOLOTO;TUDO PRESENTE E BEM DATADO;
05/03/2015;QUI;NENHUM;NENHUM;CALMO (Nenhum Jogo);
06/03/2015;SEX;EUROMILLIONS;EUROMILLIONS;TUDO PRESENTE E BEM DATADO;
07/03/2015;SAB;TOTOLOTO;TOTOLOTO;TUDO PRESENTE E BEM DATADO;
08/03/2015;DOM;NENHUM;NENHUM;CALMO (Nenhum Jogo);
09/03/2015;SEG;NENHUM;NENHUM;CALMO (Nenhum Jogo);
10/03/2015;TER;EUROMILLIONS;EUROMILLIONS;TUDO PRESENTE E BEM DATADO;
11/03/2015;QUA;TOTOLOTO;TOTOLOTO;TUDO PRESENTE E BEM DATADO;
12/03/2015;QUI;NENHUM;NENHUM;CALMO (Nenhum Jogo);
13/03/2015;SEX;EUROMILLIONS;EUROMILLIONS;TUDO PRESENTE E BEM DATADO;
14/03/2015;SAB;TOTOLOTO;TOTOLOTO;TUDO PRESENTE E BEM DATADO;
15/03/2015;DOM;NENHUM;NENHUM;CALMO (Nenhum Jogo);
16/03/2015;SEG;NENHUM;NENHUM;CALMO (Nenhum Jogo);
17/03/2015;TER;EUROMILLIONS;EUROMILLIONS;TUDO PRESENTE E BEM DATADO;
18/03/2015;QUA;TOTOLOTO;TOTOLOTO;TUDO PRESENTE E BEM DATADO;
19/03/2015;QUI;NENHUM;NENHUM;CALMO (Nenhum Jogo);
20/03/2015;SEX;EUROMILLIONS;EUROMILLIONS;TUDO PRESENTE E BEM DATADO;
21/03/2015;SAB;TOTOLOTO;TOTOLOTO;TUDO PRESENTE E BEM DATADO;
22/03/2015;DOM;NENHUM;NENHUM;CALMO (Nenhum Jogo);
23/03/2015;SEG;NENHUM;NENHUM;CALMO (Nenhum Jogo);
24/03/2015;TER;EUROMILLIONS;EUROMILLIONS;TUDO PRESENTE E BEM DATADO;
25/03/2015;QUA;TOTOLOTO;TOTOLOTO;TUDO PRESENTE E BEM DATADO;
26/03/2015;QUI;NENHUM;NENHUM;CALMO (Nenhum Jogo);
27/03/2015;SEX;EUROMILLIONS;EUROMILLIONS;TUDO PRESENTE E BEM DATADO;
28/03/2015;SAB;TOTOLOTO;TOTOLOTO;TUDO PRESENTE E BEM DATADO;
29/03/2015;DOM;NENHUM;NENHUM;CALMO (Nenhum Jogo);
30/03/2015;SEG;NENHUM;NENHUM;CALMO (Nenhum Jogo);
31/03/2015;TER;EUROMILLIONS;EUROMILLIONS;TUDO PRESENTE E BEM DATADO;
01/04/2015;QUA;TOTOLOTO;TOTOLOTO;TUDO PRESENTE E BEM DATADO;
02/04/2015;QUI;NENHUM;NENHUM;CALMO (Nenhum Jogo);
03/04/2015;SEX;EUROMILLIONS;EUROMILLIONS;TUDO PRESENTE E BEM DATADO;
04/04/2015;SAB;TOTOLOTO;TOTOLOTO;TUDO PRESENTE E BEM DATADO;
05/04/2015;DOM;NENHUM;NENHUM;CALMO (Nenhum Jogo);
06/04/2015;SEG;NENHUM;NENHUM;CALMO (Nenhum Jogo);
07/04/2015;TER;EUROMILLIONS;EUROMILLIONS;TUDO PRESENTE E BEM DATADO;
08/04/2015;QUA;TOTOLOTO;TOTOLOTO;TUDO PRESENTE E BEM DATADO;
09/04/2015;QUI;NENHUM;NENHUM;CALMO (Nenhum Jogo);
10/04/2015;SEX;EUROMILLIONS;EUROMILLIONS;TUDO PRESENTE E BEM DATADO;
11/04/2015;SAB;TOTOLOTO;TOTOLOTO;TUDO PRESENTE E BEM DATADO;
12/04/2015;DOM;NENHUM;NENHUM;CALMO (Nenhum Jogo);
13/04/2015;SEG;NENHUM;NENHUM;CALMO (Nenhum Jogo);
14/04/2015;TER;EUROMILLIONS;EUROMILLIONS;TUDO PRESENTE E BEM DATADO;
15/04/2015;QUA;TOTOLOTO;TOTOLOTO;TUDO PRESENTE E BEM DATADO;
16/04/2015;QUI;NENHUM;NENHUM;CALMO (Nenhum Jogo);
17/04/2015;SEX;EUROMILLIONS;EUROMILLIONS;TUDO PRESENTE E BEM DATADO;
18/04/2015;SAB;TOTOLOTO;TOTOLOTO;TUDO PRESENTE E BEM DATADO;
19/04/2015;DOM;NENHUM;NENHUM;CALMO (Nenhum Jogo);
20/04/2015;SEG;NENHUM;NENHUM;CALMO (Nenhum Jogo);
21/04/2015;TER;EUROMILLIONS;EUROMILLIONS;TUDO PRESENTE E BEM DATADO;
22/04/2015;QUA;TOTOLOTO;TOTOLOTO;TUDO PRESENTE E BEM DATADO;
23/04/2015;QUI;NENHUM;NENHUM;CALMO (Nenhum Jogo);
24/04/2015;SEX;EUROMILLIONS;EUROMILLIONS;TUDO PRESENTE E BEM DATADO;
25/04/2015;SAB;TOTOLOTO;TOTOLOTO;TUDO PRESENTE E BEM DATADO;
26/04/2015;DOM;NENHUM;NENHUM;CALMO (Nenhum Jogo);
27/04/2015;SEG;NENHUM;NENHUM;CALMO (Nenhum Jogo);
28/04/2015;TER;EUROMILLIONS;EUROMILLIONS;TUDO PRESENTE E BEM DATADO;
29/04/2015;QUA;TOTOLOTO;TOTOLOTO;TUDO PRESENTE E BEM DATADO;
30/04/2015;QUI;NENHUM;NENHUM;CALMO (Nenhum Jogo);
01/05/2015;SEX;EUROMILLIONS;EUROMILLIONS;TUDO PRESENTE E BEM DATADO;
02/05/2015;SAB;TOTOLOTO;TOTOLOTO;TUDO PRESENTE E BEM DATADO;
03/05/2015;DOM;NENHUM;NENHUM;CALMO (Nenhum Jogo);
04/05/2015;SEG;NENHUM;NENHUM;CALMO (Nenhum Jogo);
05/05/2015;TER;EUROMILLIONS;EUROMILLIONS;TUDO PRESENTE E BEM DATADO;
06/05/2015;QUA;TOTOLOTO;TOTOLOTO;TUDO PRESENTE E BEM DATADO;
07/05/2015;QUI;NENHUM;NENHUM;CALMO (Nenhum Jogo);
08/05/2015;SEX;EUROMILLIONS;EUROMILLIONS;TUDO PRESENTE E BEM DATADO;
09/05/2015;SAB;TOTOLOTO;TOTOLOTO;TUDO PRESENTE E BEM DATADO;
10/05/2015;DOM;NENHUM;NENHUM;CALMO (Nenhum Jogo);
11/05/2015;SEG;NENHUM;NENHUM;CALMO (Nenhum Jogo);
12/05/2015;TER;EUROMILLIONS;EUROMILLIONS;TUDO PRESENTE E BEM DATADO;
13/05/2015;QUA;TOTOLOTO;TOTOLOTO;TUDO PRESENTE E BEM DATADO;
14/05/2015;QUI;NENHUM;NENHUM;CALMO (Nenhum Jogo);
15/05/2015;SEX;EUROMILLIONS;EUROMILLIONS;TUDO PRESENTE E BEM DATADO;
16/05/2015;SAB;TOTOLOTO;TOTOLOTO;TUDO PRESENTE E BEM DATADO;
17/05/2015;DOM;NENHUM;NENHUM;CALMO (Nenhum Jogo);
18/05/2015;SEG;NENHUM;NENHUM;CALMO (Nenhum Jogo);
19/05/2015;TER;EUROMILLIONS;EUROMILLIONS;TUDO PRESENTE E BEM DATADO;
20/05/2015;QUA;TOTOLOTO;TOTOLOTO;TUDO PRESENTE E BEM DATADO;
21/05/2015;QUI;NENHUM;NENHUM;CALMO (Nenhum Jogo);
22/05/2015;SEX;EUROMILLIONS;EUROMILLIONS;TUDO PRESENTE E BEM DATADO;
23/05/2015;SAB;TOTOLOTO;TOTOLOTO;TUDO PRESENTE E BEM DATADO;
24/05/2015;DOM;NENHUM;NENHUM;CALMO (Nenhum Jogo);
25/05/2015;SEG;NENHUM;NENHUM;CALMO (Nenhum Jogo);
26/05/2015;TER;EUROMILLIONS;EUROMILLIONS;TUDO PRESENTE E BEM DATADO;
27/05/2015;QUA;TOTOLOTO;TOTOLOTO;TUDO PRESENTE E BEM DATADO;
28/05/2015;QUI;NENHUM;NENHUM;CALMO (Nenhum Jogo);
29/05/2015;SEX;EUROMILLIONS;EUROMILLIONS;TUDO PRESENTE E BEM DATADO;
30/05/2015;SAB;TOTOLOTO;TOTOLOTO;TUDO PRESENTE E BEM DATADO;
31/05/2015;DOM;NENHUM;NENHUM;CALMO (Nenhum Jogo);
01/06/2015;SEG;NENHUM;NENHUM;CALMO (Nenhum Jogo);
02/06/2015;TER;EUROMILLIONS;EUROMILLIONS;TUDO PRESENTE E BEM DATADO;
03/06/2015;QUA;TOTOLOTO;TOTOLOTO;TUDO PRESENTE E BEM DATADO;
04/06/2015;QUI;NENHUM;NENHUM;CALMO (Nenhum Jogo);
05/06/2015;SEX;EUROMILLIONS;EUROMILLIONS;TUDO PRESENTE E BEM DATADO;
06/06/2015;SAB;TOTOLOTO;TOTOLOTO;TUDO PRESENTE E BEM DATADO;
07/06/2015;DOM;NENHUM;NENHUM;CALMO (Nenhum Jogo);
08/06/2015;SEG;NENHUM;NENHUM;CALMO (Nenhum Jogo);
09/06/2015;TER;EUROMILLIONS;EUROMILLIONS;TUDO PRESENTE E BEM DATADO;
10/06/2015;QUA;TOTOLOTO;TOTOLOTO;TUDO PRESENTE E BEM DATADO;
11/06/2015;QUI;NENHUM;NENHUM;CALMO (Nenhum Jogo);
12/06/2015;SEX;EUROMILLIONS;EUROMILLIONS;TUDO PRESENTE E BEM DATADO;
13/06/2015;SAB;TOTOLOTO;TOTOLOTO;TUDO PRESENTE E BEM DATADO;
14/06/2015;DOM;NENHUM;NENHUM;CALMO (Nenhum Jogo);
15/06/2015;SEG;NENHUM;NENHUM;CALMO (Nenhum Jogo);
16/06/2015;TER;EUROMILLIONS;EUROMILLIONS;TUDO PRESENTE E BEM DATADO;
17/06/2015;QUA;TOTOLOTO;TOTOLOTO;TUDO PRESENTE E BEM DATADO;
18/06/2015;QUI;NENHUM;NENHUM;CALMO (Nenhum Jogo);
19/06/2015;SEX;EUROMILLIONS;EUROMILLIONS;TUDO PRESENTE E BEM DATADO;
20/06/2015;SAB;TOTOLOTO;TOTOLOTO;TUDO PRESENTE E BEM DATADO;
21/06/2015;DOM;NENHUM;NENHUM;CALMO (Nenhum Jogo);
22/06/2015;SEG;NENHUM;NENHUM;CALMO (Nenhum Jogo);
23/06/2015;TER;EUROMILLIONS;EUROMILLIONS;TUDO PRESENTE E BEM DATADO;
24/06/2015;QUA;TOTOLOTO;TOTOLOTO;TUDO PRESENTE E BEM DATADO;
25/06/2015;QUI;NENHUM;NENHUM;CALMO (Nenhum Jogo);
26/06/2015;SEX;EUROMILLIONS;EUROMILLIONS;TUDO PRESENTE E BEM DATADO;
27/06/2015;SAB;TOTOLOTO;TOTOLOTO;TUDO PRESENTE E BEM DATADO;
28/06/2015;DOM;NENHUM;NENHUM;CALMO (Nenhum Jogo);
29/06/2015;SEG;NENHUM;NENHUM;CALMO (Nenhum Jogo);
30/06/2015;TER;EUROMILLIONS;EUROMILLIONS;TUDO PRESENTE E BEM DATADO;
01/07/2015;QUA;TOTOLOTO;TOTOLOTO;TUDO PRESENTE E BEM DATADO;
02/07/2015;QUI;NENHUM;NENHUM;CALMO (Nenhum Jogo);
03/07/2015;SEX;EUROMILLIONS;EUROMILLIONS;TUDO PRESENTE E BEM DATADO;
04/07/2015;SAB;TOTOLOTO;TOTOLOTO;TUDO PRESENTE E BEM DATADO;
05/07/2015;DOM;NENHUM;NENHUM;CALMO (Nenhum Jogo);
06/07/2015;SEG;NENHUM;NENHUM;CALMO (Nenhum Jogo);
07/07/2015;TER;EUROMILLIONS;EUROMILLIONS;TUDO PRESENTE E BEM DATADO;
08/07/2015;QUA;TOTOLOTO;TOTOLOTO;TUDO PRESENTE E BEM DATADO;
09/07/2015;QUI;NENHUM;NENHUM;CALMO (Nenhum Jogo);
10/07/2015;SEX;EUROMILLIONS;EUROMILLIONS;TUDO PRESENTE E BEM DATADO;
11/07/2015;SAB;TOTOLOTO;TOTOLOTO;TUDO PRESENTE E BEM DATADO;
12/07/2015;DOM;NENHUM;NENHUM;CALMO (Nenhum Jogo);
13/07/2015;SEG;NENHUM;NENHUM;CALMO (Nenhum Jogo);
14/07/2015;TER;EUROMILLIONS;EUROMILLIONS;TUDO PRESENTE E BEM DATADO;
15/07/2015;QUA;TOTOLOTO;TOTOLOTO;TUDO PRESENTE E BEM DATADO;
16/07/2015;QUI;NENHUM;NENHUM;CALMO (Nenhum Jogo);
17/07/2015;SEX;EUROMILLIONS;EUROMILLIONS;TUDO PRESENTE E BEM DATADO;
18/07/2015;SAB;TOTOLOTO;TOTOLOTO;TUDO PRESENTE E BEM DATADO;
19/07/2015;DOM;NENHUM;NENHUM;CALMO (Nenhum Jogo);
20/07/2015;SEG;NENHUM;NENHUM;CALMO (Nenhum Jogo);
21/07/2015;TER;EUROMILLIONS;EUROMILLIONS;TUDO PRESENTE E BEM DATADO;
22/07/2015;QUA;TOTOLOTO;TOTOLOTO;TUDO PRESENTE E BEM DATADO;
23/07/2015;QUI;NENHUM;NENHUM;CALMO (Nenhum Jogo);
24/07/2015;SEX;EUROMILLIONS;EUROMILLIONS;TUDO PRESENTE E BEM DATADO;
25/07/2015;SAB;TOTOLOTO;TOTOLOTO;TUDO PRESENTE E BEM DATADO;
26/07/2015;DOM;NENHUM;NENHUM;CALMO (Nenhum Jogo);
27/07/2015;SEG;NENHUM;NENHUM;CALMO (Nenhum Jogo);
28/07/2015;TER;EUROMILLIONS;EUROMILLIONS;TUDO PRESENTE E BEM DATADO;
29/07/2015;QUA;TOTOLOTO;TOTOLOTO;TUDO PRESENTE E BEM DATADO;
30/07/2015;QUI;NENHUM;NENHUM;CALMO (Nenhum Jogo);
31/07/2015;SEX;EUROMILLIONS;EUROMILLIONS;TUDO PRESENTE E BEM DATADO;
01/08/2015;SAB;TOTOLOTO;TOTOLOTO;TUDO PRESENTE E BEM DATADO;
02/08/2015;DOM;NENHUM;NENHUM;CALMO (Nenhum Jogo);
03/08/2015;SEG;NENHUM;NENHUM;CALMO (Nenhum Jogo);
04/08/2015;TER;EUROMILLIONS;EUROMILLIONS;TUDO PRESENTE E BEM DATADO;
05/08/2015;QUA;TOTOLOTO;TOTOLOTO;TUDO PRESENTE E BEM DATADO;
06/08/2015;QUI;NENHUM;NENHUM;CALMO (Nenhum Jogo);
07/08/2015;SEX;EUROMILLIONS;EUROMILLIONS;TUDO PRESENTE E BEM DATADO;
08/08/2015;SAB;TOTOLOTO;TOTOLOTO;TUDO PRESENTE E BEM DATADO;
09/08/2015;DOM;NENHUM;NENHUM;CALMO (Nenhum Jogo);
10/08/2015;SEG;NENHUM;NENHUM;CALMO (Nenhum Jogo);
11/08/2015;TER;EUROMILLIONS;EUROMILLIONS;TUDO PRESENTE E BEM DATADO;
12/08/2015;QUA;TOTOLOTO;TOTOLOTO;TUDO PRESENTE E BEM DATADO;
13/08/2015;QUI;NENHUM;NENHUM;CALMO (Nenhum Jogo);
14/08/2015;SEX;EUROMILLIONS;EUROMILLIONS;TUDO PRESENTE E BEM DATADO;
15/08/2015;SAB;TOTOLOTO;TOTOLOTO;TUDO PRESENTE E BEM DATADO;
16/08/2015;DOM;NENHUM;NENHUM;CALMO (Nenhum Jogo);
17/08/2015;SEG;NENHUM;NENHUM;CALMO (Nenhum Jogo);
18/08/2015;TER;EUROMILLIONS;EUROMILLIONS;TUDO PRESENTE E BEM DATADO;
19/08/2015;QUA;TOTOLOTO;TOTOLOTO;TUDO PRESENTE E BEM DATADO;
20/08/2015;QUI;NENHUM;NENHUM;CALMO (Nenhum Jogo);
21/08/2015;SEX;EUROMILLIONS;EUROMILLIONS;TUDO PRESENTE E BEM DATADO;
22/08/2015;SAB;TOTOLOTO;TOTOLOTO;TUDO PRESENTE E BEM DATADO;
23/08/2015;DOM;NENHUM;NENHUM;CALMO (Nenhum Jogo);
24/08/2015;SEG;NENHUM;NENHUM;CALMO (Nenhum Jogo);
25/08/2015;TER;EUROMILLIONS;EUROMILLIONS;TUDO PRESENTE E BEM DATADO;
26/08/2015;QUA;TOTOLOTO;TOTOLOTO;TUDO PRESENTE E BEM DATADO;
27/08/2015;QUI;NENHUM;NENHUM;CALMO (Nenhum Jogo);
28/08/2015;SEX;EUROMILLIONS;EUROMILLIONS;TUDO PRESENTE E BEM DATADO;
29/08/2015;SAB;TOTOLOTO;TOTOLOTO;TUDO PRESENTE E BEM DATADO;
30/08/2015;DOM;NENHUM;NENHUM;CALMO (Nenhum Jogo);
31/08/2015;SEG;NENHUM;NENHUM;CALMO (Nenhum Jogo);
01/09/2015;TER;EUROMILLIONS;EUROMILLIONS;TUDO PRESENTE E BEM DATADO;
02/09/2015;QUA;TOTOLOTO;TOTOLOTO;TUDO PRESENTE E BEM DATADO;
03/09/2015;QUI;NENHUM;NENHUM;CALMO (Nenhum Jogo);
04/09/2015;SEX;EUROMILLIONS;EUROMILLIONS;TUDO PRESENTE E BEM DATADO;
05/09/2015;SAB;TOTOLOTO;TOTOLOTO;TUDO PRESENTE E BEM DATADO;
06/09/2015;DOM;NENHUM;NENHUM;CALMO (Nenhum Jogo);
07/09/2015;SEG;NENHUM;NENHUM;CALMO (Nenhum Jogo);
08/09/2015;TER;EUROMILLIONS;EUROMILLIONS;TUDO PRESENTE E BEM DATADO;
09/09/2015;QUA;TOTOLOTO;TOTOLOTO;TUDO PRESENTE E BEM DATADO;
10/09/2015;QUI;NENHUM;NENHUM;CALMO (Nenhum Jogo);
11/09/2015;SEX;EUROMILLIONS;EUROMILLIONS;TUDO PRESENTE E BEM DATADO;
12/09/2015;SAB;TOTOLOTO;TOTOLOTO;TUDO PRESENTE E BEM DATADO;
13/09/2015;DOM;NENHUM;NENHUM;CALMO (Nenhum Jogo);
14/09/2015;SEG;NENHUM;NENHUM;CALMO (Nenhum Jogo);
15/09/2015;TER;EUROMILLIONS;EUROMILLIONS;TUDO PRESENTE E BEM DATADO;
16/09/2015;QUA;TOTOLOTO;TOTOLOTO;TUDO PRESENTE E BEM DATADO;
17/09/2015;QUI;NENHUM;NENHUM;CALMO (Nenhum Jogo);
18/09/2015;SEX;EUROMILLIONS;EUROMILLIONS;TUDO PRESENTE E BEM DATADO;
19/09/2015;SAB;TOTOLOTO;TOTOLOTO;TUDO PRESENTE E BEM DATADO;
20/09/2015;DOM;NENHUM;NENHUM;CALMO (Nenhum Jogo);
21/09/2015;SEG;NENHUM;NENHUM;CALMO (Nenhum Jogo);
22/09/2015;TER;EUROMILLIONS;EUROMILLIONS;TUDO PRESENTE E BEM DATADO;
23/09/2015;QUA;TOTOLOTO;TOTOLOTO;TUDO PRESENTE E BEM DATADO;
24/09/2015;QUI;NENHUM;NENHUM;CALMO (Nenhum Jogo);
25/09/2015;SEX;EUROMILLIONS;EUROMILLIONS;TUDO PRESENTE E BEM DATADO;
26/09/2015;SAB;TOTOLOTO;TOTOLOTO;TUDO PRESENTE E BEM DATADO;
27/09/2015;DOM;NENHUM;NENHUM;CALMO (Nenhum Jogo);
28/09/2015;SEG;NENHUM;NENHUM;CALMO (Nenhum Jogo);
29/09/2015;TER;EUROMILLIONS;EUROMILLIONS;TUDO PRESENTE E BEM DATADO;
30/09/2015;QUA;TOTOLOTO;TOTOLOTO;TUDO PRESENTE E BEM DATADO;
01/10/2015;QUI;NENHUM;NENHUM;CALMO (Nenhum Jogo);
02/10/2015;SEX;EUROMILLIONS;EUROMILLIONS;TUDO PRESENTE E BEM DATADO;
03/10/2015;SAB;TOTOLOTO;TOTOLOTO;TUDO PRESENTE E BEM DATADO;
04/10/2015;DOM;NENHUM;NENHUM;CALMO (Nenhum Jogo);
05/10/2015;SEG;NENHUM;NENHUM;CALMO (Nenhum Jogo);
06/10/2015;TER;EUROMILLIONS;EUROMILLIONS;TUDO PRESENTE E BEM DATADO;
07/10/2015;QUA;TOTOLOTO;TOTOLOTO;TUDO PRESENTE E BEM DATADO;
08/10/2015;QUI;NENHUM;NENHUM;CALMO (Nenhum Jogo);
09/10/2015;SEX;EUROMILLIONS;EUROMILLIONS;TUDO PRESENTE E BEM DATADO;
10/10/2015;SAB;TOTOLOTO;TOTOLOTO;TUDO PRESENTE E BEM DATADO;
11/10/2015;DOM;NENHUM;NENHUM;CALMO (Nenhum Jogo);
12/10/2015;SEG;NENHUM;NENHUM;CALMO (Nenhum Jogo);
13/10/2015;TER;EUROMILLIONS;EUROMILLIONS;TUDO PRESENTE E BEM DATADO;
14/10/2015;QUA;TOTOLOTO;TOTOLOTO;TUDO PRESENTE E BEM DATADO;
15/10/2015;QUI;NENHUM;NENHUM;CALMO (Nenhum Jogo);
16/10/2015;SEX;EUROMILLIONS;EUROMILLIONS;TUDO PRESENTE E BEM DATADO;
17/10/2015;SAB;TOTOLOTO;TOTOLOTO;TUDO PRESENTE E BEM DATADO;
18/10/2015;DOM;NENHUM;NENHUM;CALMO (Nenhum Jogo);
19/10/2015;SEG;NENHUM;NENHUM;CALMO (Nenhum Jogo);
20/10/2015;TER;EUROMILLIONS;EUROMILLIONS;TUDO PRESENTE E BEM DATADO;
21/10/2015;QUA;TOTOLOTO;TOTOLOTO;TUDO PRESENTE E BEM DATADO;
22/10/2015;QUI;NENHUM;NENHUM;CALMO (Nenhum Jogo);
23/10/2015;SEX;EUROMILLIONS;EUROMILLIONS;TUDO PRESENTE E BEM DATADO;
24/10/2015;SAB;TOTOLOTO;TOTOLOTO;TUDO PRESENTE E BEM DATADO;
25/10/2015;DOM;NENHUM;NENHUM;CALMO (Nenhum Jogo);
26/10/2015;SEG;NENHUM;NENHUM;CALMO (Nenhum Jogo);
27/10/2015;TER;EUROMILLIONS;EUROMILLIONS;TUDO PRESENTE E BEM DATADO;
28/10/2015;QUA;TOTOLOTO;TOTOLOTO;TUDO PRESENTE E BEM DATADO;
29/10/2015;QUI;NENHUM;NENHUM;CALMO (Nenhum Jogo);
30/10/2015;SEX;EUROMILLIONS;EUROMILLIONS;TUDO PRESENTE E BEM DATADO;
31/10/2015;SAB;TOTOLOTO;TOTOLOTO;TUDO PRESENTE E BEM DATADO;
01/11/2015;DOM;NENHUM;NENHUM;CALMO (Nenhum Jogo);
02/11/2015;SEG;NENHUM;NENHUM;CALMO (Nenhum Jogo);
03/11/2015;TER;EUROMILLIONS;EUROMILLIONS;TUDO PRESENTE E BEM DATADO;
04/11/2015;QUA;TOTOLOTO;TOTOLOTO;TUDO PRESENTE E BEM DATADO;
05/11/2015;QUI;NENHUM;NENHUM;CALMO (Nenhum Jogo);
06/11/2015;SEX;EUROMILLIONS;EUROMILLIONS;TUDO PRESENTE E BEM DATADO;
07/11/2015;SAB;TOTOLOTO;TOTOLOTO;TUDO PRESENTE E BEM DATADO;
08/11/2015;DOM;NENHUM;NENHUM;CALMO (Nenhum Jogo);
09/11/2015;SEG;NENHUM;NENHUM;CALMO (Nenhum Jogo);
10/11/2015;TER;EUROMILLIONS;EUROMILLIONS;TUDO PRESENTE E BEM DATADO;
11/11/2015;QUA;TOTOLOTO;TOTOLOTO;TUDO PRESENTE E BEM DATADO;
12/11/2015;QUI;NENHUM;NENHUM;CALMO (Nenhum Jogo);
13/11/2015;SEX;EUROMILLIONS;EUROMILLIONS;TUDO PRESENTE E BEM DATADO;
14/11/2015;SAB;TOTOLOTO;TOTOLOTO;TUDO PRESENTE E BEM DATADO;
15/11/2015;DOM;NENHUM;NENHUM;CALMO (Nenhum Jogo);
16/11/2015;SEG;NENHUM;NENHUM;CALMO (Nenhum Jogo);
17/11/2015;TER;EUROMILLIONS;EUROMILLIONS;TUDO PRESENTE E BEM DATADO;
18/11/2015;QUA;TOTOLOTO;TOTOLOTO;TUDO PRESENTE E BEM DATADO;
19/11/2015;QUI;NENHUM;NENHUM;CALMO (Nenhum Jogo);
20/11/2015;SEX;EUROMILLIONS;EUROMILLIONS;TUDO PRESENTE E BEM DATADO;
21/11/2015;SAB;TOTOLOTO;TOTOLOTO;TUDO PRESENTE E BEM DATADO;
22/11/2015;DOM;NENHUM;NENHUM;CALMO (Nenhum Jogo);
23/11/2015;SEG;NENHUM;NENHUM;CALMO (Nenhum Jogo);
24/11/2015;TER;EUROMILLIONS;EUROMILLIONS;TUDO PRESENTE E BEM DATADO;
25/11/2015;QUA;TOTOLOTO;TOTOLOTO;TUDO PRESENTE E BEM DATADO;
26/11/2015;QUI;NENHUM;NENHUM;CALMO (Nenhum Jogo);
27/11/2015;SEX;EUROMILLIONS;EUROMILLIONS;TUDO PRESENTE E BEM DATADO;
28/11/2015;SAB;TOTOLOTO;TOTOLOTO;TUDO PRESENTE E BEM DATADO;
29/11/2015;DOM;NENHUM;NENHUM;CALMO (Nenhum Jogo);
30/11/2015;SEG;NENHUM;NENHUM;CALMO (Nenhum Jogo);
01/12/2015;TER;EUROMILLIONS;EUROMILLIONS;TUDO PRESENTE E BEM DATADO;
02/12/2015;QUA;TOTOLOTO;TOTOLOTO;TUDO PRESENTE E BEM DATADO;
03/12/2015;QUI;NENHUM;NENHUM;CALMO (Nenhum Jogo);
04/12/2015;SEX;EUROMILLIONS;EUROMILLIONS;TUDO PRESENTE E BEM DATADO;
05/12/2015;SAB;TOTOLOTO;TOTOLOTO;TUDO PRESENTE E BEM DATADO;
06/12/2015;DOM;NENHUM;NENHUM;CALMO (Nenhum Jogo);
07/12/2015;SEG;NENHUM;NENHUM;CALMO (Nenhum Jogo);
08/12/2015;TER;EUROMILLIONS;EUROMILLIONS;TUDO PRESENTE E BEM DATADO;
09/12/2015;QUA;TOTOLOTO;TOTOLOTO;TUDO PRESENTE E BEM DATADO;
10/12/2015;QUI;NENHUM;NENHUM;CALMO (Nenhum Jogo);
11/12/2015;SEX;EUROMILLIONS;EUROMILLIONS;TUDO PRESENTE E BEM DATADO;
12/12/2015;SAB;TOTOLOTO;TOTOLOTO;TUDO PRESENTE E BEM DATADO;
13/12/2015;DOM;NENHUM;NENHUM;CALMO (Nenhum Jogo);
14/12/2015;SEG;NENHUM;NENHUM;CALMO (Nenhum Jogo);
15/12/2015;TER;EUROMILLIONS;EUROMILLIONS;TUDO PRESENTE E BEM DATADO;
16/12/2015;QUA;TOTOLOTO;TOTOLOTO;TUDO PRESENTE E BEM DATADO;
17/12/2015;QUI;NENHUM;NENHUM;CALMO (Nenhum Jogo);
18/12/2015;SEX;EUROMILLIONS;EUROMILLIONS;TUDO PRESENTE E BEM DATADO;
19/12/2015;SAB;TOTOLOTO;TOTOLOTO;TUDO PRESENTE E BEM DATADO;
20/12/2015;DOM;NENHUM;NENHUM;CALMO (Nenhum Jogo);
21/12/2015;SEG;NENHUM;NENHUM;CALMO (Nenhum Jogo);
22/12/2015;TER;EUROMILLIONS;EUROMILLIONS;TUDO PRESENTE E BEM DATADO;
23/12/2015;QUA;TOTOLOTO;TOTOLOTO;TUDO PRESENTE E BEM DATADO;
24/12/2015;QUI;NENHUM;NENHUM;CALMO (Nenhum Jogo);
25/12/2015;SEX;EUROMILLIONS;EUROMILLIONS;TUDO PRESENTE E BEM DATADO;
26/12/2015;SAB;TOTOLOTO;TOTOLOTO;TUDO PRESENTE E BEM DATADO;
27/12/2015;DOM;NENHUM;NENHUM;CALMO (Nenhum Jogo);
28/12/2015;SEG;NENHUM;NENHUM;CALMO (Nenhum Jogo);
29/12/2015;TER;EUROMILLIONS;EUROMILLIONS;TUDO PRESENTE E BEM DATADO;
30/12/2015;QUA;TOTOLOTO;TOTOLOTO;TUDO PRESENTE E BEM DATADO;
31/12/2015;QUI;NENHUM;NENHUM;CALMO (Nenhum Jogo);
01/01/2016;SEX;EUROMILLIONS;EUROMILLIONS;TUDO PRESENTE E BEM DATADO;
02/01/2016;SAB;TOTOLOTO;TOTOLOTO;TUDO PRESENTE E BEM DATADO;
03/01/2016;DOM;NENHUM;NENHUM;CALMO (Nenhum Jogo);
04/01/2016;SEG;NENHUM;NENHUM;CALMO (Nenhum Jogo);
05/01/2016;TER;EUROMILLIONS;EUROMILLIONS;TUDO PRESENTE E BEM DATADO;
06/01/2016;QUA;TOTOLOTO;TOTOLOTO;TUDO PRESENTE E BEM DATADO;
07/01/2016;QUI;NENHUM;NENHUM;CALMO (Nenhum Jogo);
08/01/2016;SEX;EUROMILLIONS;EUROMILLIONS;TUDO PRESENTE E BEM DATADO;
09/01/2016;SAB;TOTOLOTO;TOTOLOTO;TUDO PRESENTE E BEM DATADO;
10/01/2016;DOM;NENHUM;NENHUM;CALMO (Nenhum Jogo);
11/01/2016;SEG;NENHUM;NENHUM;CALMO (Nenhum Jogo);
12/01/2016;TER;EUROMILLIONS;EUROMILLIONS;TUDO PRESENTE E BEM DATADO;
13/01/2016;QUA;TOTOLOTO;TOTOLOTO;TUDO PRESENTE E BEM DATADO;
14/01/2016;QUI;NENHUM;NENHUM;CALMO (Nenhum Jogo);
15/01/2016;SEX;EUROMILLIONS;EUROMILLIONS;TUDO PRESENTE E BEM DATADO;
16/01/2016;SAB;TOTOLOTO;TOTOLOTO;TUDO PRESENTE E BEM DATADO;
17/01/2016;DOM;NENHUM;NENHUM;CALMO (Nenhum Jogo);
18/01/2016;SEG;NENHUM;NENHUM;CALMO (Nenhum Jogo);
19/01/2016;TER;EUROMILLIONS;EUROMILLIONS;TUDO PRESENTE E BEM DATADO;
20/01/2016;QUA;TOTOLOTO;TOTOLOTO;TUDO PRESENTE E BEM DATADO;
21/01/2016;QUI;NENHUM;NENHUM;CALMO (Nenhum Jogo);
22/01/2016;SEX;EUROMILLIONS;EUROMILLIONS;TUDO PRESENTE E BEM DATADO;
23/01/2016;SAB;TOTOLOTO;TOTOLOTO;TUDO PRESENTE E BEM DATADO;
24/01/2016;DOM;NENHUM;NENHUM;CALMO (Nenhum Jogo);
25/01/2016;SEG;NENHUM;NENHUM;CALMO (Nenhum Jogo);
26/01/2016;TER;EUROMILLIONS;EUROMILLIONS;TUDO PRESENTE E BEM DATADO;
27/01/2016;QUA;TOTOLOTO;TOTOLOTO;TUDO PRESENTE E BEM DATADO;
28/01/2016;QUI;NENHUM;NENHUM;CALMO (Nenhum Jogo);
29/01/2016;SEX;EUROMILLIONS;EUROMILLIONS;TUDO PRESENTE E BEM DATADO;
30/01/2016;SAB;TOTOLOTO;TOTOLOTO;TUDO PRESENTE E BEM DATADO;
31/01/2016;DOM;NENHUM;NENHUM;CALMO (Nenhum Jogo);
01/02/2016;SEG;NENHUM;NENHUM;CALMO (Nenhum Jogo);
02/02/2016;TER;EUROMILLIONS;EUROMILLIONS;TUDO PRESENTE E BEM DATADO;
03/02/2016;QUA;TOTOLOTO;TOTOLOTO;TUDO PRESENTE E BEM DATADO;
04/02/2016;QUI;NENHUM;NENHUM;CALMO (Nenhum Jogo);
05/02/2016;SEX;EUROMILLIONS;EUROMILLIONS;TUDO PRESENTE E BEM DATADO;
06/02/2016;SAB;TOTOLOTO;TOTOLOTO;TUDO PRESENTE E BEM DATADO;
07/02/2016;DOM;NENHUM;NENHUM;CALMO (Nenhum Jogo);
08/02/2016;SEG;NENHUM;NENHUM;CALMO (Nenhum Jogo);
09/02/2016;TER;EUROMILLIONS;EUROMILLIONS;TUDO PRESENTE E BEM DATADO;
10/02/2016;QUA;TOTOLOTO;TOTOLOTO;TUDO PRESENTE E BEM DATADO;
11/02/2016;QUI;NENHUM;NENHUM;CALMO (Nenhum Jogo);
12/02/2016;SEX;EUROMILLIONS;EUROMILLIONS;TUDO PRESENTE E BEM DATADO;
13/02/2016;SAB;TOTOLOTO;TOTOLOTO;TUDO PRESENTE E BEM DATADO;
14/02/2016;DOM;NENHUM;NENHUM;CALMO (Nenhum Jogo);
15/02/2016;SEG;NENHUM;NENHUM;CALMO (Nenhum Jogo);
16/02/2016;TER;EUROMILLIONS;EUROMILLIONS;TUDO PRESENTE E BEM DATADO;
17/02/2016;QUA;TOTOLOTO;TOTOLOTO;TUDO PRESENTE E BEM DATADO;
18/02/2016;QUI;NENHUM;NENHUM;CALMO (Nenhum Jogo);
19/02/2016;SEX;EUROMILLIONS;EUROMILLIONS;TUDO PRESENTE E BEM DATADO;
20/02/2016;SAB;TOTOLOTO;TOTOLOTO;TUDO PRESENTE E BEM DATADO;
21/02/2016;DOM;NENHUM;NENHUM;CALMO (Nenhum Jogo);
22/02/2016;SEG;NENHUM;NENHUM;CALMO (Nenhum Jogo);
23/02/2016;TER;EUROMILLIONS;EUROMILLIONS;TUDO PRESENTE E BEM DATADO;
24/02/2016;QUA;TOTOLOTO;TOTOLOTO;TUDO PRESENTE E BEM DATADO;
25/02/2016;QUI;NENHUM;NENHUM;CALMO (Nenhum Jogo);
26/02/2016;SEX;EUROMILLIONS;EUROMILLIONS;TUDO PRESENTE E BEM DATADO;
27/02/2016;SAB;TOTOLOTO;TOTOLOTO;TUDO PRESENTE E BEM DATADO;
28/02/2016;DOM;NENHUM;NENHUM;CALMO (Nenhum Jogo);
29/02/2016;SEG;NENHUM;NENHUM;CALMO (Nenhum Jogo);
01/03/2016;TER;EUROMILLIONS;EUROMILLIONS;TUDO PRESENTE E BEM DATADO;
02/03/2016;QUA;TOTOLOTO;TOTOLOTO;TUDO PRESENTE E BEM DATADO;
03/03/2016;QUI;NENHUM;NENHUM;CALMO (Nenhum Jogo);
04/03/2016;SEX;EUROMILLIONS;EUROMILLIONS;TUDO PRESENTE E BEM DATADO;
05/03/2016;SAB;TOTOLOTO;TOTOLOTO;TUDO PRESENTE E BEM DATADO;
06/03/2016;DOM;NENHUM;NENHUM;CALMO (Nenhum Jogo);
07/03/2016;SEG;NENHUM;NENHUM;CALMO (Nenhum Jogo);
08/03/2016;TER;EUROMILLIONS;EUROMILLIONS;TUDO PRESENTE E BEM DATADO;
09/03/2016;QUA;TOTOLOTO;TOTOLOTO;TUDO PRESENTE E BEM DATADO;
10/03/2016;QUI;NENHUM;NENHUM;CALMO (Nenhum Jogo);
11/03/2016;SEX;EUROMILLIONS;EUROMILLIONS;TUDO PRESENTE E BEM DATADO;
12/03/2016;SAB;TOTOLOTO;TOTOLOTO;TUDO PRESENTE E BEM DATADO;
13/03/2016;DOM;NENHUM;NENHUM;CALMO (Nenhum Jogo);
14/03/2016;SEG;NENHUM;NENHUM;CALMO (Nenhum Jogo);
15/03/2016;TER;EUROMILLIONS;EUROMILLIONS;TUDO PRESENTE E BEM DATADO;
16/03/2016;QUA;TOTOLOTO;NENHUM;FALTA;FALTA SORTEIO: TOTOLOTO
17/03/2016;QUI;NENHUM;NENHUM;CALMO (Nenhum Jogo);
18/03/2016;SEX;EUROMILLIONS;EUROMILLIONS;TUDO PRESENTE E BEM DATADO;
19/03/2016;SAB;TOTOLOTO;TOTOLOTO;TUDO PRESENTE E BEM DATADO;
20/03/2016;DOM;NENHUM;NENHUM;CALMO (Nenhum Jogo);
21/03/2016;SEG;NENHUM;NENHUM;CALMO (Nenhum Jogo);
22/03/2016;TER;EUROMILLIONS;EUROMILLIONS;TUDO PRESENTE E BEM DATADO;
23/03/2016;QUA;TOTOLOTO;TOTOLOTO;TUDO PRESENTE E BEM DATADO;
24/03/2016;QUI;NENHUM;NENHUM;CALMO (Nenhum Jogo);
25/03/2016;SEX;EUROMILLIONS;EUROMILLIONS;TUDO PRESENTE E BEM DATADO;
26/03/2016;SAB;TOTOLOTO;TOTOLOTO;TUDO PRESENTE E BEM DATADO;
27/03/2016;DOM;NENHUM;NENHUM;CALMO (Nenhum Jogo);
28/03/2016;SEG;NENHUM;NENHUM;CALMO (Nenhum Jogo);
29/03/2016;TER;EUROMILLIONS;EUROMILLIONS;TUDO PRESENTE E BEM DATADO;
30/03/2016;QUA;TOTOLOTO;TOTOLOTO;TUDO PRESENTE E BEM DATADO;
31/03/2016;QUI;NENHUM;NENHUM;CALMO (Nenhum Jogo);
01/04/2016;SEX;EUROMILLIONS;EUROMILLIONS;TUDO PRESENTE E BEM DATADO;
02/04/2016;SAB;TOTOLOTO;TOTOLOTO;TUDO PRESENTE E BEM DATADO;
03/04/2016;DOM;NENHUM;NENHUM;CALMO (Nenhum Jogo);
04/04/2016;SEG;NENHUM;NENHUM;CALMO (Nenhum Jogo);
05/04/2016;TER;EUROMILLIONS;EUROMILLIONS;TUDO PRESENTE E BEM DATADO;
06/04/2016;QUA;TOTOLOTO;TOTOLOTO;TUDO PRESENTE E BEM DATADO;
07/04/2016;QUI;NENHUM;NENHUM;CALMO (Nenhum Jogo);
08/04/2016;SEX;EUROMILLIONS;EUROMILLIONS;TUDO PRESENTE E BEM DATADO;
09/04/2016;SAB;TOTOLOTO;TOTOLOTO;TUDO PRESENTE E BEM DATADO;
10/04/2016;DOM;NENHUM;NENHUM;CALMO (Nenhum Jogo);
11/04/2016;SEG;NENHUM;NENHUM;CALMO (Nenhum Jogo);
12/04/2016;TER;EUROMILLIONS;EUROMILLIONS;TUDO PRESENTE E BEM DATADO;
13/04/2016;QUA;TOTOLOTO;NENHUM;FALTA;FALTA SORTEIO: TOTOLOTO
14/04/2016;QUI;NENHUM;NENHUM;CALMO (Nenhum Jogo);
15/04/2016;SEX;EUROMILLIONS;EUROMILLIONS;TUDO PRESENTE E BEM DATADO;
16/04/2016;SAB;TOTOLOTO;TOTOLOTO;TUDO PRESENTE E BEM DATADO;
17/04/2016;DOM;NENHUM;NENHUM;CALMO (Nenhum Jogo);
18/04/2016;SEG;NENHUM;NENHUM;CALMO (Nenhum Jogo);
19/04/2016;TER;EUROMILLIONS;EUROMILLIONS;TUDO PRESENTE E BEM DATADO;
20/04/2016;QUA;TOTOLOTO;TOTOLOTO;TUDO PRESENTE E BEM DATADO;
21/04/2016;QUI;NENHUM;NENHUM;CALMO (Nenhum Jogo);
22/04/2016;SEX;EUROMILLIONS;EUROMILLIONS;TUDO PRESENTE E BEM DATADO;
23/04/2016;SAB;TOTOLOTO;TOTOLOTO;TUDO PRESENTE E BEM DATADO;
24/04/2016;DOM;NENHUM;NENHUM;CALMO (Nenhum Jogo);
25/04/2016;SEG;NENHUM;NENHUM;CALMO (Nenhum Jogo);
26/04/2016;TER;EUROMILLIONS;EUROMILLIONS;TUDO PRESENTE E BEM DATADO;
27/04/2016;QUA;TOTOLOTO;TOTOLOTO;TUDO PRESENTE E BEM DATADO;
28/04/2016;QUI;NENHUM;NENHUM;CALMO (Nenhum Jogo);
29/04/2016;SEX;EUROMILLIONS;EUROMILLIONS;TUDO PRESENTE E BEM DATADO;
30/04/2016;SAB;TOTOLOTO;TOTOLOTO;TUDO PRESENTE E BEM DATADO;
01/05/2016;DOM;NENHUM;NENHUM;CALMO (Nenhum Jogo);
02/05/2016;SEG;NENHUM;NENHUM;CALMO (Nenhum Jogo);
03/05/2016;TER;EUROMILLIONS;EUROMILLIONS;TUDO PRESENTE E BEM DATADO;
04/05/2016;QUA;TOTOLOTO;TOTOLOTO;TUDO PRESENTE E BEM DATADO;
05/05/2016;QUI;NENHUM;NENHUM;CALMO (Nenhum Jogo);
06/05/2016;SEX;EUROMILLIONS;EUROMILLIONS;TUDO PRESENTE E BEM DATADO;
07/05/2016;SAB;TOTOLOTO;TOTOLOTO;TUDO PRESENTE E BEM DATADO;
08/05/2016;DOM;NENHUM;NENHUM;CALMO (Nenhum Jogo);
09/05/2016;SEG;NENHUM;NENHUM;CALMO (Nenhum Jogo);
10/05/2016;TER;EUROMILLIONS;EUROMILLIONS;TUDO PRESENTE E BEM DATADO;
11/05/2016;QUA;TOTOLOTO;TOTOLOTO;TUDO PRESENTE E BEM DATADO;
12/05/2016;QUI;NENHUM;NENHUM;CALMO (Nenhum Jogo);
13/05/2016;SEX;EUROMILLIONS;EUROMILLIONS;TUDO PRESENTE E BEM DATADO;
14/05/2016;SAB;TOTOLOTO;TOTOLOTO;TUDO PRESENTE E BEM DATADO;
15/05/2016;DOM;NENHUM;NENHUM;CALMO (Nenhum Jogo);
16/05/2016;SEG;NENHUM;NENHUM;CALMO (Nenhum Jogo);
17/05/2016;TER;EUROMILLIONS;EUROMILLIONS;TUDO PRESENTE E BEM DATADO;
18/05/2016;QUA;TOTOLOTO;TOTOLOTO;TUDO PRESENTE E BEM DATADO;
19/05/2016;QUI;NENHUM;NENHUM;CALMO (Nenhum Jogo);
20/05/2016;SEX;EUROMILLIONS;EUROMILLIONS;TUDO PRESENTE E BEM DATADO;
21/05/2016;SAB;TOTOLOTO;TOTOLOTO;TUDO PRESENTE E BEM DATADO;
22/05/2016;DOM;NENHUM;NENHUM;CALMO (Nenhum Jogo);
23/05/2016;SEG;NENHUM;NENHUM;CALMO (Nenhum Jogo);
24/05/2016;TER;EUROMILLIONS;EUROMILLIONS;TUDO PRESENTE E BEM DATADO;
25/05/2016;QUA;TOTOLOTO;TOTOLOTO;TUDO PRESENTE E BEM DATADO;
26/05/2016;QUI;NENHUM;NENHUM;CALMO (Nenhum Jogo);
27/05/2016;SEX;EUROMILLIONS;EUROMILLIONS;TUDO PRESENTE E BEM DATADO;
28/05/2016;SAB;TOTOLOTO;TOTOLOTO;TUDO PRESENTE E BEM DATADO;
29/05/2016;DOM;NENHUM;NENHUM;CALMO (Nenhum Jogo);
30/05/2016;SEG;NENHUM;NENHUM;CALMO (Nenhum Jogo);
31/05/2016;TER;EUROMILLIONS;EUROMILLIONS;TUDO PRESENTE E BEM DATADO;
01/06/2016;QUA;TOTOLOTO;TOTOLOTO;TUDO PRESENTE E BEM DATADO;
02/06/2016;QUI;NENHUM;NENHUM;CALMO (Nenhum Jogo);
03/06/2016;SEX;EUROMILLIONS;EUROMILLIONS;TUDO PRESENTE E BEM DATADO;
04/06/2016;SAB;TOTOLOTO;TOTOLOTO;TUDO PRESENTE E BEM DATADO;
05/06/2016;DOM;NENHUM;NENHUM;CALMO (Nenhum Jogo);
06/06/2016;SEG;NENHUM;NENHUM;CALMO (Nenhum Jogo);
07/06/2016;TER;EUROMILLIONS;EUROMILLIONS;TUDO PRESENTE E BEM DATADO;
08/06/2016;QUA;TOTOLOTO;TOTOLOTO;TUDO PRESENTE E BEM DATADO;
09/06/2016;QUI;NENHUM;NENHUM;CALMO (Nenhum Jogo);
10/06/2016;SEX;EUROMILLIONS;EUROMILLIONS;TUDO PRESENTE E BEM DATADO;
11/06/2016;SAB;TOTOLOTO;TOTOLOTO;TUDO PRESENTE E BEM DATADO;
12/06/2016;DOM;NENHUM;NENHUM;CALMO (Nenhum Jogo);
13/06/2016;SEG;NENHUM;NENHUM;CALMO (Nenhum Jogo);
14/06/2016;TER;EUROMILLIONS;EUROMILLIONS;TUDO PRESENTE E BEM DATADO;
15/06/2016;QUA;TOTOLOTO;TOTOLOTO;TUDO PRESENTE E BEM DATADO;
16/06/2016;QUI;NENHUM;NENHUM;CALMO (Nenhum Jogo);
17/06/2016;SEX;EUROMILLIONS;EUROMILLIONS;TUDO PRESENTE E BEM DATADO;
18/06/2016;SAB;TOTOLOTO;TOTOLOTO;TUDO PRESENTE E BEM DATADO;
19/06/2016;DOM;NENHUM;NENHUM;CALMO (Nenhum Jogo);
20/06/2016;SEG;NENHUM;NENHUM;CALMO (Nenhum Jogo);
21/06/2016;TER;EUROMILLIONS;EUROMILLIONS;TUDO PRESENTE E BEM DATADO;
22/06/2016;QUA;TOTOLOTO;TOTOLOTO;TUDO PRESENTE E BEM DATADO;
23/06/2016;QUI;NENHUM;NENHUM;CALMO (Nenhum Jogo);
24/06/2016;SEX;EUROMILLIONS;EUROMILLIONS;TUDO PRESENTE E BEM DATADO;
25/06/2016;SAB;TOTOLOTO;TOTOLOTO;TUDO PRESENTE E BEM DATADO;
26/06/2016;DOM;NENHUM;NENHUM;CALMO (Nenhum Jogo);
27/06/2016;SEG;NENHUM;NENHUM;CALMO (Nenhum Jogo);
28/06/2016;TER;EUROMILLIONS;EUROMILLIONS;TUDO PRESENTE E BEM DATADO;
29/06/2016;QUA;TOTOLOTO;TOTOLOTO;TUDO PRESENTE E BEM DATADO;
30/06/2016;QUI;NENHUM;NENHUM;CALMO (Nenhum Jogo);
01/07/2016;SEX;EUROMILLIONS;EUROMILLIONS;TUDO PRESENTE E BEM DATADO;
02/07/2016;SAB;TOTOLOTO;TOTOLOTO;TUDO PRESENTE E BEM DATADO;
03/07/2016;DOM;NENHUM;NENHUM;CALMO (Nenhum Jogo);
04/07/2016;SEG;NENHUM;NENHUM;CALMO (Nenhum Jogo);
05/07/2016;TER;EUROMILLIONS;EUROMILLIONS;TUDO PRESENTE E BEM DATADO;
06/07/2016;QUA;TOTOLOTO;TOTOLOTO;TUDO PRESENTE E BEM DATADO;
07/07/2016;QUI;NENHUM;NENHUM;CALMO (Nenhum Jogo);
08/07/2016;SEX;EUROMILLIONS;EUROMILLIONS;TUDO PRESENTE E BEM DATADO;
09/07/2016;SAB;TOTOLOTO;TOTOLOTO;TUDO PRESENTE E BEM DATADO;
10/07/2016;DOM;NENHUM;NENHUM;CALMO (Nenhum Jogo);
11/07/2016;SEG;NENHUM;NENHUM;CALMO (Nenhum Jogo);
12/07/2016;TER;EUROMILLIONS;EUROMILLIONS;TUDO PRESENTE E BEM DATADO;
13/07/2016;QUA;TOTOLOTO;TOTOLOTO;TUDO PRESENTE E BEM DATADO;
14/07/2016;QUI;NENHUM;NENHUM;CALMO (Nenhum Jogo);
15/07/2016;SEX;EUROMILLIONS;EUROMILLIONS;TUDO PRESENTE E BEM DATADO;
16/07/2016;SAB;TOTOLOTO;TOTOLOTO;TUDO PRESENTE E BEM DATADO;
17/07/2016;DOM;NENHUM;NENHUM;CALMO (Nenhum Jogo);
18/07/2016;SEG;NENHUM;NENHUM;CALMO (Nenhum Jogo);
19/07/2016;TER;EUROMILLIONS;EUROMILLIONS;TUDO PRESENTE E BEM DATADO;
20/07/2016;QUA;TOTOLOTO;TOTOLOTO;TUDO PRESENTE E BEM DATADO;
21/07/2016;QUI;NENHUM;NENHUM;CALMO (Nenhum Jogo);
22/07/2016;SEX;EUROMILLIONS;EUROMILLIONS;TUDO PRESENTE E BEM DATADO;
23/07/2016;SAB;TOTOLOTO;TOTOLOTO;TUDO PRESENTE E BEM DATADO;
24/07/2016;DOM;NENHUM;NENHUM;CALMO (Nenhum Jogo);
25/07/2016;SEG;NENHUM;NENHUM;CALMO (Nenhum Jogo);
26/07/2016;TER;EUROMILLIONS;EUROMILLIONS;TUDO PRESENTE E BEM DATADO;
27/07/2016;QUA;TOTOLOTO;TOTOLOTO;TUDO PRESENTE E BEM DATADO;
28/07/2016;QUI;NENHUM;NENHUM;CALMO (Nenhum Jogo);
29/07/2016;SEX;EUROMILLIONS;EUROMILLIONS;TUDO PRESENTE E BEM DATADO;
30/07/2016;SAB;TOTOLOTO;TOTOLOTO;TUDO PRESENTE E BEM DATADO;
31/07/2016;DOM;NENHUM;NENHUM;CALMO (Nenhum Jogo);
01/08/2016;SEG;NENHUM;NENHUM;CALMO (Nenhum Jogo);
02/08/2016;TER;EUROMILLIONS;EUROMILLIONS;TUDO PRESENTE E BEM DATADO;
03/08/2016;QUA;TOTOLOTO;TOTOLOTO;TUDO PRESENTE E BEM DATADO;
04/08/2016;QUI;NENHUM;NENHUM;CALMO (Nenhum Jogo);
05/08/2016;SEX;EUROMILLIONS;EUROMILLIONS;TUDO PRESENTE E BEM DATADO;
06/08/2016;SAB;TOTOLOTO;TOTOLOTO;TUDO PRESENTE E BEM DATADO;
07/08/2016;DOM;NENHUM;NENHUM;CALMO (Nenhum Jogo);
08/08/2016;SEG;NENHUM;NENHUM;CALMO (Nenhum Jogo);
09/08/2016;TER;EUROMILLIONS;EUROMILLIONS;TUDO PRESENTE E BEM DATADO;
10/08/2016;QUA;TOTOLOTO;TOTOLOTO;TUDO PRESENTE E BEM DATADO;
11/08/2016;QUI;NENHUM;NENHUM;CALMO (Nenhum Jogo);
12/08/2016;SEX;EUROMILLIONS;EUROMILLIONS;TUDO PRESENTE E BEM DATADO;
13/08/2016;SAB;TOTOLOTO;TOTOLOTO;TUDO PRESENTE E BEM DATADO;
14/08/2016;DOM;NENHUM;NENHUM;CALMO (Nenhum Jogo);
15/08/2016;SEG;NENHUM;NENHUM;CALMO (Nenhum Jogo);
16/08/2016;TER;EUROMILLIONS;EUROMILLIONS;TUDO PRESENTE E BEM DATADO;
17/08/2016;QUA;TOTOLOTO;TOTOLOTO;TUDO PRESENTE E BEM DATADO;
18/08/2016;QUI;NENHUM;NENHUM;CALMO (Nenhum Jogo);
19/08/2016;SEX;EUROMILLIONS;EUROMILLIONS;TUDO PRESENTE E BEM DATADO;
20/08/2016;SAB;TOTOLOTO;TOTOLOTO;TUDO PRESENTE E BEM DATADO;
21/08/2016;DOM;NENHUM;NENHUM;CALMO (Nenhum Jogo);
22/08/2016;SEG;NENHUM;NENHUM;CALMO (Nenhum Jogo);
23/08/2016;TER;EUROMILLIONS;EUROMILLIONS;TUDO PRESENTE E BEM DATADO;
24/08/2016;QUA;TOTOLOTO;TOTOLOTO;TUDO PRESENTE E BEM DATADO;
25/08/2016;QUI;NENHUM;NENHUM;CALMO (Nenhum Jogo);
26/08/2016;SEX;EUROMILLIONS;EUROMILLIONS;TUDO PRESENTE E BEM DATADO;
27/08/2016;SAB;TOTOLOTO;TOTOLOTO;TUDO PRESENTE E BEM DATADO;
28/08/2016;DOM;NENHUM;NENHUM;CALMO (Nenhum Jogo);
29/08/2016;SEG;NENHUM;NENHUM;CALMO (Nenhum Jogo);
30/08/2016;TER;EUROMILLIONS;EUROMILLIONS;TUDO PRESENTE E BEM DATADO;
31/08/2016;QUA;TOTOLOTO;TOTOLOTO;TUDO PRESENTE E BEM DATADO;
01/09/2016;QUI;NENHUM;NENHUM;CALMO (Nenhum Jogo);
02/09/2016;SEX;EUROMILLIONS;EUROMILLIONS;TUDO PRESENTE E BEM DATADO;
03/09/2016;SAB;TOTOLOTO;TOTOLOTO;TUDO PRESENTE E BEM DATADO;
04/09/2016;DOM;NENHUM;NENHUM;CALMO (Nenhum Jogo);
05/09/2016;SEG;NENHUM;NENHUM;CALMO (Nenhum Jogo);
06/09/2016;TER;EUROMILLIONS;EUROMILLIONS;TUDO PRESENTE E BEM DATADO;
07/09/2016;QUA;TOTOLOTO;NENHUM;FALTA;FALTA SORTEIO: TOTOLOTO
08/09/2016;QUI;NENHUM;NENHUM;CALMO (Nenhum Jogo);
09/09/2016;SEX;EUROMILLIONS;EUROMILLIONS;TUDO PRESENTE E BEM DATADO;
10/09/2016;SAB;TOTOLOTO;TOTOLOTO;TUDO PRESENTE E BEM DATADO;
11/09/2016;DOM;NENHUM;NENHUM;CALMO (Nenhum Jogo);
12/09/2016;SEG;NENHUM;NENHUM;CALMO (Nenhum Jogo);
13/09/2016;TER;EUROMILLIONS;EUROMILLIONS;TUDO PRESENTE E BEM DATADO;
14/09/2016;QUA;TOTOLOTO;TOTOLOTO;TUDO PRESENTE E BEM DATADO;
15/09/2016;QUI;NENHUM;NENHUM;CALMO (Nenhum Jogo);
16/09/2016;SEX;EUROMILLIONS;EUROMILLIONS;TUDO PRESENTE E BEM DATADO;
17/09/2016;SAB;TOTOLOTO;TOTOLOTO;TUDO PRESENTE E BEM DATADO;
18/09/2016;DOM;NENHUM;NENHUM;CALMO (Nenhum Jogo);
19/09/2016;SEG;NENHUM;NENHUM;CALMO (Nenhum Jogo);
20/09/2016;TER;EUROMILLIONS;EUROMILLIONS;TUDO PRESENTE E BEM DATADO;
21/09/2016;QUA;TOTOLOTO;TOTOLOTO;TUDO PRESENTE E BEM DATADO;
22/09/2016;QUI;NENHUM;NENHUM;CALMO (Nenhum Jogo);
23/09/2016;SEX;EUROMILLIONS;EUROMILLIONS;TUDO PRESENTE E BEM DATADO;
24/09/2016;SAB;TOTOLOTO;TOTOLOTO;TUDO PRESENTE E BEM DATADO;
25/09/2016;DOM;NENHUM;NENHUM;CALMO (Nenhum Jogo);
26/09/2016;SEG;NENHUM;NENHUM;CALMO (Nenhum Jogo);
27/09/2016;TER;EUROMILLIONS;EUROMILLIONS;TUDO PRESENTE E BEM DATADO;
28/09/2016;QUA;TOTOLOTO;TOTOLOTO;TUDO PRESENTE E BEM DATADO;
29/09/2016;QUI;NENHUM;NENHUM;CALMO (Nenhum Jogo);
30/09/2016;SEX;EUROMILLIONS;EUROMILLIONS;TUDO PRESENTE E BEM DATADO;
01/10/2016;SAB;TOTOLOTO;TOTOLOTO;TUDO PRESENTE E BEM DATADO;
02/10/2016;DOM;NENHUM;NENHUM;CALMO (Nenhum Jogo);
03/10/2016;SEG;NENHUM;NENHUM;CALMO (Nenhum Jogo);
04/10/2016;TER;EUROMILLIONS;EUROMILLIONS;TUDO PRESENTE E BEM DATADO;
05/10/2016;QUA;TOTOLOTO;TOTOLOTO;TUDO PRESENTE E BEM DATADO;
06/10/2016;QUI;NENHUM;NENHUM;CALMO (Nenhum Jogo);
07/10/2016;SEX;EUROMILLIONS;EUROMILLIONS;TUDO PRESENTE E BEM DATADO;
08/10/2016;SAB;TOTOLOTO;TOTOLOTO;TUDO PRESENTE E BEM DATADO;
09/10/2016;DOM;NENHUM;NENHUM;CALMO (Nenhum Jogo);
10/10/2016;SEG;NENHUM;NENHUM;CALMO (Nenhum Jogo);
11/10/2016;TER;EUROMILLIONS;EUROMILLIONS;TUDO PRESENTE E BEM DATADO;
12/10/2016;QUA;TOTOLOTO;TOTOLOTO;TUDO PRESENTE E BEM DATADO;
13/10/2016;QUI;NENHUM;NENHUM;CALMO (Nenhum Jogo);
14/10/2016;SEX;EUROMILLIONS;EUROMILLIONS;TUDO PRESENTE E BEM DATADO;
15/10/2016;SAB;TOTOLOTO;TOTOLOTO;TUDO PRESENTE E BEM DATADO;
16/10/2016;DOM;NENHUM;NENHUM;CALMO (Nenhum Jogo);
17/10/2016;SEG;NENHUM;NENHUM;CALMO (Nenhum Jogo);
18/10/2016;TER;EUROMILLIONS;EUROMILLIONS;TUDO PRESENTE E BEM DATADO;
19/10/2016;QUA;TOTOLOTO;TOTOLOTO;TUDO PRESENTE E BEM DATADO;
20/10/2016;QUI;NENHUM;NENHUM;CALMO (Nenhum Jogo);
21/10/2016;SEX;EUROMILLIONS;EUROMILLIONS;TUDO PRESENTE E BEM DATADO;
22/10/2016;SAB;TOTOLOTO;TOTOLOTO;TUDO PRESENTE E BEM DATADO;
23/10/2016;DOM;NENHUM;NENHUM;CALMO (Nenhum Jogo);
24/10/2016;SEG;NENHUM;NENHUM;CALMO (Nenhum Jogo);
25/10/2016;TER;EUROMILLIONS;EUROMILLIONS;TUDO PRESENTE E BEM DATADO;
26/10/2016;QUA;TOTOLOTO;TOTOLOTO;TUDO PRESENTE E BEM DATADO;
27/10/2016;QUI;NENHUM;NENHUM;CALMO (Nenhum Jogo);
28/10/2016;SEX;EUROMILLIONS;EUROMILLIONS;TUDO PRESENTE E BEM DATADO;
29/10/2016;SAB;TOTOLOTO;TOTOLOTO;TUDO PRESENTE E BEM DATADO;
30/10/2016;DOM;NENHUM;NENHUM;CALMO (Nenhum Jogo);
31/10/2016;SEG;NENHUM;NENHUM;CALMO (Nenhum Jogo);
01/11/2016;TER;EUROMILLIONS;EUROMILLIONS;TUDO PRESENTE E BEM DATADO;
02/11/2016;QUA;TOTOLOTO;TOTOLOTO;TUDO PRESENTE E BEM DATADO;
03/11/2016;QUI;NENHUM;NENHUM;CALMO (Nenhum Jogo);
04/11/2016;SEX;EUROMILLIONS;EUROMILLIONS;TUDO PRESENTE E BEM DATADO;
05/11/2016;SAB;TOTOLOTO;TOTOLOTO;TUDO PRESENTE E BEM DATADO;
06/11/2016;DOM;NENHUM;NENHUM;CALMO (Nenhum Jogo);
07/11/2016;SEG;NENHUM;NENHUM;CALMO (Nenhum Jogo);
08/11/2016;TER;EUROMILLIONS;EUROMILLIONS;TUDO PRESENTE E BEM DATADO;
09/11/2016;QUA;TOTOLOTO;TOTOLOTO;TUDO PRESENTE E BEM DATADO;
10/11/2016;QUI;NENHUM;NENHUM;CALMO (Nenhum Jogo);
11/11/2016;SEX;EUROMILLIONS;EUROMILLIONS;TUDO PRESENTE E BEM DATADO;
12/11/2016;SAB;TOTOLOTO;TOTOLOTO;TUDO PRESENTE E BEM DATADO;
13/11/2016;DOM;NENHUM;NENHUM;CALMO (Nenhum Jogo);
14/11/2016;SEG;NENHUM;NENHUM;CALMO (Nenhum Jogo);
15/11/2016;TER;EUROMILLIONS;EUROMILLIONS;TUDO PRESENTE E BEM DATADO;
16/11/2016;QUA;TOTOLOTO;TOTOLOTO;TUDO PRESENTE E BEM DATADO;
17/11/2016;QUI;NENHUM;NENHUM;CALMO (Nenhum Jogo);
18/11/2016;SEX;EUROMILLIONS;EUROMILLIONS;TUDO PRESENTE E BEM DATADO;
19/11/2016;SAB;TOTOLOTO;TOTOLOTO;TUDO PRESENTE E BEM DATADO;
20/11/2016;DOM;NENHUM;NENHUM;CALMO (Nenhum Jogo);
21/11/2016;SEG;NENHUM;NENHUM;CALMO (Nenhum Jogo);
22/11/2016;TER;EUROMILLIONS;EUROMILLIONS;TUDO PRESENTE E BEM DATADO;
23/11/2016;QUA;TOTOLOTO;TOTOLOTO;TUDO PRESENTE E BEM DATADO;
24/11/2016;QUI;NENHUM;NENHUM;CALMO (Nenhum Jogo);
25/11/2016;SEX;EUROMILLIONS;EUROMILLIONS;TUDO PRESENTE E BEM DATADO;
26/11/2016;SAB;TOTOLOTO;TOTOLOTO;TUDO PRESENTE E BEM DATADO;
27/11/2016;DOM;NENHUM;NENHUM;CALMO (Nenhum Jogo);
28/11/2016;SEG;NENHUM;NENHUM;CALMO (Nenhum Jogo);
29/11/2016;TER;EUROMILLIONS;EUROMILLIONS;TUDO PRESENTE E BEM DATADO;
30/11/2016;QUA;TOTOLOTO;TOTOLOTO;TUDO PRESENTE E BEM DATADO;
01/12/2016;QUI;NENHUM;NENHUM;CALMO (Nenhum Jogo);
02/12/2016;SEX;EUROMILLIONS;EUROMILLIONS;TUDO PRESENTE E BEM DATADO;
03/12/2016;SAB;TOTOLOTO;TOTOLOTO;TUDO PRESENTE E BEM DATADO;
04/12/2016;DOM;NENHUM;NENHUM;CALMO (Nenhum Jogo);
05/12/2016;SEG;NENHUM;NENHUM;CALMO (Nenhum Jogo);
06/12/2016;TER;EUROMILLIONS;EUROMILLIONS;TUDO PRESENTE E BEM DATADO;
07/12/2016;QUA;TOTOLOTO;TOTOLOTO;TUDO PRESENTE E BEM DATADO;
08/12/2016;QUI;NENHUM;NENHUM;CALMO (Nenhum Jogo);
09/12/2016;SEX;EUROMILLIONS;EUROMILLIONS;TUDO PRESENTE E BEM DATADO;
10/12/2016;SAB;TOTOLOTO;TOTOLOTO;TUDO PRESENTE E BEM DATADO;
11/12/2016;DOM;NENHUM;NENHUM;CALMO (Nenhum Jogo);
12/12/2016;SEG;NENHUM;NENHUM;CALMO (Nenhum Jogo);
13/12/2016;TER;EUROMILLIONS;EUROMILLIONS;TUDO PRESENTE E BEM DATADO;
14/12/2016;QUA;TOTOLOTO;TOTOLOTO;TUDO PRESENTE E BEM DATADO;
15/12/2016;QUI;NENHUM;NENHUM;CALMO (Nenhum Jogo);
16/12/2016;SEX;EUROMILLIONS;EUROMILLIONS;TUDO PRESENTE E BEM DATADO;
17/12/2016;SAB;TOTOLOTO;TOTOLOTO;TUDO PRESENTE E BEM DATADO;
18/12/2016;DOM;NENHUM;NENHUM;CALMO (Nenhum Jogo);
19/12/2016;SEG;NENHUM;NENHUM;CALMO (Nenhum Jogo);
20/12/2016;TER;EUROMILLIONS;EUROMILLIONS;TUDO PRESENTE E BEM DATADO;
21/12/2016;QUA;TOTOLOTO;TOTOLOTO;TUDO PRESENTE E BEM DATADO;
22/12/2016;QUI;NENHUM;NENHUM;CALMO (Nenhum Jogo);
23/12/2016;SEX;EUROMILLIONS;EUROMILLIONS;TUDO PRESENTE E BEM DATADO;
24/12/2016;SAB;TOTOLOTO;TOTOLOTO;TUDO PRESENTE E BEM DATADO;
25/12/2016;DOM;NENHUM;NENHUM;CALMO (Nenhum Jogo);
26/12/2016;SEG;NENHUM;NENHUM;CALMO (Nenhum Jogo);
27/12/2016;TER;EUROMILLIONS;EUROMILLIONS;TUDO PRESENTE E BEM DATADO;
28/12/2016;QUA;TOTOLOTO;TOTOLOTO;TUDO PRESENTE E BEM DATADO;
29/12/2016;QUI;NENHUM;NENHUM;CALMO (Nenhum Jogo);
30/12/2016;SEX;EUROMILLIONS;EUROMILLIONS;TUDO PRESENTE E BEM DATADO;
31/12/2016;SAB;TOTOLOTO;TOTOLOTO;TUDO PRESENTE E BEM DATADO;
01/01/2017;DOM;NENHUM;NENHUM;CALMO (Nenhum Jogo);
02/01/2017;SEG;NENHUM;NENHUM;CALMO (Nenhum Jogo);
03/01/2017;TER;EUROMILLIONS;EUROMILLIONS;TUDO PRESENTE E BEM DATADO;
04/01/2017;QUA;TOTOLOTO;TOTOLOTO;TUDO PRESENTE E BEM DATADO;
05/01/2017;QUI;NENHUM;NENHUM;CALMO (Nenhum Jogo);
06/01/2017;SEX;EUROMILLIONS;EUROMILLIONS;TUDO PRESENTE E BEM DATADO;
07/01/2017;SAB;TOTOLOTO;TOTOLOTO;TUDO PRESENTE E BEM DATADO;
08/01/2017;DOM;NENHUM;NENHUM;CALMO (Nenhum Jogo);
09/01/2017;SEG;NENHUM;NENHUM;CALMO (Nenhum Jogo);
10/01/2017;TER;EUROMILLIONS;EUROMILLIONS;TUDO PRESENTE E BEM DATADO;
11/01/2017;QUA;TOTOLOTO;TOTOLOTO;TUDO PRESENTE E BEM DATADO;
12/01/2017;QUI;NENHUM;NENHUM;CALMO (Nenhum Jogo);
13/01/2017;SEX;EUROMILLIONS;EUROMILLIONS;TUDO PRESENTE E BEM DATADO;
14/01/2017;SAB;TOTOLOTO;TOTOLOTO;TUDO PRESENTE E BEM DATADO;
15/01/2017;DOM;NENHUM;NENHUM;CALMO (Nenhum Jogo);
16/01/2017;SEG;NENHUM;NENHUM;CALMO (Nenhum Jogo);
17/01/2017;TER;EUROMILLIONS;EUROMILLIONS;TUDO PRESENTE E BEM DATADO;
18/01/2017;QUA;TOTOLOTO;TOTOLOTO;TUDO PRESENTE E BEM DATADO;
19/01/2017;QUI;NENHUM;NENHUM;CALMO (Nenhum Jogo);
20/01/2017;SEX;EUROMILLIONS;EUROMILLIONS;TUDO PRESENTE E BEM DATADO;
21/01/2017;SAB;TOTOLOTO;TOTOLOTO;TUDO PRESENTE E BEM DATADO;
22/01/2017;DOM;NENHUM;NENHUM;CALMO (Nenhum Jogo);
23/01/2017;SEG;NENHUM;NENHUM;CALMO (Nenhum Jogo);
24/01/2017;TER;EUROMILLIONS;EUROMILLIONS;TUDO PRESENTE E BEM DATADO;
25/01/2017;QUA;TOTOLOTO;TOTOLOTO;TUDO PRESENTE E BEM DATADO;
26/01/2017;QUI;NENHUM;NENHUM;CALMO (Nenhum Jogo);
27/01/2017;SEX;EUROMILLIONS;EUROMILLIONS;TUDO PRESENTE E BEM DATADO;
28/01/2017;SAB;TOTOLOTO;TOTOLOTO;TUDO PRESENTE E BEM DATADO;
29/01/2017;DOM;NENHUM;NENHUM;CALMO (Nenhum Jogo);
30/01/2017;SEG;NENHUM;NENHUM;CALMO (Nenhum Jogo);
31/01/2017;TER;EUROMILLIONS;EUROMILLIONS;TUDO PRESENTE E BEM DATADO;
01/02/2017;QUA;TOTOLOTO;TOTOLOTO;TUDO PRESENTE E BEM DATADO;
02/02/2017;QUI;NENHUM;NENHUM;CALMO (Nenhum Jogo);
03/02/2017;SEX;EUROMILLIONS;EUROMILLIONS;TUDO PRESENTE E BEM DATADO;
04/02/2017;SAB;TOTOLOTO;TOTOLOTO;TUDO PRESENTE E BEM DATADO;
05/02/2017;DOM;NENHUM;NENHUM;CALMO (Nenhum Jogo);
06/02/2017;SEG;NENHUM;NENHUM;CALMO (Nenhum Jogo);
07/02/2017;TER;EUROMILLIONS;EUROMILLIONS;TUDO PRESENTE E BEM DATADO;
08/02/2017;QUA;TOTOLOTO;TOTOLOTO;TUDO PRESENTE E BEM DATADO;
09/02/2017;QUI;NENHUM;NENHUM;CALMO (Nenhum Jogo);
10/02/2017;SEX;EUROMILLIONS;EUROMILLIONS;TUDO PRESENTE E BEM DATADO;
11/02/2017;SAB;TOTOLOTO;TOTOLOTO;TUDO PRESENTE E BEM DATADO;
12/02/2017;DOM;NENHUM;NENHUM;CALMO (Nenhum Jogo);
13/02/2017;SEG;NENHUM;NENHUM;CALMO (Nenhum Jogo);
14/02/2017;TER;EUROMILLIONS;EUROMILLIONS;TUDO PRESENTE E BEM DATADO;
15/02/2017;QUA;TOTOLOTO;NENHUM;FALTA;FALTA SORTEIO: TOTOLOTO
16/02/2017;QUI;NENHUM;NENHUM;CALMO (Nenhum Jogo);
17/02/2017;SEX;EUROMILLIONS;EUROMILLIONS;TUDO PRESENTE E BEM DATADO;
18/02/2017;SAB;TOTOLOTO;TOTOLOTO;TUDO PRESENTE E BEM DATADO;
19/02/2017;DOM;NENHUM;NENHUM;CALMO (Nenhum Jogo);
20/02/2017;SEG;NENHUM;NENHUM;CALMO (Nenhum Jogo);
21/02/2017;TER;EUROMILLIONS;EUROMILLIONS;TUDO PRESENTE E BEM DATADO;
22/02/2017;QUA;TOTOLOTO;TOTOLOTO;TUDO PRESENTE E BEM DATADO;
23/02/2017;QUI;NENHUM;NENHUM;CALMO (Nenhum Jogo);
24/02/2017;SEX;EUROMILLIONS;EUROMILLIONS;TUDO PRESENTE E BEM DATADO;
25/02/2017;SAB;TOTOLOTO;TOTOLOTO;TUDO PRESENTE E BEM DATADO;
26/02/2017;DOM;NENHUM;NENHUM;CALMO (Nenhum Jogo);
27/02/2017;SEG;NENHUM;NENHUM;CALMO (Nenhum Jogo);
28/02/2017;TER;EUROMILLIONS;EUROMILLIONS;TUDO PRESENTE E BEM DATADO;
01/03/2017;QUA;TOTOLOTO;TOTOLOTO;TUDO PRESENTE E BEM DATADO;
02/03/2017;QUI;NENHUM;NENHUM;CALMO (Nenhum Jogo);
03/03/2017;SEX;EUROMILLIONS;EUROMILLIONS;TUDO PRESENTE E BEM DATADO;
04/03/2017;SAB;TOTOLOTO;TOTOLOTO;TUDO PRESENTE E BEM DATADO;
05/03/2017;DOM;NENHUM;NENHUM;CALMO (Nenhum Jogo);
06/03/2017;SEG;NENHUM;NENHUM;CALMO (Nenhum Jogo);
07/03/2017;TER;EUROMILLIONS;EUROMILLIONS;TUDO PRESENTE E BEM DATADO;
08/03/2017;QUA;TOTOLOTO;TOTOLOTO;TUDO PRESENTE E BEM DATADO;
09/03/2017;QUI;NENHUM;NENHUM;CALMO (Nenhum Jogo);
10/03/2017;SEX;EUROMILLIONS;EUROMILLIONS;TUDO PRESENTE E BEM DATADO;
11/03/2017;SAB;TOTOLOTO;TOTOLOTO;TUDO PRESENTE E BEM DATADO;
12/03/2017;DOM;NENHUM;NENHUM;CALMO (Nenhum Jogo);
13/03/2017;SEG;NENHUM;NENHUM;CALMO (Nenhum Jogo);
14/03/2017;TER;EUROMILLIONS;EUROMILLIONS;TUDO PRESENTE E BEM DATADO;
15/03/2017;QUA;TOTOLOTO;TOTOLOTO;TUDO PRESENTE E BEM DATADO;
16/03/2017;QUI;NENHUM;NENHUM;CALMO (Nenhum Jogo);
17/03/2017;SEX;EUROMILLIONS;EUROMILLIONS;TUDO PRESENTE E BEM DATADO;
18/03/2017;SAB;TOTOLOTO;TOTOLOTO;TUDO PRESENTE E BEM DATADO;
19/03/2017;DOM;NENHUM;NENHUM;CALMO (Nenhum Jogo);
20/03/2017;SEG;NENHUM;NENHUM;CALMO (Nenhum Jogo);
21/03/2017;TER;EUROMILLIONS;EUROMILLIONS;TUDO PRESENTE E BEM DATADO;
22/03/2017;QUA;TOTOLOTO;TOTOLOTO;TUDO PRESENTE E BEM DATADO;
23/03/2017;QUI;NENHUM;NENHUM;CALMO (Nenhum Jogo);
24/03/2017;SEX;EUROMILLIONS;EUROMILLIONS;TUDO PRESENTE E BEM DATADO;
25/03/2017;SAB;TOTOLOTO;TOTOLOTO;TUDO PRESENTE E BEM DATADO;
26/03/2017;DOM;NENHUM;NENHUM;CALMO (Nenhum Jogo);
27/03/2017;SEG;NENHUM;NENHUM;CALMO (Nenhum Jogo);
28/03/2017;TER;EUROMILLIONS;EUROMILLIONS;TUDO PRESENTE E BEM DATADO;
29/03/2017;QUA;TOTOLOTO;TOTOLOTO;TUDO PRESENTE E BEM DATADO;
30/03/2017;QUI;NENHUM;NENHUM;CALMO (Nenhum Jogo);
31/03/2017;SEX;EUROMILLIONS;EUROMILLIONS;TUDO PRESENTE E BEM DATADO;
01/04/2017;SAB;TOTOLOTO;TOTOLOTO;TUDO PRESENTE E BEM DATADO;
02/04/2017;DOM;NENHUM;NENHUM;CALMO (Nenhum Jogo);
03/04/2017;SEG;NENHUM;NENHUM;CALMO (Nenhum Jogo);
04/04/2017;TER;EUROMILLIONS;EUROMILLIONS;TUDO PRESENTE E BEM DATADO;
05/04/2017;QUA;TOTOLOTO;TOTOLOTO;TUDO PRESENTE E BEM DATADO;
06/04/2017;QUI;NENHUM;NENHUM;CALMO (Nenhum Jogo);
07/04/2017;SEX;EUROMILLIONS;EUROMILLIONS;TUDO PRESENTE E BEM DATADO;
08/04/2017;SAB;TOTOLOTO;TOTOLOTO;TUDO PRESENTE E BEM DATADO;
09/04/2017;DOM;NENHUM;NENHUM;CALMO (Nenhum Jogo);
10/04/2017;SEG;NENHUM;NENHUM;CALMO (Nenhum Jogo);
11/04/2017;TER;EUROMILLIONS;EUROMILLIONS;TUDO PRESENTE E BEM DATADO;
12/04/2017;QUA;TOTOLOTO;TOTOLOTO;TUDO PRESENTE E BEM DATADO;
13/04/2017;QUI;NENHUM;NENHUM;CALMO (Nenhum Jogo);
14/04/2017;SEX;EUROMILLIONS;EUROMILLIONS;TUDO PRESENTE E BEM DATADO;
15/04/2017;SAB;TOTOLOTO;TOTOLOTO;TUDO PRESENTE E BEM DATADO;
16/04/2017;DOM;NENHUM;NENHUM;CALMO (Nenhum Jogo);
17/04/2017;SEG;NENHUM;NENHUM;CALMO (Nenhum Jogo);
18/04/2017;TER;EUROMILLIONS;EUROMILLIONS;TUDO PRESENTE E BEM DATADO;
19/04/2017;QUA;TOTOLOTO;TOTOLOTO;TUDO PRESENTE E BEM DATADO;
20/04/2017;QUI;NENHUM;NENHUM;CALMO (Nenhum Jogo);
21/04/2017;SEX;EUROMILLIONS;EUROMILLIONS;TUDO PRESENTE E BEM DATADO;
22/04/2017;SAB;TOTOLOTO;TOTOLOTO;TUDO PRESENTE E BEM DATADO;
23/04/2017;DOM;NENHUM;NENHUM;CALMO (Nenhum Jogo);
24/04/2017;SEG;NENHUM;NENHUM;CALMO (Nenhum Jogo);
25/04/2017;TER;EUROMILLIONS;EUROMILLIONS;TUDO PRESENTE E BEM DATADO;
26/04/2017;QUA;TOTOLOTO;TOTOLOTO;TUDO PRESENTE E BEM DATADO;
27/04/2017;QUI;NENHUM;NENHUM;CALMO (Nenhum Jogo);
28/04/2017;SEX;EUROMILLIONS;EUROMILLIONS;TUDO PRESENTE E BEM DATADO;
29/04/2017;SAB;TOTOLOTO;TOTOLOTO;TUDO PRESENTE E BEM DATADO;
30/04/2017;DOM;NENHUM;NENHUM;CALMO (Nenhum Jogo);
01/05/2017;SEG;NENHUM;NENHUM;CALMO (Nenhum Jogo);
02/05/2017;TER;EUROMILLIONS;EUROMILLIONS;TUDO PRESENTE E BEM DATADO;
03/05/2017;QUA;TOTOLOTO;TOTOLOTO;TUDO PRESENTE E BEM DATADO;
04/05/2017;QUI;NENHUM;NENHUM;CALMO (Nenhum Jogo);
05/05/2017;SEX;EUROMILLIONS;EUROMILLIONS;TUDO PRESENTE E BEM DATADO;
06/05/2017;SAB;TOTOLOTO;TOTOLOTO;TUDO PRESENTE E BEM DATADO;
07/05/2017;DOM;NENHUM;NENHUM;CALMO (Nenhum Jogo);
08/05/2017;SEG;NENHUM;NENHUM;CALMO (Nenhum Jogo);
09/05/2017;TER;EUROMILLIONS;EUROMILLIONS;TUDO PRESENTE E BEM DATADO;
10/05/2017;QUA;TOTOLOTO;TOTOLOTO;TUDO PRESENTE E BEM DATADO;
11/05/2017;QUI;NENHUM;NENHUM;CALMO (Nenhum Jogo);
12/05/2017;SEX;EUROMILLIONS;EUROMILLIONS;TUDO PRESENTE E BEM DATADO;
13/05/2017;SAB;TOTOLOTO;TOTOLOTO;TUDO PRESENTE E BEM DATADO;
14/05/2017;DOM;NENHUM;NENHUM;CALMO (Nenhum Jogo);
15/05/2017;SEG;NENHUM;NENHUM;CALMO (Nenhum Jogo);
16/05/2017;TER;EUROMILLIONS;EUROMILLIONS;TUDO PRESENTE E BEM DATADO;
17/05/2017;QUA;TOTOLOTO;TOTOLOTO;TUDO PRESENTE E BEM DATADO;
18/05/2017;QUI;NENHUM;NENHUM;CALMO (Nenhum Jogo);
19/05/2017;SEX;EUROMILLIONS;EUROMILLIONS;TUDO PRESENTE E BEM DATADO;
20/05/2017;SAB;TOTOLOTO;TOTOLOTO;TUDO PRESENTE E BEM DATADO;
21/05/2017;DOM;NENHUM;NENHUM;CALMO (Nenhum Jogo);
22/05/2017;SEG;NENHUM;NENHUM;CALMO (Nenhum Jogo);
23/05/2017;TER;EUROMILLIONS;EUROMILLIONS;TUDO PRESENTE E BEM DATADO;
24/05/2017;QUA;TOTOLOTO;TOTOLOTO;TUDO PRESENTE E BEM DATADO;
25/05/2017;QUI;NENHUM;NENHUM;CALMO (Nenhum Jogo);
26/05/2017;SEX;EUROMILLIONS;EUROMILLIONS;TUDO PRESENTE E BEM DATADO;
27/05/2017;SAB;TOTOLOTO;TOTOLOTO;TUDO PRESENTE E BEM DATADO;
28/05/2017;DOM;NENHUM;NENHUM;CALMO (Nenhum Jogo);
29/05/2017;SEG;NENHUM;NENHUM;CALMO (Nenhum Jogo);
30/05/2017;TER;EUROMILLIONS;EUROMILLIONS;TUDO PRESENTE E BEM DATADO;
31/05/2017;QUA;TOTOLOTO;TOTOLOTO;TUDO PRESENTE E BEM DATADO;
01/06/2017;QUI;NENHUM;NENHUM;CALMO (Nenhum Jogo);
02/06/2017;SEX;EUROMILLIONS;EUROMILLIONS;TUDO PRESENTE E BEM DATADO;
03/06/2017;SAB;TOTOLOTO;TOTOLOTO;TUDO PRESENTE E BEM DATADO;
04/06/2017;DOM;NENHUM;NENHUM;CALMO (Nenhum Jogo);
05/06/2017;SEG;NENHUM;NENHUM;CALMO (Nenhum Jogo);
06/06/2017;TER;EUROMILLIONS;EUROMILLIONS;TUDO PRESENTE E BEM DATADO;
07/06/2017;QUA;TOTOLOTO;TOTOLOTO;TUDO PRESENTE E BEM DATADO;
08/06/2017;QUI;NENHUM;NENHUM;CALMO (Nenhum Jogo);
09/06/2017;SEX;EUROMILLIONS;EUROMILLIONS;TUDO PRESENTE E BEM DATADO;
10/06/2017;SAB;TOTOLOTO;TOTOLOTO;TUDO PRESENTE E BEM DATADO;
11/06/2017;DOM;NENHUM;NENHUM;CALMO (Nenhum Jogo);
12/06/2017;SEG;NENHUM;NENHUM;CALMO (Nenhum Jogo);
13/06/2017;TER;EUROMILLIONS;EUROMILLIONS;TUDO PRESENTE E BEM DATADO;
14/06/2017;QUA;TOTOLOTO;TOTOLOTO;TUDO PRESENTE E BEM DATADO;
15/06/2017;QUI;NENHUM;NENHUM;CALMO (Nenhum Jogo);
16/06/2017;SEX;EUROMILLIONS;EUROMILLIONS;TUDO PRESENTE E BEM DATADO;
17/06/2017;SAB;TOTOLOTO;TOTOLOTO;TUDO PRESENTE E BEM DATADO;
18/06/2017;DOM;NENHUM;NENHUM;CALMO (Nenhum Jogo);
19/06/2017;SEG;NENHUM;NENHUM;CALMO (Nenhum Jogo);
20/06/2017;TER;EUROMILLIONS;EUROMILLIONS;TUDO PRESENTE E BEM DATADO;
21/06/2017;QUA;TOTOLOTO;TOTOLOTO;TUDO PRESENTE E BEM DATADO;
22/06/2017;QUI;NENHUM;NENHUM;CALMO (Nenhum Jogo);
23/06/2017;SEX;EUROMILLIONS;EUROMILLIONS;TUDO PRESENTE E BEM DATADO;
24/06/2017;SAB;TOTOLOTO;TOTOLOTO;TUDO PRESENTE E BEM DATADO;
25/06/2017;DOM;NENHUM;NENHUM;CALMO (Nenhum Jogo);
26/06/2017;SEG;NENHUM;NENHUM;CALMO (Nenhum Jogo);
27/06/2017;TER;EUROMILLIONS;EUROMILLIONS;TUDO PRESENTE E BEM DATADO;
28/06/2017;QUA;TOTOLOTO;TOTOLOTO;TUDO PRESENTE E BEM DATADO;
29/06/2017;QUI;NENHUM;NENHUM;CALMO (Nenhum Jogo);
30/06/2017;SEX;EUROMILLIONS;EUROMILLIONS;TUDO PRESENTE E BEM DATADO;
01/07/2017;SAB;TOTOLOTO;TOTOLOTO;TUDO PRESENTE E BEM DATADO;
02/07/2017;DOM;NENHUM;NENHUM;CALMO (Nenhum Jogo);
03/07/2017;SEG;NENHUM;NENHUM;CALMO (Nenhum Jogo);
04/07/2017;TER;EUROMILLIONS;EUROMILLIONS;TUDO PRESENTE E BEM DATADO;
05/07/2017;QUA;TOTOLOTO;TOTOLOTO;TUDO PRESENTE E BEM DATADO;
06/07/2017;QUI;NENHUM;NENHUM;CALMO (Nenhum Jogo);
07/07/2017;SEX;EUROMILLIONS;EUROMILLIONS;TUDO PRESENTE E BEM DATADO;
08/07/2017;SAB;TOTOLOTO;TOTOLOTO;TUDO PRESENTE E BEM DATADO;
09/07/2017;DOM;NENHUM;NENHUM;CALMO (Nenhum Jogo);
10/07/2017;SEG;NENHUM;NENHUM;CALMO (Nenhum Jogo);
11/07/2017;TER;EUROMILLIONS;EUROMILLIONS;TUDO PRESENTE E BEM DATADO;
12/07/2017;QUA;TOTOLOTO;TOTOLOTO;TUDO PRESENTE E BEM DATADO;
13/07/2017;QUI;NENHUM;NENHUM;CALMO (Nenhum Jogo);
14/07/2017;SEX;EUROMILLIONS;EUROMILLIONS;TUDO PRESENTE E BEM DATADO;
15/07/2017;SAB;TOTOLOTO;TOTOLOTO;TUDO PRESENTE E BEM DATADO;
16/07/2017;DOM;NENHUM;NENHUM;CALMO (Nenhum Jogo);
17/07/2017;SEG;NENHUM;NENHUM;CALMO (Nenhum Jogo);
18/07/2017;TER;EUROMILLIONS;EUROMILLIONS;TUDO PRESENTE E BEM DATADO;
19/07/2017;QUA;TOTOLOTO;TOTOLOTO;TUDO PRESENTE E BEM DATADO;
20/07/2017;QUI;NENHUM;NENHUM;CALMO (Nenhum Jogo);
21/07/2017;SEX;EUROMILLIONS;EUROMILLIONS;TUDO PRESENTE E BEM DATADO;
22/07/2017;SAB;TOTOLOTO;TOTOLOTO;TUDO PRESENTE E BEM DATADO;
23/07/2017;DOM;NENHUM;NENHUM;CALMO (Nenhum Jogo);
24/07/2017;SEG;NENHUM;NENHUM;CALMO (Nenhum Jogo);
25/07/2017;TER;EUROMILLIONS;EUROMILLIONS;TUDO PRESENTE E BEM DATADO;
26/07/2017;QUA;TOTOLOTO;TOTOLOTO;TUDO PRESENTE E BEM DATADO;
27/07/2017;QUI;NENHUM;NENHUM;CALMO (Nenhum Jogo);
28/07/2017;SEX;EUROMILLIONS;EUROMILLIONS;TUDO PRESENTE E BEM DATADO;
29/07/2017;SAB;TOTOLOTO;TOTOLOTO;TUDO PRESENTE E BEM DATADO;
30/07/2017;DOM;NENHUM;NENHUM;CALMO (Nenhum Jogo);
31/07/2017;SEG;NENHUM;NENHUM;CALMO (Nenhum Jogo);
01/08/2017;TER;EUROMILLIONS;EUROMILLIONS;TUDO PRESENTE E BEM DATADO;
02/08/2017;QUA;TOTOLOTO;TOTOLOTO;TUDO PRESENTE E BEM DATADO;
03/08/2017;QUI;NENHUM;NENHUM;CALMO (Nenhum Jogo);
04/08/2017;SEX;EUROMILLIONS;EUROMILLIONS;TUDO PRESENTE E BEM DATADO;
05/08/2017;SAB;TOTOLOTO;TOTOLOTO;TUDO PRESENTE E BEM DATADO;
06/08/2017;DOM;NENHUM;NENHUM;CALMO (Nenhum Jogo);
07/08/2017;SEG;NENHUM;NENHUM;CALMO (Nenhum Jogo);
08/08/2017;TER;EUROMILLIONS;EUROMILLIONS;TUDO PRESENTE E BEM DATADO;
09/08/2017;QUA;TOTOLOTO;TOTOLOTO;TUDO PRESENTE E BEM DATADO;
10/08/2017;QUI;NENHUM;NENHUM;CALMO (Nenhum Jogo);
11/08/2017;SEX;EUROMILLIONS;EUROMILLIONS;TUDO PRESENTE E BEM DATADO;
12/08/2017;SAB;TOTOLOTO;TOTOLOTO;TUDO PRESENTE E BEM DATADO;
13/08/2017;DOM;NENHUM;NENHUM;CALMO (Nenhum Jogo);
14/08/2017;SEG;NENHUM;NENHUM;CALMO (Nenhum Jogo);
15/08/2017;TER;EUROMILLIONS;EUROMILLIONS;TUDO PRESENTE E BEM DATADO;
16/08/2017;QUA;TOTOLOTO;TOTOLOTO;TUDO PRESENTE E BEM DATADO;
17/08/2017;QUI;NENHUM;NENHUM;CALMO (Nenhum Jogo);
18/08/2017;SEX;EUROMILLIONS;EUROMILLIONS;TUDO PRESENTE E BEM DATADO;
19/08/2017;SAB;TOTOLOTO;TOTOLOTO;TUDO PRESENTE E BEM DATADO;
20/08/2017;DOM;NENHUM;NENHUM;CALMO (Nenhum Jogo);
21/08/2017;SEG;NENHUM;NENHUM;CALMO (Nenhum Jogo);
22/08/2017;TER;EUROMILLIONS;EUROMILLIONS;TUDO PRESENTE E BEM DATADO;
23/08/2017;QUA;TOTOLOTO;TOTOLOTO;TUDO PRESENTE E BEM DATADO;
24/08/2017;QUI;NENHUM;NENHUM;CALMO (Nenhum Jogo);
25/08/2017;SEX;EUROMILLIONS;EUROMILLIONS;TUDO PRESENTE E BEM DATADO;
26/08/2017;SAB;TOTOLOTO;TOTOLOTO;TUDO PRESENTE E BEM DATADO;
27/08/2017;DOM;NENHUM;NENHUM;CALMO (Nenhum Jogo);
28/08/2017;SEG;NENHUM;NENHUM;CALMO (Nenhum Jogo);
29/08/2017;TER;EUROMILLIONS;EUROMILLIONS;TUDO PRESENTE E BEM DATADO;
30/08/2017;QUA;TOTOLOTO;TOTOLOTO;TUDO PRESENTE E BEM DATADO;
31/08/2017;QUI;NENHUM;NENHUM;CALMO (Nenhum Jogo);
01/09/2017;SEX;EUROMILLIONS;EUROMILLIONS;TUDO PRESENTE E BEM DATADO;
02/09/2017;SAB;TOTOLOTO;TOTOLOTO;TUDO PRESENTE E BEM DATADO;
03/09/2017;DOM;NENHUM;NENHUM;CALMO (Nenhum Jogo);
04/09/2017;SEG;NENHUM;NENHUM;CALMO (Nenhum Jogo);
05/09/2017;TER;EUROMILLIONS;EUROMILLIONS;TUDO PRESENTE E BEM DATADO;
06/09/2017;QUA;TOTOLOTO;TOTOLOTO;TUDO PRESENTE E BEM DATADO;
07/09/2017;QUI;NENHUM;NENHUM;CALMO (Nenhum Jogo);
08/09/2017;SEX;EUROMILLIONS;EUROMILLIONS;TUDO PRESENTE E BEM DATADO;
09/09/2017;SAB;TOTOLOTO;TOTOLOTO;TUDO PRESENTE E BEM DATADO;
10/09/2017;DOM;NENHUM;NENHUM;CALMO (Nenhum Jogo);
11/09/2017;SEG;NENHUM;NENHUM;CALMO (Nenhum Jogo);
12/09/2017;TER;EUROMILLIONS;EUROMILLIONS;TUDO PRESENTE E BEM DATADO;
13/09/2017;QUA;TOTOLOTO;TOTOLOTO;TUDO PRESENTE E BEM DATADO;
14/09/2017;QUI;NENHUM;NENHUM;CALMO (Nenhum Jogo);
15/09/2017;SEX;EUROMILLIONS;EUROMILLIONS;TUDO PRESENTE E BEM DATADO;
16/09/2017;SAB;TOTOLOTO;TOTOLOTO;TUDO PRESENTE E BEM DATADO;
17/09/2017;DOM;NENHUM;NENHUM;CALMO (Nenhum Jogo);
18/09/2017;SEG;NENHUM;NENHUM;CALMO (Nenhum Jogo);
19/09/2017;TER;EUROMILLIONS;EUROMILLIONS;TUDO PRESENTE E BEM DATADO;
20/09/2017;QUA;TOTOLOTO;TOTOLOTO;TUDO PRESENTE E BEM DATADO;
21/09/2017;QUI;NENHUM;NENHUM;CALMO (Nenhum Jogo);
22/09/2017;SEX;EUROMILLIONS;EUROMILLIONS;TUDO PRESENTE E BEM DATADO;
23/09/2017;SAB;TOTOLOTO;TOTOLOTO;TUDO PRESENTE E BEM DATADO;
24/09/2017;DOM;NENHUM;NENHUM;CALMO (Nenhum Jogo);
25/09/2017;SEG;NENHUM;NENHUM;CALMO (Nenhum Jogo);
26/09/2017;TER;EUROMILLIONS;EUROMILLIONS;TUDO PRESENTE E BEM DATADO;
27/09/2017;QUA;TOTOLOTO;TOTOLOTO;TUDO PRESENTE E BEM DATADO;
28/09/2017;QUI;NENHUM;NENHUM;CALMO (Nenhum Jogo);
29/09/2017;SEX;EUROMILLIONS;EUROMILLIONS;TUDO PRESENTE E BEM DATADO;
30/09/2017;SAB;TOTOLOTO;TOTOLOTO;TUDO PRESENTE E BEM DATADO;
01/10/2017;DOM;NENHUM;NENHUM;CALMO (Nenhum Jogo);
02/10/2017;SEG;NENHUM;NENHUM;CALMO (Nenhum Jogo);
03/10/2017;TER;EUROMILLIONS;EUROMILLIONS;TUDO PRESENTE E BEM DATADO;
04/10/2017;QUA;TOTOLOTO;TOTOLOTO;TUDO PRESENTE E BEM DATADO;
05/10/2017;QUI;NENHUM;NENHUM;CALMO (Nenhum Jogo);
06/10/2017;SEX;EUROMILLIONS;EUROMILLIONS;TUDO PRESENTE E BEM DATADO;
07/10/2017;SAB;TOTOLOTO;TOTOLOTO;TUDO PRESENTE E BEM DATADO;
08/10/2017;DOM;NENHUM;NENHUM;CALMO (Nenhum Jogo);
09/10/2017;SEG;NENHUM;NENHUM;CALMO (Nenhum Jogo);
10/10/2017;TER;EUROMILLIONS;EUROMILLIONS;TUDO PRESENTE E BEM DATADO;
11/10/2017;QUA;TOTOLOTO;TOTOLOTO;TUDO PRESENTE E BEM DATADO;
12/10/2017;QUI;NENHUM;NENHUM;CALMO (Nenhum Jogo);
13/10/2017;SEX;EUROMILLIONS;EUROMILLIONS;TUDO PRESENTE E BEM DATADO;
14/10/2017;SAB;TOTOLOTO;TOTOLOTO;TUDO PRESENTE E BEM DATADO;
15/10/2017;DOM;NENHUM;NENHUM;CALMO (Nenhum Jogo);
16/10/2017;SEG;NENHUM;NENHUM;CALMO (Nenhum Jogo);
17/10/2017;TER;EUROMILLIONS;EUROMILLIONS;TUDO PRESENTE E BEM DATADO;
18/10/2017;QUA;TOTOLOTO;TOTOLOTO;TUDO PRESENTE E BEM DATADO;
19/10/2017;QUI;NENHUM;NENHUM;CALMO (Nenhum Jogo);
20/10/2017;SEX;EUROMILLIONS;EUROMILLIONS;TUDO PRESENTE E BEM DATADO;
21/10/2017;SAB;TOTOLOTO;TOTOLOTO;TUDO PRESENTE E BEM DATADO;
22/10/2017;DOM;NENHUM;NENHUM;CALMO (Nenhum Jogo);
23/10/2017;SEG;NENHUM;NENHUM;CALMO (Nenhum Jogo);
24/10/2017;TER;EUROMILLIONS;EUROMILLIONS;TUDO PRESENTE E BEM DATADO;
25/10/2017;QUA;TOTOLOTO;TOTOLOTO;TUDO PRESENTE E BEM DATADO;
26/10/2017;QUI;NENHUM;NENHUM;CALMO (Nenhum Jogo);
27/10/2017;SEX;EUROMILLIONS;EUROMILLIONS;TUDO PRESENTE E BEM DATADO;
28/10/2017;SAB;TOTOLOTO;TOTOLOTO;TUDO PRESENTE E BEM DATADO;
29/10/2017;DOM;NENHUM;NENHUM;CALMO (Nenhum Jogo);
30/10/2017;SEG;NENHUM;NENHUM;CALMO (Nenhum Jogo);
31/10/2017;TER;EUROMILLIONS;EUROMILLIONS;TUDO PRESENTE E BEM DATADO;
01/11/2017;QUA;TOTOLOTO;TOTOLOTO;TUDO PRESENTE E BEM DATADO;
02/11/2017;QUI;NENHUM;NENHUM;CALMO (Nenhum Jogo);
03/11/2017;SEX;EUROMILLIONS;EUROMILLIONS;TUDO PRESENTE E BEM DATADO;
04/11/2017;SAB;TOTOLOTO;TOTOLOTO;TUDO PRESENTE E BEM DATADO;
05/11/2017;DOM;NENHUM;NENHUM;CALMO (Nenhum Jogo);
06/11/2017;SEG;NENHUM;NENHUM;CALMO (Nenhum Jogo);
07/11/2017;TER;EUROMILLIONS;EUROMILLIONS;TUDO PRESENTE E BEM DATADO;
08/11/2017;QUA;TOTOLOTO;TOTOLOTO;TUDO PRESENTE E BEM DATADO;
09/11/2017;QUI;NENHUM;NENHUM;CALMO (Nenhum Jogo);
10/11/2017;SEX;EUROMILLIONS;EUROMILLIONS;TUDO PRESENTE E BEM DATADO;
11/11/2017;SAB;TOTOLOTO;TOTOLOTO;TUDO PRESENTE E BEM DATADO;
12/11/2017;DOM;NENHUM;NENHUM;CALMO (Nenhum Jogo);
13/11/2017;SEG;NENHUM;NENHUM;CALMO (Nenhum Jogo);
14/11/2017;TER;EUROMILLIONS;EUROMILLIONS;TUDO PRESENTE E BEM DATADO;
15/11/2017;QUA;TOTOLOTO;TOTOLOTO;TUDO PRESENTE E BEM DATADO;
16/11/2017;QUI;NENHUM;NENHUM;CALMO (Nenhum Jogo);
17/11/2017;SEX;EUROMILLIONS;EUROMILLIONS;TUDO PRESENTE E BEM DATADO;
18/11/2017;SAB;TOTOLOTO;TOTOLOTO;TUDO PRESENTE E BEM DATADO;
19/11/2017;DOM;NENHUM;NENHUM;CALMO (Nenhum Jogo);
20/11/2017;SEG;NENHUM;NENHUM;CALMO (Nenhum Jogo);
21/11/2017;TER;EUROMILLIONS;EUROMILLIONS;TUDO PRESENTE E BEM DATADO;
22/11/2017;QUA;TOTOLOTO;TOTOLOTO;TUDO PRESENTE E BEM DATADO;
23/11/2017;QUI;NENHUM;NENHUM;CALMO (Nenhum Jogo);
24/11/2017;SEX;EUROMILLIONS;EUROMILLIONS;TUDO PRESENTE E BEM DATADO;
25/11/2017;SAB;TOTOLOTO;TOTOLOTO;TUDO PRESENTE E BEM DATADO;
26/11/2017;DOM;NENHUM;NENHUM;CALMO (Nenhum Jogo);
27/11/2017;SEG;NENHUM;NENHUM;CALMO (Nenhum Jogo);
28/11/2017;TER;EUROMILLIONS;EUROMILLIONS;TUDO PRESENTE E BEM DATADO;
29/11/2017;QUA;TOTOLOTO;TOTOLOTO;TUDO PRESENTE E BEM DATADO;
30/11/2017;QUI;NENHUM;NENHUM;CALMO (Nenhum Jogo);
01/12/2017;SEX;EUROMILLIONS;EUROMILLIONS;TUDO PRESENTE E BEM DATADO;
02/12/2017;SAB;TOTOLOTO;TOTOLOTO;TUDO PRESENTE E BEM DATADO;
03/12/2017;DOM;NENHUM;NENHUM;CALMO (Nenhum Jogo);
04/12/2017;SEG;NENHUM;NENHUM;CALMO (Nenhum Jogo);
05/12/2017;TER;EUROMILLIONS;EUROMILLIONS;TUDO PRESENTE E BEM DATADO;
06/12/2017;QUA;TOTOLOTO;TOTOLOTO;TUDO PRESENTE E BEM DATADO;
07/12/2017;QUI;NENHUM;NENHUM;CALMO (Nenhum Jogo);
08/12/2017;SEX;EUROMILLIONS;EUROMILLIONS;TUDO PRESENTE E BEM DATADO;
09/12/2017;SAB;TOTOLOTO;TOTOLOTO;TUDO PRESENTE E BEM DATADO;
10/12/2017;DOM;NENHUM;NENHUM;CALMO (Nenhum Jogo);
11/12/2017;SEG;NENHUM;NENHUM;CALMO (Nenhum Jogo);
12/12/2017;TER;EUROMILLIONS;EUROMILLIONS;TUDO PRESENTE E BEM DATADO;
13/12/2017;QUA;TOTOLOTO;TOTOLOTO;TUDO PRESENTE E BEM DATADO;
14/12/2017;QUI;NENHUM;NENHUM;CALMO (Nenhum Jogo);
15/12/2017;SEX;EUROMILLIONS;EUROMILLIONS;TUDO PRESENTE E BEM DATADO;
16/12/2017;SAB;TOTOLOTO;TOTOLOTO;TUDO PRESENTE E BEM DATADO;
17/12/2017;DOM;NENHUM;NENHUM;CALMO (Nenhum Jogo);
18/12/2017;SEG;NENHUM;NENHUM;CALMO (Nenhum Jogo);
19/12/2017;TER;EUROMILLIONS;EUROMILLIONS;TUDO PRESENTE E BEM DATADO;
20/12/2017;QUA;TOTOLOTO;TOTOLOTO;TUDO PRESENTE E BEM DATADO;
21/12/2017;QUI;NENHUM;NENHUM;CALMO (Nenhum Jogo);
22/12/2017;SEX;EUROMILLIONS;EUROMILLIONS;TUDO PRESENTE E BEM DATADO;
23/12/2017;SAB;TOTOLOTO;TOTOLOTO;TUDO PRESENTE E BEM DATADO;
24/12/2017;DOM;NENHUM;NENHUM;CALMO (Nenhum Jogo);
25/12/2017;SEG;NENHUM;NENHUM;CALMO (Nenhum Jogo);
26/12/2017;TER;EUROMILLIONS;EUROMILLIONS;TUDO PRESENTE E BEM DATADO;
27/12/2017;QUA;TOTOLOTO;TOTOLOTO;TUDO PRESENTE E BEM DATADO;
28/12/2017;QUI;NENHUM;NENHUM;CALMO (Nenhum Jogo);
29/12/2017;SEX;EUROMILLIONS;EUROMILLIONS;TUDO PRESENTE E BEM DATADO;
30/12/2017;SAB;TOTOLOTO;TOTOLOTO;TUDO PRESENTE E BEM DATADO;
31/12/2017;DOM;NENHUM;NENHUM;CALMO (Nenhum Jogo);
01/01/2018;SEG;NENHUM;NENHUM;CALMO (Nenhum Jogo);
02/01/2018;TER;EUROMILLIONS;EUROMILLIONS;TUDO PRESENTE E BEM DATADO;
03/01/2018;QUA;TOTOLOTO;TOTOLOTO;TUDO PRESENTE E BEM DATADO;
04/01/2018;QUI;NENHUM;NENHUM;CALMO (Nenhum Jogo);
05/01/2018;SEX;EUROMILLIONS;EUROMILLIONS;TUDO PRESENTE E BEM DATADO;
06/01/2018;SAB;TOTOLOTO;TOTOLOTO;TUDO PRESENTE E BEM DATADO;
07/01/2018;DOM;NENHUM;NENHUM;CALMO (Nenhum Jogo);
08/01/2018;SEG;NENHUM;NENHUM;CALMO (Nenhum Jogo);
09/01/2018;TER;EUROMILLIONS;EUROMILLIONS;TUDO PRESENTE E BEM DATADO;
10/01/2018;QUA;TOTOLOTO;TOTOLOTO;TUDO PRESENTE E BEM DATADO;
11/01/2018;QUI;NENHUM;NENHUM;CALMO (Nenhum Jogo);
12/01/2018;SEX;EUROMILLIONS;EUROMILLIONS;TUDO PRESENTE E BEM DATADO;
13/01/2018;SAB;TOTOLOTO;TOTOLOTO;TUDO PRESENTE E BEM DATADO;
14/01/2018;DOM;NENHUM;NENHUM;CALMO (Nenhum Jogo);
15/01/2018;SEG;NENHUM;NENHUM;CALMO (Nenhum Jogo);
16/01/2018;TER;EUROMILLIONS;EUROMILLIONS;TUDO PRESENTE E BEM DATADO;
17/01/2018;QUA;TOTOLOTO;TOTOLOTO;TUDO PRESENTE E BEM DATADO;
18/01/2018;QUI;NENHUM;NENHUM;CALMO (Nenhum Jogo);
19/01/2018;SEX;EUROMILLIONS;EUROMILLIONS;TUDO PRESENTE E BEM DATADO;
20/01/2018;SAB;TOTOLOTO;TOTOLOTO;TUDO PRESENTE E BEM DATADO;
21/01/2018;DOM;NENHUM;NENHUM;CALMO (Nenhum Jogo);
22/01/2018;SEG;NENHUM;NENHUM;CALMO (Nenhum Jogo);
23/01/2018;TER;EUROMILLIONS;EUROMILLIONS;TUDO PRESENTE E BEM DATADO;
24/01/2018;QUA;TOTOLOTO;TOTOLOTO;TUDO PRESENTE E BEM DATADO;
25/01/2018;QUI;NENHUM;NENHUM;CALMO (Nenhum Jogo);
26/01/2018;SEX;EUROMILLIONS;EUROMILLIONS;TUDO PRESENTE E BEM DATADO;
27/01/2018;SAB;TOTOLOTO;TOTOLOTO;TUDO PRESENTE E BEM DATADO;
28/01/2018;DOM;NENHUM;NENHUM;CALMO (Nenhum Jogo);
29/01/2018;SEG;NENHUM;NENHUM;CALMO (Nenhum Jogo);
30/01/2018;TER;EUROMILLIONS;EUROMILLIONS;TUDO PRESENTE E BEM DATADO;
31/01/2018;QUA;TOTOLOTO;TOTOLOTO;TUDO PRESENTE E BEM DATADO;
01/02/2018;QUI;NENHUM;NENHUM;CALMO (Nenhum Jogo);
02/02/2018;SEX;EUROMILLIONS;EUROMILLIONS;TUDO PRESENTE E BEM DATADO;
03/02/2018;SAB;TOTOLOTO;TOTOLOTO;TUDO PRESENTE E BEM DATADO;
04/02/2018;DOM;NENHUM;NENHUM;CALMO (Nenhum Jogo);
05/02/2018;SEG;NENHUM;NENHUM;CALMO (Nenhum Jogo);
06/02/2018;TER;EUROMILLIONS;EUROMILLIONS;TUDO PRESENTE E BEM DATADO;
07/02/2018;QUA;TOTOLOTO;TOTOLOTO;TUDO PRESENTE E BEM DATADO;
08/02/2018;QUI;NENHUM;NENHUM;CALMO (Nenhum Jogo);
09/02/2018;SEX;EUROMILLIONS;EUROMILLIONS;TUDO PRESENTE E BEM DATADO;
10/02/2018;SAB;TOTOLOTO;TOTOLOTO;TUDO PRESENTE E BEM DATADO;
11/02/2018;DOM;NENHUM;NENHUM;CALMO (Nenhum Jogo);
12/02/2018;SEG;NENHUM;NENHUM;CALMO (Nenhum Jogo);
13/02/2018;TER;EUROMILLIONS;EUROMILLIONS;TUDO PRESENTE E BEM DATADO;
14/02/2018;QUA;TOTOLOTO;TOTOLOTO;TUDO PRESENTE E BEM DATADO;
15/02/2018;QUI;NENHUM;NENHUM;CALMO (Nenhum Jogo);
16/02/2018;SEX;EUROMILLIONS;EUROMILLIONS;TUDO PRESENTE E BEM DATADO;
17/02/2018;SAB;TOTOLOTO;TOTOLOTO;TUDO PRESENTE E BEM DATADO;
18/02/2018;DOM;NENHUM;NENHUM;CALMO (Nenhum Jogo);
19/02/2018;SEG;NENHUM;NENHUM;CALMO (Nenhum Jogo);
20/02/2018;TER;EUROMILLIONS;EUROMILLIONS;TUDO PRESENTE E BEM DATADO;
21/02/2018;QUA;TOTOLOTO;TOTOLOTO;TUDO PRESENTE E BEM DATADO;
22/02/2018;QUI;NENHUM;NENHUM;CALMO (Nenhum Jogo);
23/02/2018;SEX;EUROMILLIONS;EUROMILLIONS;TUDO PRESENTE E BEM DATADO;
24/02/2018;SAB;TOTOLOTO;TOTOLOTO;TUDO PRESENTE E BEM DATADO;
25/02/2018;DOM;NENHUM;NENHUM;CALMO (Nenhum Jogo);
26/02/2018;SEG;NENHUM;NENHUM;CALMO (Nenhum Jogo);
27/02/2018;TER;EUROMILLIONS;EUROMILLIONS;TUDO PRESENTE E BEM DATADO;
28/02/2018;QUA;TOTOLOTO;TOTOLOTO;TUDO PRESENTE E BEM DATADO;
01/03/2018;QUI;NENHUM;NENHUM;CALMO (Nenhum Jogo);
02/03/2018;SEX;EUROMILLIONS;EUROMILLIONS;TUDO PRESENTE E BEM DATADO;
03/03/2018;SAB;TOTOLOTO;TOTOLOTO;TUDO PRESENTE E BEM DATADO;
04/03/2018;DOM;NENHUM;NENHUM;CALMO (Nenhum Jogo);
05/03/2018;SEG;NENHUM;NENHUM;CALMO (Nenhum Jogo);
06/03/2018;TER;EUROMILLIONS;EUROMILLIONS;TUDO PRESENTE E BEM DATADO;
07/03/2018;QUA;TOTOLOTO;TOTOLOTO;TUDO PRESENTE E BEM DATADO;
08/03/2018;QUI;NENHUM;NENHUM;CALMO (Nenhum Jogo);
09/03/2018;SEX;EUROMILLIONS;EUROMILLIONS;TUDO PRESENTE E BEM DATADO;
10/03/2018;SAB;TOTOLOTO;TOTOLOTO;TUDO PRESENTE E BEM DATADO;
11/03/2018;DOM;NENHUM;NENHUM;CALMO (Nenhum Jogo);
12/03/2018;SEG;NENHUM;NENHUM;CALMO (Nenhum Jogo);
13/03/2018;TER;EUROMILLIONS;EUROMILLIONS;TUDO PRESENTE E BEM DATADO;
14/03/2018;QUA;TOTOLOTO;TOTOLOTO;TUDO PRESENTE E BEM DATADO;
15/03/2018;QUI;NENHUM;NENHUM;CALMO (Nenhum Jogo);
16/03/2018;SEX;EUROMILLIONS;EUROMILLIONS;TUDO PRESENTE E BEM DATADO;
17/03/2018;SAB;TOTOLOTO;TOTOLOTO;TUDO PRESENTE E BEM DATADO;
18/03/2018;DOM;NENHUM;NENHUM;CALMO (Nenhum Jogo);
19/03/2018;SEG;NENHUM;NENHUM;CALMO (Nenhum Jogo);
20/03/2018;TER;EUROMILLIONS;EUROMILLIONS;TUDO PRESENTE E BEM DATADO;
21/03/2018;QUA;TOTOLOTO;TOTOLOTO;TUDO PRESENTE E BEM DATADO;
22/03/2018;QUI;NENHUM;NENHUM;CALMO (Nenhum Jogo);
23/03/2018;SEX;EUROMILLIONS;EUROMILLIONS;TUDO PRESENTE E BEM DATADO;
24/03/2018;SAB;TOTOLOTO;TOTOLOTO;TUDO PRESENTE E BEM DATADO;
25/03/2018;DOM;NENHUM;NENHUM;CALMO (Nenhum Jogo);
26/03/2018;SEG;NENHUM;NENHUM;CALMO (Nenhum Jogo);
27/03/2018;TER;EUROMILLIONS;EUROMILLIONS;TUDO PRESENTE E BEM DATADO;
28/03/2018;QUA;TOTOLOTO;TOTOLOTO;TUDO PRESENTE E BEM DATADO;
29/03/2018;QUI;NENHUM;NENHUM;CALMO (Nenhum Jogo);
30/03/2018;SEX;EUROMILLIONS;EUROMILLIONS;TUDO PRESENTE E BEM DATADO;
31/03/2018;SAB;TOTOLOTO;TOTOLOTO;TUDO PRESENTE E BEM DATADO;
01/04/2018;DOM;NENHUM;NENHUM;CALMO (Nenhum Jogo);
02/04/2018;SEG;NENHUM;NENHUM;CALMO (Nenhum Jogo);
03/04/2018;TER;EUROMILLIONS;EUROMILLIONS;TUDO PRESENTE E BEM DATADO;
04/04/2018;QUA;TOTOLOTO;TOTOLOTO;TUDO PRESENTE E BEM DATADO;
05/04/2018;QUI;NENHUM;NENHUM;CALMO (Nenhum Jogo);
06/04/2018;SEX;EUROMILLIONS;EUROMILLIONS;TUDO PRESENTE E BEM DATADO;
07/04/2018;SAB;TOTOLOTO;TOTOLOTO;TUDO PRESENTE E BEM DATADO;
08/04/2018;DOM;NENHUM;NENHUM;CALMO (Nenhum Jogo);
09/04/2018;SEG;NENHUM;NENHUM;CALMO (Nenhum Jogo);
10/04/2018;TER;EUROMILLIONS;EUROMILLIONS;TUDO PRESENTE E BEM DATADO;
11/04/2018;QUA;TOTOLOTO;TOTOLOTO;TUDO PRESENTE E BEM DATADO;
12/04/2018;QUI;NENHUM;NENHUM;CALMO (Nenhum Jogo);
13/04/2018;SEX;EUROMILLIONS;EUROMILLIONS;TUDO PRESENTE E BEM DATADO;
14/04/2018;SAB;TOTOLOTO;TOTOLOTO;TUDO PRESENTE E BEM DATADO;
15/04/2018;DOM;NENHUM;NENHUM;CALMO (Nenhum Jogo);
16/04/2018;SEG;NENHUM;NENHUM;CALMO (Nenhum Jogo);
17/04/2018;TER;EUROMILLIONS;EUROMILLIONS;TUDO PRESENTE E BEM DATADO;
18/04/2018;QUA;TOTOLOTO;TOTOLOTO;TUDO PRESENTE E BEM DATADO;
19/04/2018;QUI;NENHUM;NENHUM;CALMO (Nenhum Jogo);
20/04/2018;SEX;EUROMILLIONS;EUROMILLIONS;TUDO PRESENTE E BEM DATADO;
21/04/2018;SAB;TOTOLOTO;TOTOLOTO;TUDO PRESENTE E BEM DATADO;
22/04/2018;DOM;NENHUM;NENHUM;CALMO (Nenhum Jogo);
23/04/2018;SEG;NENHUM;NENHUM;CALMO (Nenhum Jogo);
24/04/2018;TER;EUROMILLIONS;EUROMILLIONS;TUDO PRESENTE E BEM DATADO;
25/04/2018;QUA;TOTOLOTO;TOTOLOTO;TUDO PRESENTE E BEM DATADO;
26/04/2018;QUI;NENHUM;NENHUM;CALMO (Nenhum Jogo);
27/04/2018;SEX;EUROMILLIONS;EUROMILLIONS;TUDO PRESENTE E BEM DATADO;
28/04/2018;SAB;TOTOLOTO;TOTOLOTO;TUDO PRESENTE E BEM DATADO;
29/04/2018;DOM;NENHUM;NENHUM;CALMO (Nenhum Jogo);
30/04/2018;SEG;NENHUM;NENHUM;CALMO (Nenhum Jogo);
01/05/2018;TER;EUROMILLIONS;EUROMILLIONS;TUDO PRESENTE E BEM DATADO;
02/05/2018;QUA;TOTOLOTO;TOTOLOTO;TUDO PRESENTE E BEM DATADO;
03/05/2018;QUI;NENHUM;NENHUM;CALMO (Nenhum Jogo);
04/05/2018;SEX;EUROMILLIONS;EUROMILLIONS;TUDO PRESENTE E BEM DATADO;
05/05/2018;SAB;TOTOLOTO;TOTOLOTO;TUDO PRESENTE E BEM DATADO;
06/05/2018;DOM;NENHUM;NENHUM;CALMO (Nenhum Jogo);
07/05/2018;SEG;NENHUM;NENHUM;CALMO (Nenhum Jogo);
08/05/2018;TER;EUROMILLIONS;EUROMILLIONS;TUDO PRESENTE E BEM DATADO;
09/05/2018;QUA;TOTOLOTO;TOTOLOTO;TUDO PRESENTE E BEM DATADO;
10/05/2018;QUI;NENHUM;NENHUM;CALMO (Nenhum Jogo);
11/05/2018;SEX;EUROMILLIONS;EUROMILLIONS;TUDO PRESENTE E BEM DATADO;
12/05/2018;SAB;TOTOLOTO;TOTOLOTO;TUDO PRESENTE E BEM DATADO;
13/05/2018;DOM;NENHUM;NENHUM;CALMO (Nenhum Jogo);
14/05/2018;SEG;NENHUM;NENHUM;CALMO (Nenhum Jogo);
15/05/2018;TER;EUROMILLIONS;EUROMILLIONS;TUDO PRESENTE E BEM DATADO;
16/05/2018;QUA;TOTOLOTO;TOTOLOTO;TUDO PRESENTE E BEM DATADO;
17/05/2018;QUI;NENHUM;NENHUM;CALMO (Nenhum Jogo);
18/05/2018;SEX;EUROMILLIONS;EUROMILLIONS;TUDO PRESENTE E BEM DATADO;
19/05/2018;SAB;TOTOLOTO;TOTOLOTO;TUDO PRESENTE E BEM DATADO;
20/05/2018;DOM;NENHUM;NENHUM;CALMO (Nenhum Jogo);
21/05/2018;SEG;NENHUM;NENHUM;CALMO (Nenhum Jogo);
22/05/2018;TER;EUROMILLIONS;EUROMILLIONS;TUDO PRESENTE E BEM DATADO;
23/05/2018;QUA;TOTOLOTO;TOTOLOTO;TUDO PRESENTE E BEM DATADO;
24/05/2018;QUI;NENHUM;NENHUM;CALMO (Nenhum Jogo);
25/05/2018;SEX;EUROMILLIONS;EUROMILLIONS;TUDO PRESENTE E BEM DATADO;
26/05/2018;SAB;TOTOLOTO;TOTOLOTO;TUDO PRESENTE E BEM DATADO;
27/05/2018;DOM;NENHUM;NENHUM;CALMO (Nenhum Jogo);
28/05/2018;SEG;NENHUM;NENHUM;CALMO (Nenhum Jogo);
29/05/2018;TER;EUROMILLIONS;EUROMILLIONS;TUDO PRESENTE E BEM DATADO;
30/05/2018;QUA;TOTOLOTO;TOTOLOTO;TUDO PRESENTE E BEM DATADO;
31/05/2018;QUI;NENHUM;NENHUM;CALMO (Nenhum Jogo);
01/06/2018;SEX;EUROMILLIONS;EUROMILLIONS;TUDO PRESENTE E BEM DATADO;
02/06/2018;SAB;TOTOLOTO;TOTOLOTO;TUDO PRESENTE E BEM DATADO;
03/06/2018;DOM;NENHUM;NENHUM;CALMO (Nenhum Jogo);
04/06/2018;SEG;NENHUM;NENHUM;CALMO (Nenhum Jogo);
05/06/2018;TER;EUROMILLIONS;EUROMILLIONS;TUDO PRESENTE E BEM DATADO;
06/06/2018;QUA;TOTOLOTO;TOTOLOTO;TUDO PRESENTE E BEM DATADO;
07/06/2018;QUI;NENHUM;NENHUM;CALMO (Nenhum Jogo);
08/06/2018;SEX;EUROMILLIONS;EUROMILLIONS;TUDO PRESENTE E BEM DATADO;
09/06/2018;SAB;TOTOLOTO;TOTOLOTO;TUDO PRESENTE E BEM DATADO;
10/06/2018;DOM;NENHUM;NENHUM;CALMO (Nenhum Jogo);
11/06/2018;SEG;NENHUM;NENHUM;CALMO (Nenhum Jogo);
12/06/2018;TER;EUROMILLIONS;EUROMILLIONS;TUDO PRESENTE E BEM DATADO;
13/06/2018;QUA;TOTOLOTO;TOTOLOTO;TUDO PRESENTE E BEM DATADO;
14/06/2018;QUI;NENHUM;NENHUM;CALMO (Nenhum Jogo);
15/06/2018;SEX;EUROMILLIONS;EUROMILLIONS;TUDO PRESENTE E BEM DATADO;
16/06/2018;SAB;TOTOLOTO;TOTOLOTO;TUDO PRESENTE E BEM DATADO;
17/06/2018;DOM;NENHUM;NENHUM;CALMO (Nenhum Jogo);
18/06/2018;SEG;NENHUM;NENHUM;CALMO (Nenhum Jogo);
19/06/2018;TER;EUROMILLIONS;EUROMILLIONS;TUDO PRESENTE E BEM DATADO;
20/06/2018;QUA;TOTOLOTO;TOTOLOTO;TUDO PRESENTE E BEM DATADO;
21/06/2018;QUI;NENHUM;NENHUM;CALMO (Nenhum Jogo);
22/06/2018;SEX;EUROMILLIONS;EUROMILLIONS;TUDO PRESENTE E BEM DATADO;
23/06/2018;SAB;TOTOLOTO;TOTOLOTO;TUDO PRESENTE E BEM DATADO;
24/06/2018;DOM;NENHUM;NENHUM;CALMO (Nenhum Jogo);
25/06/2018;SEG;NENHUM;NENHUM;CALMO (Nenhum Jogo);
26/06/2018;TER;EUROMILLIONS;EUROMILLIONS;TUDO PRESENTE E BEM DATADO;
27/06/2018;QUA;TOTOLOTO;TOTOLOTO;TUDO PRESENTE E BEM DATADO;
28/06/2018;QUI;NENHUM;NENHUM;CALMO (Nenhum Jogo);
29/06/2018;SEX;EUROMILLIONS;EUROMILLIONS;TUDO PRESENTE E BEM DATADO;
30/06/2018;SAB;TOTOLOTO;TOTOLOTO;TUDO PRESENTE E BEM DATADO;
01/07/2018;DOM;NENHUM;NENHUM;CALMO (Nenhum Jogo);
02/07/2018;SEG;NENHUM;NENHUM;CALMO (Nenhum Jogo);
03/07/2018;TER;EUROMILLIONS;EUROMILLIONS;TUDO PRESENTE E BEM DATADO;
04/07/2018;QUA;TOTOLOTO;TOTOLOTO;TUDO PRESENTE E BEM DATADO;
05/07/2018;QUI;NENHUM;NENHUM;CALMO (Nenhum Jogo);
06/07/2018;SEX;EUROMILLIONS;EUROMILLIONS;TUDO PRESENTE E BEM DATADO;
07/07/2018;SAB;TOTOLOTO;TOTOLOTO;TUDO PRESENTE E BEM DATADO;
08/07/2018;DOM;NENHUM;NENHUM;CALMO (Nenhum Jogo);
09/07/2018;SEG;NENHUM;NENHUM;CALMO (Nenhum Jogo);
10/07/2018;TER;EUROMILLIONS;EUROMILLIONS;TUDO PRESENTE E BEM DATADO;
11/07/2018;QUA;TOTOLOTO;TOTOLOTO;TUDO PRESENTE E BEM DATADO;
12/07/2018;QUI;NENHUM;NENHUM;CALMO (Nenhum Jogo);
13/07/2018;SEX;EUROMILLIONS;EUROMILLIONS;TUDO PRESENTE E BEM DATADO;
14/07/2018;SAB;TOTOLOTO;TOTOLOTO;TUDO PRESENTE E BEM DATADO;
15/07/2018;DOM;NENHUM;NENHUM;CALMO (Nenhum Jogo);
16/07/2018;SEG;NENHUM;NENHUM;CALMO (Nenhum Jogo);
17/07/2018;TER;EUROMILLIONS;EUROMILLIONS;TUDO PRESENTE E BEM DATADO;
18/07/2018;QUA;TOTOLOTO;TOTOLOTO;TUDO PRESENTE E BEM DATADO;
19/07/2018;QUI;NENHUM;NENHUM;CALMO (Nenhum Jogo);
20/07/2018;SEX;EUROMILLIONS;EUROMILLIONS;TUDO PRESENTE E BEM DATADO;
21/07/2018;SAB;TOTOLOTO;TOTOLOTO;TUDO PRESENTE E BEM DATADO;
22/07/2018;DOM;NENHUM;NENHUM;CALMO (Nenhum Jogo);
23/07/2018;SEG;NENHUM;NENHUM;CALMO (Nenhum Jogo);
24/07/2018;TER;EUROMILLIONS;EUROMILLIONS;TUDO PRESENTE E BEM DATADO;
25/07/2018;QUA;TOTOLOTO;TOTOLOTO;TUDO PRESENTE E BEM DATADO;
26/07/2018;QUI;NENHUM;NENHUM;CALMO (Nenhum Jogo);
27/07/2018;SEX;EUROMILLIONS;EUROMILLIONS;TUDO PRESENTE E BEM DATADO;
28/07/2018;SAB;TOTOLOTO;TOTOLOTO;TUDO PRESENTE E BEM DATADO;
29/07/2018;DOM;NENHUM;NENHUM;CALMO (Nenhum Jogo);
30/07/2018;SEG;NENHUM;NENHUM;CALMO (Nenhum Jogo);
31/07/2018;TER;EUROMILLIONS;EUROMILLIONS;TUDO PRESENTE E BEM DATADO;
01/08/2018;QUA;TOTOLOTO;TOTOLOTO;TUDO PRESENTE E BEM DATADO;
02/08/2018;QUI;NENHUM;NENHUM;CALMO (Nenhum Jogo);
03/08/2018;SEX;EUROMILLIONS;EUROMILLIONS;TUDO PRESENTE E BEM DATADO;
04/08/2018;SAB;TOTOLOTO;TOTOLOTO;TUDO PRESENTE E BEM DATADO;
05/08/2018;DOM;NENHUM;NENHUM;CALMO (Nenhum Jogo);
06/08/2018;SEG;NENHUM;NENHUM;CALMO (Nenhum Jogo);
07/08/2018;TER;EUROMILLIONS;EUROMILLIONS;TUDO PRESENTE E BEM DATADO;
08/08/2018;QUA;TOTOLOTO;TOTOLOTO;TUDO PRESENTE E BEM DATADO;
09/08/2018;QUI;NENHUM;NENHUM;CALMO (Nenhum Jogo);
10/08/2018;SEX;EUROMILLIONS;EUROMILLIONS;TUDO PRESENTE E BEM DATADO;
11/08/2018;SAB;TOTOLOTO;TOTOLOTO;TUDO PRESENTE E BEM DATADO;
12/08/2018;DOM;NENHUM;NENHUM;CALMO (Nenhum Jogo);
13/08/2018;SEG;NENHUM;NENHUM;CALMO (Nenhum Jogo);
14/08/2018;TER;EUROMILLIONS;EUROMILLIONS;TUDO PRESENTE E BEM DATADO;
15/08/2018;QUA;TOTOLOTO;TOTOLOTO;TUDO PRESENTE E BEM DATADO;
16/08/2018;QUI;NENHUM;NENHUM;CALMO (Nenhum Jogo);
17/08/2018;SEX;EUROMILLIONS;EUROMILLIONS;TUDO PRESENTE E BEM DATADO;
18/08/2018;SAB;TOTOLOTO;TOTOLOTO;TUDO PRESENTE E BEM DATADO;
19/08/2018;DOM;NENHUM;NENHUM;CALMO (Nenhum Jogo);
20/08/2018;SEG;NENHUM;NENHUM;CALMO (Nenhum Jogo);
21/08/2018;TER;EUROMILLIONS;EUROMILLIONS;TUDO PRESENTE E BEM DATADO;
22/08/2018;QUA;TOTOLOTO;TOTOLOTO;TUDO PRESENTE E BEM DATADO;
23/08/2018;QUI;NENHUM;NENHUM;CALMO (Nenhum Jogo);
24/08/2018;SEX;EUROMILLIONS;EUROMILLIONS;TUDO PRESENTE E BEM DATADO;
25/08/2018;SAB;TOTOLOTO;TOTOLOTO;TUDO PRESENTE E BEM DATADO;
26/08/2018;DOM;NENHUM;NENHUM;CALMO (Nenhum Jogo);
27/08/2018;SEG;NENHUM;NENHUM;CALMO (Nenhum Jogo);
28/08/2018;TER;EUROMILLIONS;EUROMILLIONS;TUDO PRESENTE E BEM DATADO;
29/08/2018;QUA;TOTOLOTO;TOTOLOTO;TUDO PRESENTE E BEM DATADO;
30/08/2018;QUI;NENHUM;NENHUM;CALMO (Nenhum Jogo);
31/08/2018;SEX;EUROMILLIONS;EUROMILLIONS;TUDO PRESENTE E BEM DATADO;
01/09/2018;SAB;TOTOLOTO;TOTOLOTO;TUDO PRESENTE E BEM DATADO;
02/09/2018;DOM;NENHUM;NENHUM;CALMO (Nenhum Jogo);
03/09/2018;SEG;NENHUM;NENHUM;CALMO (Nenhum Jogo);
04/09/2018;TER;EUROMILLIONS;EUROMILLIONS;TUDO PRESENTE E BEM DATADO;
05/09/2018;QUA;TOTOLOTO;TOTOLOTO;TUDO PRESENTE E BEM DATADO;
06/09/2018;QUI;NENHUM;NENHUM;CALMO (Nenhum Jogo);
07/09/2018;SEX;EUROMILLIONS;EUROMILLIONS;TUDO PRESENTE E BEM DATADO;
08/09/2018;SAB;TOTOLOTO;TOTOLOTO;TUDO PRESENTE E BEM DATADO;
09/09/2018;DOM;NENHUM;NENHUM;CALMO (Nenhum Jogo);
10/09/2018;SEG;NENHUM;NENHUM;CALMO (Nenhum Jogo);
11/09/2018;TER;EUROMILLIONS;EUROMILLIONS;TUDO PRESENTE E BEM DATADO;
12/09/2018;QUA;TOTOLOTO;TOTOLOTO;TUDO PRESENTE E BEM DATADO;
13/09/2018;QUI;NENHUM;NENHUM;CALMO (Nenhum Jogo);
14/09/2018;SEX;EUROMILLIONS;EUROMILLIONS;TUDO PRESENTE E BEM DATADO;
15/09/2018;SAB;TOTOLOTO;TOTOLOTO;TUDO PRESENTE E BEM DATADO;
16/09/2018;DOM;NENHUM;NENHUM;CALMO (Nenhum Jogo);
17/09/2018;SEG;NENHUM;NENHUM;CALMO (Nenhum Jogo);
18/09/2018;TER;EUROMILLIONS;EUROMILLIONS;TUDO PRESENTE E BEM DATADO;
19/09/2018;QUA;TOTOLOTO;TOTOLOTO;TUDO PRESENTE E BEM DATADO;
20/09/2018;QUI;NENHUM;NENHUM;CALMO (Nenhum Jogo);
21/09/2018;SEX;EUROMILLIONS;EUROMILLIONS;TUDO PRESENTE E BEM DATADO;
22/09/2018;SAB;TOTOLOTO;TOTOLOTO;TUDO PRESENTE E BEM DATADO;
23/09/2018;DOM;NENHUM;NENHUM;CALMO (Nenhum Jogo);
24/09/2018;SEG;NENHUM;NENHUM;CALMO (Nenhum Jogo);
25/09/2018;TER;EUROMILLIONS;EUROMILLIONS;TUDO PRESENTE E BEM DATADO;
26/09/2018;QUA;TOTOLOTO;TOTOLOTO;TUDO PRESENTE E BEM DATADO;
27/09/2018;QUI;NENHUM;NENHUM;CALMO (Nenhum Jogo);
28/09/2018;SEX;EUROMILLIONS;EUROMILLIONS;TUDO PRESENTE E BEM DATADO;
29/09/2018;SAB;TOTOLOTO;TOTOLOTO;TUDO PRESENTE E BEM DATADO;
30/09/2018;DOM;NENHUM;NENHUM;CALMO (Nenhum Jogo);
01/10/2018;SEG;NENHUM;NENHUM;CALMO (Nenhum Jogo);
02/10/2018;TER;EUROMILLIONS;EUROMILLIONS;TUDO PRESENTE E BEM DATADO;
03/10/2018;QUA;TOTOLOTO;TOTOLOTO;TUDO PRESENTE E BEM DATADO;
04/10/2018;QUI;NENHUM;NENHUM;CALMO (Nenhum Jogo);
05/10/2018;SEX;EUROMILLIONS;EUROMILLIONS;TUDO PRESENTE E BEM DATADO;
06/10/2018;SAB;TOTOLOTO;TOTOLOTO;TUDO PRESENTE E BEM DATADO;
07/10/2018;DOM;NENHUM;NENHUM;CALMO (Nenhum Jogo);
08/10/2018;SEG;NENHUM;NENHUM;CALMO (Nenhum Jogo);
09/10/2018;TER;EUROMILLIONS;EUROMILLIONS;TUDO PRESENTE E BEM DATADO;
10/10/2018;QUA;TOTOLOTO;TOTOLOTO;TUDO PRESENTE E BEM DATADO;
11/10/2018;QUI;NENHUM;NENHUM;CALMO (Nenhum Jogo);
12/10/2018;SEX;EUROMILLIONS;EUROMILLIONS;TUDO PRESENTE E BEM DATADO;
13/10/2018;SAB;TOTOLOTO;TOTOLOTO;TUDO PRESENTE E BEM DATADO;
14/10/2018;DOM;NENHUM;NENHUM;CALMO (Nenhum Jogo);
15/10/2018;SEG;NENHUM;NENHUM;CALMO (Nenhum Jogo);
16/10/2018;TER;EUROMILLIONS;EUROMILLIONS;TUDO PRESENTE E BEM DATADO;
17/10/2018;QUA;TOTOLOTO;TOTOLOTO;TUDO PRESENTE E BEM DATADO;
18/10/2018;QUI;NENHUM;NENHUM;CALMO (Nenhum Jogo);
19/10/2018;SEX;EUROMILLIONS;EUROMILLIONS;TUDO PRESENTE E BEM DATADO;
20/10/2018;SAB;TOTOLOTO;TOTOLOTO;TUDO PRESENTE E BEM DATADO;
21/10/2018;DOM;NENHUM;NENHUM;CALMO (Nenhum Jogo);
22/10/2018;SEG;NENHUM;NENHUM;CALMO (Nenhum Jogo);
23/10/2018;TER;EUROMILLIONS;EUROMILLIONS;TUDO PRESENTE E BEM DATADO;
24/10/2018;QUA;TOTOLOTO;TOTOLOTO;TUDO PRESENTE E BEM DATADO;
25/10/2018;QUI;NENHUM;NENHUM;CALMO (Nenhum Jogo);
26/10/2018;SEX;EUROMILLIONS;EUROMILLIONS;TUDO PRESENTE E BEM DATADO;
27/10/2018;SAB;TOTOLOTO;TOTOLOTO;TUDO PRESENTE E BEM DATADO;
28/10/2018;DOM;NENHUM;NENHUM;CALMO (Nenhum Jogo);
29/10/2018;SEG;NENHUM;NENHUM;CALMO (Nenhum Jogo);
30/10/2018;TER;EUROMILLIONS;EUROMILLIONS;TUDO PRESENTE E BEM DATADO;
31/10/2018;QUA;TOTOLOTO;TOTOLOTO;TUDO PRESENTE E BEM DATADO;
01/11/2018;QUI;NENHUM;NENHUM;CALMO (Nenhum Jogo);
02/11/2018;SEX;EUROMILLIONS;EUROMILLIONS;TUDO PRESENTE E BEM DATADO;
03/11/2018;SAB;TOTOLOTO;TOTOLOTO;TUDO PRESENTE E BEM DATADO;
04/11/2018;DOM;NENHUM;NENHUM;CALMO (Nenhum Jogo);
05/11/2018;SEG;NENHUM;NENHUM;CALMO (Nenhum Jogo);
06/11/2018;TER;EUROMILLIONS;EUROMILLIONS;TUDO PRESENTE E BEM DATADO;
07/11/2018;QUA;TOTOLOTO;TOTOLOTO;TUDO PRESENTE E BEM DATADO;
08/11/2018;QUI;NENHUM;NENHUM;CALMO (Nenhum Jogo);
09/11/2018;SEX;EUROMILLIONS;EUROMILLIONS;TUDO PRESENTE E BEM DATADO;
10/11/2018;SAB;TOTOLOTO;TOTOLOTO;TUDO PRESENTE E BEM DATADO;
11/11/2018;DOM;NENHUM;NENHUM;CALMO (Nenhum Jogo);
12/11/2018;SEG;NENHUM;NENHUM;CALMO (Nenhum Jogo);
13/11/2018;TER;EUROMILLIONS;EUROMILLIONS;TUDO PRESENTE E BEM DATADO;
14/11/2018;QUA;TOTOLOTO;TOTOLOTO;TUDO PRESENTE E BEM DATADO;
15/11/2018;QUI;NENHUM;NENHUM;CALMO (Nenhum Jogo);
16/11/2018;SEX;EUROMILLIONS;EUROMILLIONS;TUDO PRESENTE E BEM DATADO;
17/11/2018;SAB;TOTOLOTO;TOTOLOTO;TUDO PRESENTE E BEM DATADO;
18/11/2018;DOM;NENHUM;NENHUM;CALMO (Nenhum Jogo);
19/11/2018;SEG;NENHUM;NENHUM;CALMO (Nenhum Jogo);
20/11/2018;TER;EUROMILLIONS;EUROMILLIONS;TUDO PRESENTE E BEM DATADO;
21/11/2018;QUA;TOTOLOTO;TOTOLOTO;TUDO PRESENTE E BEM DATADO;
22/11/2018;QUI;NENHUM;NENHUM;CALMO (Nenhum Jogo);
23/11/2018;SEX;EUROMILLIONS;EUROMILLIONS;TUDO PRESENTE E BEM DATADO;
24/11/2018;SAB;TOTOLOTO;TOTOLOTO;TUDO PRESENTE E BEM DATADO;
25/11/2018;DOM;NENHUM;NENHUM;CALMO (Nenhum Jogo);
26/11/2018;SEG;NENHUM;NENHUM;CALMO (Nenhum Jogo);
27/11/2018;TER;EUROMILLIONS;EUROMILLIONS;TUDO PRESENTE E BEM DATADO;
28/11/2018;QUA;TOTOLOTO;TOTOLOTO;TUDO PRESENTE E BEM DATADO;
29/11/2018;QUI;NENHUM;NENHUM;CALMO (Nenhum Jogo);
30/11/2018;SEX;EUROMILLIONS;EUROMILLIONS;TUDO PRESENTE E BEM DATADO;
01/12/2018;SAB;TOTOLOTO;TOTOLOTO;TUDO PRESENTE E BEM DATADO;
02/12/2018;DOM;NENHUM;NENHUM;CALMO (Nenhum Jogo);
03/12/2018;SEG;NENHUM;NENHUM;CALMO (Nenhum Jogo);
04/12/2018;TER;EUROMILLIONS;EUROMILLIONS;TUDO PRESENTE E BEM DATADO;
05/12/2018;QUA;TOTOLOTO;TOTOLOTO;TUDO PRESENTE E BEM DATADO;
06/12/2018;QUI;NENHUM;NENHUM;CALMO (Nenhum Jogo);
07/12/2018;SEX;EUROMILLIONS;EUROMILLIONS;TUDO PRESENTE E BEM DATADO;
08/12/2018;SAB;TOTOLOTO;TOTOLOTO;TUDO PRESENTE E BEM DATADO;
09/12/2018;DOM;NENHUM;NENHUM;CALMO (Nenhum Jogo);
10/12/2018;SEG;NENHUM;NENHUM;CALMO (Nenhum Jogo);
11/12/2018;TER;EUROMILLIONS;EUROMILLIONS;TUDO PRESENTE E BEM DATADO;
12/12/2018;QUA;TOTOLOTO;TOTOLOTO;TUDO PRESENTE E BEM DATADO;
13/12/2018;QUI;NENHUM;NENHUM;CALMO (Nenhum Jogo);
14/12/2018;SEX;EUROMILLIONS;EUROMILLIONS;TUDO PRESENTE E BEM DATADO;
15/12/2018;SAB;TOTOLOTO;TOTOLOTO;TUDO PRESENTE E BEM DATADO;
16/12/2018;DOM;NENHUM;NENHUM;CALMO (Nenhum Jogo);
17/12/2018;SEG;NENHUM;NENHUM;CALMO (Nenhum Jogo);
18/12/2018;TER;EUROMILLIONS;EUROMILLIONS;TUDO PRESENTE E BEM DATADO;
19/12/2018;QUA;TOTOLOTO;TOTOLOTO;TUDO PRESENTE E BEM DATADO;
20/12/2018;QUI;NENHUM;NENHUM;CALMO (Nenhum Jogo);
21/12/2018;SEX;EUROMILLIONS;EUROMILLIONS;TUDO PRESENTE E BEM DATADO;
22/12/2018;SAB;TOTOLOTO;TOTOLOTO;TUDO PRESENTE E BEM DATADO;
23/12/2018;DOM;NENHUM;NENHUM;CALMO (Nenhum Jogo);
24/12/2018;SEG;NENHUM;NENHUM;CALMO (Nenhum Jogo);
25/12/2018;TER;EUROMILLIONS;EUROMILLIONS;TUDO PRESENTE E BEM DATADO;
26/12/2018;QUA;TOTOLOTO;TOTOLOTO;TUDO PRESENTE E BEM DATADO;
27/12/2018;QUI;NENHUM;NENHUM;CALMO (Nenhum Jogo);
28/12/2018;SEX;EUROMILLIONS;EUROMILLIONS;TUDO PRESENTE E BEM DATADO;
29/12/2018;SAB;TOTOLOTO;TOTOLOTO;TUDO PRESENTE E BEM DATADO;
30/12/2018;DOM;NENHUM;NENHUM;CALMO (Nenhum Jogo);
31/12/2018;SEG;NENHUM;NENHUM;CALMO (Nenhum Jogo);
01/01/2019;TER;EUROMILLIONS;EUROMILLIONS;TUDO PRESENTE E BEM DATADO;
02/01/2019;QUA;TOTOLOTO;TOTOLOTO;TUDO PRESENTE E BEM DATADO;
03/01/2019;QUI;NENHUM;NENHUM;CALMO (Nenhum Jogo);
04/01/2019;SEX;EUROMILLIONS;EUROMILLIONS;TUDO PRESENTE E BEM DATADO;
05/01/2019;SAB;TOTOLOTO;TOTOLOTO;TUDO PRESENTE E BEM DATADO;
06/01/2019;DOM;NENHUM;NENHUM;CALMO (Nenhum Jogo);
07/01/2019;SEG;NENHUM;NENHUM;CALMO (Nenhum Jogo);
08/01/2019;TER;EUROMILLIONS;EUROMILLIONS;TUDO PRESENTE E BEM DATADO;
09/01/2019;QUA;TOTOLOTO;TOTOLOTO;TUDO PRESENTE E BEM DATADO;
10/01/2019;QUI;NENHUM;NENHUM;CALMO (Nenhum Jogo);
11/01/2019;SEX;EUROMILLIONS;EUROMILLIONS;TUDO PRESENTE E BEM DATADO;
12/01/2019;SAB;TOTOLOTO;TOTOLOTO;TUDO PRESENTE E BEM DATADO;
13/01/2019;DOM;NENHUM;NENHUM;CALMO (Nenhum Jogo);
14/01/2019;SEG;NENHUM;NENHUM;CALMO (Nenhum Jogo);
15/01/2019;TER;EUROMILLIONS;EUROMILLIONS;TUDO PRESENTE E BEM DATADO;
16/01/2019;QUA;TOTOLOTO;TOTOLOTO;TUDO PRESENTE E BEM DATADO;
17/01/2019;QUI;NENHUM;NENHUM;CALMO (Nenhum Jogo);
18/01/2019;SEX;EUROMILLIONS;EUROMILLIONS;TUDO PRESENTE E BEM DATADO;
19/01/2019;SAB;TOTOLOTO;TOTOLOTO;TUDO PRESENTE E BEM DATADO;
20/01/2019;DOM;NENHUM;NENHUM;CALMO (Nenhum Jogo);
21/01/2019;SEG;NENHUM;NENHUM;CALMO (Nenhum Jogo);
22/01/2019;TER;EUROMILLIONS;EUROMILLIONS;TUDO PRESENTE E BEM DATADO;
23/01/2019;QUA;TOTOLOTO;TOTOLOTO;TUDO PRESENTE E BEM DATADO;
24/01/2019;QUI;NENHUM;NENHUM;CALMO (Nenhum Jogo);
25/01/2019;SEX;EUROMILLIONS;EUROMILLIONS;TUDO PRESENTE E BEM DATADO;
26/01/2019;SAB;TOTOLOTO;TOTOLOTO;TUDO PRESENTE E BEM DATADO;
27/01/2019;DOM;NENHUM;NENHUM;CALMO (Nenhum Jogo);
28/01/2019;SEG;NENHUM;NENHUM;CALMO (Nenhum Jogo);
29/01/2019;TER;EUROMILLIONS;EUROMILLIONS;TUDO PRESENTE E BEM DATADO;
30/01/2019;QUA;TOTOLOTO;TOTOLOTO;TUDO PRESENTE E BEM DATADO;
31/01/2019;QUI;NENHUM;NENHUM;CALMO (Nenhum Jogo);
01/02/2019;SEX;EUROMILLIONS;EUROMILLIONS;TUDO PRESENTE E BEM DATADO;
02/02/2019;SAB;TOTOLOTO;TOTOLOTO;TUDO PRESENTE E BEM DATADO;
03/02/2019;DOM;NENHUM;NENHUM;CALMO (Nenhum Jogo);
04/02/2019;SEG;NENHUM;NENHUM;CALMO (Nenhum Jogo);
05/02/2019;TER;EUROMILLIONS;EUROMILLIONS;TUDO PRESENTE E BEM DATADO;
06/02/2019;QUA;TOTOLOTO;TOTOLOTO;TUDO PRESENTE E BEM DATADO;
07/02/2019;QUI;NENHUM;NENHUM;CALMO (Nenhum Jogo);
08/02/2019;SEX;EUROMILLIONS;EUROMILLIONS;TUDO PRESENTE E BEM DATADO;
09/02/2019;SAB;TOTOLOTO;TOTOLOTO;TUDO PRESENTE E BEM DATADO;
10/02/2019;DOM;NENHUM;NENHUM;CALMO (Nenhum Jogo);
11/02/2019;SEG;NENHUM;NENHUM;CALMO (Nenhum Jogo);
12/02/2019;TER;EUROMILLIONS;EUROMILLIONS;TUDO PRESENTE E BEM DATADO;
13/02/2019;QUA;TOTOLOTO;TOTOLOTO;TUDO PRESENTE E BEM DATADO;
14/02/2019;QUI;NENHUM;NENHUM;CALMO (Nenhum Jogo);
15/02/2019;SEX;EUROMILLIONS;EUROMILLIONS;TUDO PRESENTE E BEM DATADO;
16/02/2019;SAB;TOTOLOTO;TOTOLOTO;TUDO PRESENTE E BEM DATADO;
17/02/2019;DOM;NENHUM;NENHUM;CALMO (Nenhum Jogo);
18/02/2019;SEG;NENHUM;NENHUM;CALMO (Nenhum Jogo);
19/02/2019;TER;EUROMILLIONS;EUROMILLIONS;TUDO PRESENTE E BEM DATADO;
20/02/2019;QUA;TOTOLOTO;TOTOLOTO;TUDO PRESENTE E BEM DATADO;
21/02/2019;QUI;NENHUM;NENHUM;CALMO (Nenhum Jogo);
22/02/2019;SEX;EUROMILLIONS;EUROMILLIONS;TUDO PRESENTE E BEM DATADO;
23/02/2019;SAB;TOTOLOTO;TOTOLOTO;TUDO PRESENTE E BEM DATADO;
24/02/2019;DOM;NENHUM;NENHUM;CALMO (Nenhum Jogo);
25/02/2019;SEG;NENHUM;NENHUM;CALMO (Nenhum Jogo);
26/02/2019;TER;EUROMILLIONS;EUROMILLIONS;TUDO PRESENTE E BEM DATADO;
27/02/2019;QUA;TOTOLOTO;TOTOLOTO;TUDO PRESENTE E BEM DATADO;
28/02/2019;QUI;NENHUM;NENHUM;CALMO (Nenhum Jogo);
01/03/2019;SEX;EUROMILLIONS;EUROMILLIONS;TUDO PRESENTE E BEM DATADO;
02/03/2019;SAB;TOTOLOTO;TOTOLOTO;TUDO PRESENTE E BEM DATADO;
03/03/2019;DOM;NENHUM;NENHUM;CALMO (Nenhum Jogo);
04/03/2019;SEG;NENHUM;NENHUM;CALMO (Nenhum Jogo);
05/03/2019;TER;EUROMILLIONS;EUROMILLIONS;TUDO PRESENTE E BEM DATADO;
06/03/2019;QUA;TOTOLOTO;TOTOLOTO;TUDO PRESENTE E BEM DATADO;
07/03/2019;QUI;NENHUM;NENHUM;CALMO (Nenhum Jogo);
08/03/2019;SEX;EUROMILLIONS;EUROMILLIONS;TUDO PRESENTE E BEM DATADO;
09/03/2019;SAB;TOTOLOTO;TOTOLOTO;TUDO PRESENTE E BEM DATADO;
10/03/2019;DOM;NENHUM;NENHUM;CALMO (Nenhum Jogo);
11/03/2019;SEG;NENHUM;NENHUM;CALMO (Nenhum Jogo);
12/03/2019;TER;EUROMILLIONS;EUROMILLIONS;TUDO PRESENTE E BEM DATADO;
13/03/2019;QUA;TOTOLOTO;TOTOLOTO;TUDO PRESENTE E BEM DATADO;
14/03/2019;QUI;NENHUM;NENHUM;CALMO (Nenhum Jogo);
15/03/2019;SEX;EUROMILLIONS;EUROMILLIONS;TUDO PRESENTE E BEM DATADO;
16/03/2019;SAB;TOTOLOTO;TOTOLOTO;TUDO PRESENTE E BEM DATADO;
17/03/2019;DOM;NENHUM;NENHUM;CALMO (Nenhum Jogo);
18/03/2019;SEG;NENHUM;NENHUM;CALMO (Nenhum Jogo);
19/03/2019;TER;EUROMILLIONS;EUROMILLIONS;TUDO PRESENTE E BEM DATADO;
20/03/2019;QUA;TOTOLOTO;TOTOLOTO;TUDO PRESENTE E BEM DATADO;
21/03/2019;QUI;NENHUM;NENHUM;CALMO (Nenhum Jogo);
22/03/2019;SEX;EUROMILLIONS;EUROMILLIONS;TUDO PRESENTE E BEM DATADO;
23/03/2019;SAB;TOTOLOTO;TOTOLOTO;TUDO PRESENTE E BEM DATADO;
24/03/2019;DOM;NENHUM;NENHUM;CALMO (Nenhum Jogo);
25/03/2019;SEG;NENHUM;NENHUM;CALMO (Nenhum Jogo);
26/03/2019;TER;EUROMILLIONS;EUROMILLIONS;TUDO PRESENTE E BEM DATADO;
27/03/2019;QUA;TOTOLOTO;TOTOLOTO;TUDO PRESENTE E BEM DATADO;
28/03/2019;QUI;NENHUM;NENHUM;CALMO (Nenhum Jogo);
29/03/2019;SEX;EUROMILLIONS;EUROMILLIONS;TUDO PRESENTE E BEM DATADO;
30/03/2019;SAB;TOTOLOTO;TOTOLOTO;TUDO PRESENTE E BEM DATADO;
31/03/2019;DOM;NENHUM;NENHUM;CALMO (Nenhum Jogo);
01/04/2019;SEG;NENHUM;NENHUM;CALMO (Nenhum Jogo);
02/04/2019;TER;EUROMILLIONS;EUROMILLIONS;TUDO PRESENTE E BEM DATADO;
03/04/2019;QUA;TOTOLOTO;TOTOLOTO;TUDO PRESENTE E BEM DATADO;
04/04/2019;QUI;NENHUM;NENHUM;CALMO (Nenhum Jogo);
05/04/2019;SEX;EUROMILLIONS;EUROMILLIONS;TUDO PRESENTE E BEM DATADO;
06/04/2019;SAB;TOTOLOTO;TOTOLOTO;TUDO PRESENTE E BEM DATADO;
07/04/2019;DOM;NENHUM;NENHUM;CALMO (Nenhum Jogo);
08/04/2019;SEG;NENHUM;NENHUM;CALMO (Nenhum Jogo);
09/04/2019;TER;EUROMILLIONS;EUROMILLIONS;TUDO PRESENTE E BEM DATADO;
10/04/2019;QUA;TOTOLOTO;TOTOLOTO;TUDO PRESENTE E BEM DATADO;
11/04/2019;QUI;NENHUM;NENHUM;CALMO (Nenhum Jogo);
12/04/2019;SEX;EUROMILLIONS;EUROMILLIONS;TUDO PRESENTE E BEM DATADO;
13/04/2019;SAB;TOTOLOTO;TOTOLOTO;TUDO PRESENTE E BEM DATADO;
14/04/2019;DOM;NENHUM;NENHUM;CALMO (Nenhum Jogo);
15/04/2019;SEG;NENHUM;NENHUM;CALMO (Nenhum Jogo);
16/04/2019;TER;EUROMILLIONS;EUROMILLIONS;TUDO PRESENTE E BEM DATADO;
17/04/2019;QUA;TOTOLOTO;TOTOLOTO;TUDO PRESENTE E BEM DATADO;
18/04/2019;QUI;NENHUM;NENHUM;CALMO (Nenhum Jogo);
19/04/2019;SEX;EUROMILLIONS;EUROMILLIONS;TUDO PRESENTE E BEM DATADO;
20/04/2019;SAB;TOTOLOTO;TOTOLOTO;TUDO PRESENTE E BEM DATADO;
21/04/2019;DOM;NENHUM;NENHUM;CALMO (Nenhum Jogo);
22/04/2019;SEG;NENHUM;NENHUM;CALMO (Nenhum Jogo);
23/04/2019;TER;EUROMILLIONS;EUROMILLIONS;TUDO PRESENTE E BEM DATADO;
24/04/2019;QUA;TOTOLOTO;TOTOLOTO;TUDO PRESENTE E BEM DATADO;
25/04/2019;QUI;NENHUM;NENHUM;CALMO (Nenhum Jogo);
26/04/2019;SEX;EUROMILLIONS;EUROMILLIONS;TUDO PRESENTE E BEM DATADO;
27/04/2019;SAB;TOTOLOTO;TOTOLOTO;TUDO PRESENTE E BEM DATADO;
28/04/2019;DOM;NENHUM;NENHUM;CALMO (Nenhum Jogo);
29/04/2019;SEG;NENHUM;NENHUM;CALMO (Nenhum Jogo);
30/04/2019;TER;EUROMILLIONS;EUROMILLIONS;TUDO PRESENTE E BEM DATADO;
01/05/2019;QUA;TOTOLOTO;TOTOLOTO;TUDO PRESENTE E BEM DATADO;
02/05/2019;QUI;NENHUM;NENHUM;CALMO (Nenhum Jogo);
03/05/2019;SEX;EUROMILLIONS;EUROMILLIONS;TUDO PRESENTE E BEM DATADO;
04/05/2019;SAB;TOTOLOTO;TOTOLOTO;TUDO PRESENTE E BEM DATADO;
05/05/2019;DOM;NENHUM;NENHUM;CALMO (Nenhum Jogo);
06/05/2019;SEG;NENHUM;NENHUM;CALMO (Nenhum Jogo);
07/05/2019;TER;EUROMILLIONS;EUROMILLIONS;TUDO PRESENTE E BEM DATADO;
08/05/2019;QUA;TOTOLOTO;TOTOLOTO;TUDO PRESENTE E BEM DATADO;
09/05/2019;QUI;NENHUM;NENHUM;CALMO (Nenhum Jogo);
10/05/2019;SEX;EUROMILLIONS;EUROMILLIONS;TUDO PRESENTE E BEM DATADO;
11/05/2019;SAB;TOTOLOTO;TOTOLOTO;TUDO PRESENTE E BEM DATADO;
12/05/2019;DOM;NENHUM;NENHUM;CALMO (Nenhum Jogo);
13/05/2019;SEG;NENHUM;NENHUM;CALMO (Nenhum Jogo);
14/05/2019;TER;EUROMILLIONS;EUROMILLIONS;TUDO PRESENTE E BEM DATADO;
15/05/2019;QUA;TOTOLOTO;TOTOLOTO;TUDO PRESENTE E BEM DATADO;
16/05/2019;QUI;NENHUM;NENHUM;CALMO (Nenhum Jogo);
17/05/2019;SEX;EUROMILLIONS;EUROMILLIONS;TUDO PRESENTE E BEM DATADO;
18/05/2019;SAB;TOTOLOTO;TOTOLOTO;TUDO PRESENTE E BEM DATADO;
19/05/2019;DOM;NENHUM;NENHUM;CALMO (Nenhum Jogo);
20/05/2019;SEG;NENHUM;NENHUM;CALMO (Nenhum Jogo);
21/05/2019;TER;EUROMILLIONS;EUROMILLIONS;TUDO PRESENTE E BEM DATADO;
22/05/2019;QUA;TOTOLOTO;TOTOLOTO;TUDO PRESENTE E BEM DATADO;
23/05/2019;QUI;NENHUM;NENHUM;CALMO (Nenhum Jogo);
24/05/2019;SEX;EUROMILLIONS;EUROMILLIONS;TUDO PRESENTE E BEM DATADO;
25/05/2019;SAB;TOTOLOTO;TOTOLOTO;TUDO PRESENTE E BEM DATADO;
26/05/2019;DOM;NENHUM;NENHUM;CALMO (Nenhum Jogo);
27/05/2019;SEG;NENHUM;NENHUM;CALMO (Nenhum Jogo);
28/05/2019;TER;EUROMILLIONS;EUROMILLIONS;TUDO PRESENTE E BEM DATADO;
29/05/2019;QUA;TOTOLOTO;TOTOLOTO;TUDO PRESENTE E BEM DATADO;
30/05/2019;QUI;NENHUM;NENHUM;CALMO (Nenhum Jogo);
31/05/2019;SEX;EUROMILLIONS;EUROMILLIONS;TUDO PRESENTE E BEM DATADO;
01/06/2019;SAB;TOTOLOTO;TOTOLOTO;TUDO PRESENTE E BEM DATADO;
02/06/2019;DOM;NENHUM;NENHUM;CALMO (Nenhum Jogo);
03/06/2019;SEG;NENHUM;NENHUM;CALMO (Nenhum Jogo);
04/06/2019;TER;EUROMILLIONS;EUROMILLIONS;TUDO PRESENTE E BEM DATADO;
05/06/2019;QUA;TOTOLOTO;TOTOLOTO;TUDO PRESENTE E BEM DATADO;
06/06/2019;QUI;NENHUM;NENHUM;CALMO (Nenhum Jogo);
07/06/2019;SEX;EUROMILLIONS;EUROMILLIONS;TUDO PRESENTE E BEM DATADO;
08/06/2019;SAB;TOTOLOTO;TOTOLOTO;TUDO PRESENTE E BEM DATADO;
09/06/2019;DOM;NENHUM;NENHUM;CALMO (Nenhum Jogo);
10/06/2019;SEG;NENHUM;NENHUM;CALMO (Nenhum Jogo);
11/06/2019;TER;EUROMILLIONS;EUROMILLIONS;TUDO PRESENTE E BEM DATADO;
12/06/2019;QUA;TOTOLOTO;TOTOLOTO;TUDO PRESENTE E BEM DATADO;
13/06/2019;QUI;NENHUM;NENHUM;CALMO (Nenhum Jogo);
14/06/2019;SEX;EUROMILLIONS;EUROMILLIONS;TUDO PRESENTE E BEM DATADO;
15/06/2019;SAB;TOTOLOTO;TOTOLOTO;TUDO PRESENTE E BEM DATADO;
16/06/2019;DOM;NENHUM;NENHUM;CALMO (Nenhum Jogo);
17/06/2019;SEG;NENHUM;NENHUM;CALMO (Nenhum Jogo);
18/06/2019;TER;EUROMILLIONS;EUROMILLIONS;TUDO PRESENTE E BEM DATADO;
19/06/2019;QUA;TOTOLOTO;TOTOLOTO;TUDO PRESENTE E BEM DATADO;
20/06/2019;QUI;NENHUM;NENHUM;CALMO (Nenhum Jogo);
21/06/2019;SEX;EUROMILLIONS;EUROMILLIONS;TUDO PRESENTE E BEM DATADO;
22/06/2019;SAB;TOTOLOTO;TOTOLOTO;TUDO PRESENTE E BEM DATADO;
23/06/2019;DOM;NENHUM;NENHUM;CALMO (Nenhum Jogo);
24/06/2019;SEG;NENHUM;NENHUM;CALMO (Nenhum Jogo);
25/06/2019;TER;EUROMILLIONS;EUROMILLIONS;TUDO PRESENTE E BEM DATADO;
26/06/2019;QUA;TOTOLOTO;TOTOLOTO;TUDO PRESENTE E BEM DATADO;
27/06/2019;QUI;NENHUM;NENHUM;CALMO (Nenhum Jogo);
28/06/2019;SEX;EUROMILLIONS;EUROMILLIONS;TUDO PRESENTE E BEM DATADO;
29/06/2019;SAB;TOTOLOTO;TOTOLOTO;TUDO PRESENTE E BEM DATADO;
30/06/2019;DOM;NENHUM;NENHUM;CALMO (Nenhum Jogo);
01/07/2019;SEG;NENHUM;NENHUM;CALMO (Nenhum Jogo);
02/07/2019;TER;EUROMILLIONS;EUROMILLIONS;TUDO PRESENTE E BEM DATADO;
03/07/2019;QUA;TOTOLOTO;TOTOLOTO;TUDO PRESENTE E BEM DATADO;
04/07/2019;QUI;NENHUM;NENHUM;CALMO (Nenhum Jogo);
05/07/2019;SEX;EUROMILLIONS;EUROMILLIONS;TUDO PRESENTE E BEM DATADO;
06/07/2019;SAB;TOTOLOTO;TOTOLOTO;TUDO PRESENTE E BEM DATADO;
07/07/2019;DOM;NENHUM;NENHUM;CALMO (Nenhum Jogo);
08/07/2019;SEG;NENHUM;NENHUM;CALMO (Nenhum Jogo);
09/07/2019;TER;EUROMILLIONS;EUROMILLIONS;TUDO PRESENTE E BEM DATADO;
10/07/2019;QUA;TOTOLOTO;TOTOLOTO;TUDO PRESENTE E BEM DATADO;
11/07/2019;QUI;NENHUM;NENHUM;CALMO (Nenhum Jogo);
12/07/2019;SEX;EUROMILLIONS;EUROMILLIONS;TUDO PRESENTE E BEM DATADO;
13/07/2019;SAB;TOTOLOTO;TOTOLOTO;TUDO PRESENTE E BEM DATADO;
14/07/2019;DOM;NENHUM;NENHUM;CALMO (Nenhum Jogo);
15/07/2019;SEG;NENHUM;NENHUM;CALMO (Nenhum Jogo);
16/07/2019;TER;EUROMILLIONS;EUROMILLIONS;TUDO PRESENTE E BEM DATADO;
17/07/2019;QUA;TOTOLOTO;TOTOLOTO;TUDO PRESENTE E BEM DATADO;
18/07/2019;QUI;NENHUM;NENHUM;CALMO (Nenhum Jogo);
19/07/2019;SEX;EUROMILLIONS;EUROMILLIONS;TUDO PRESENTE E BEM DATADO;
20/07/2019;SAB;TOTOLOTO;TOTOLOTO;TUDO PRESENTE E BEM DATADO;
21/07/2019;DOM;NENHUM;NENHUM;CALMO (Nenhum Jogo);
22/07/2019;SEG;NENHUM;NENHUM;CALMO (Nenhum Jogo);
23/07/2019;TER;EUROMILLIONS;EUROMILLIONS;TUDO PRESENTE E BEM DATADO;
24/07/2019;QUA;TOTOLOTO;TOTOLOTO;TUDO PRESENTE E BEM DATADO;
25/07/2019;QUI;NENHUM;NENHUM;CALMO (Nenhum Jogo);
26/07/2019;SEX;EUROMILLIONS;EUROMILLIONS;TUDO PRESENTE E BEM DATADO;
27/07/2019;SAB;TOTOLOTO;TOTOLOTO;TUDO PRESENTE E BEM DATADO;
28/07/2019;DOM;NENHUM;NENHUM;CALMO (Nenhum Jogo);
29/07/2019;SEG;NENHUM;NENHUM;CALMO (Nenhum Jogo);
30/07/2019;TER;EUROMILLIONS;EUROMILLIONS;TUDO PRESENTE E BEM DATADO;
31/07/2019;QUA;TOTOLOTO;TOTOLOTO;TUDO PRESENTE E BEM DATADO;
01/08/2019;QUI;NENHUM;NENHUM;CALMO (Nenhum Jogo);
02/08/2019;SEX;EUROMILLIONS;EUROMILLIONS;TUDO PRESENTE E BEM DATADO;
03/08/2019;SAB;TOTOLOTO;TOTOLOTO;TUDO PRESENTE E BEM DATADO;
04/08/2019;DOM;NENHUM;NENHUM;CALMO (Nenhum Jogo);
05/08/2019;SEG;NENHUM;NENHUM;CALMO (Nenhum Jogo);
06/08/2019;TER;EUROMILLIONS;EUROMILLIONS;TUDO PRESENTE E BEM DATADO;
07/08/2019;QUA;TOTOLOTO;TOTOLOTO;TUDO PRESENTE E BEM DATADO;
08/08/2019;QUI;NENHUM;NENHUM;CALMO (Nenhum Jogo);
09/08/2019;SEX;EUROMILLIONS;EUROMILLIONS;TUDO PRESENTE E BEM DATADO;
10/08/2019;SAB;TOTOLOTO;TOTOLOTO;TUDO PRESENTE E BEM DATADO;
11/08/2019;DOM;NENHUM;NENHUM;CALMO (Nenhum Jogo);
12/08/2019;SEG;NENHUM;NENHUM;CALMO (Nenhum Jogo);
13/08/2019;TER;EUROMILLIONS;EUROMILLIONS;TUDO PRESENTE E BEM DATADO;
14/08/2019;QUA;TOTOLOTO;TOTOLOTO;TUDO PRESENTE E BEM DATADO;
15/08/2019;QUI;NENHUM;NENHUM;CALMO (Nenhum Jogo);
16/08/2019;SEX;EUROMILLIONS;EUROMILLIONS;TUDO PRESENTE E BEM DATADO;
17/08/2019;SAB;TOTOLOTO;TOTOLOTO;TUDO PRESENTE E BEM DATADO;
18/08/2019;DOM;NENHUM;NENHUM;CALMO (Nenhum Jogo);
19/08/2019;SEG;NENHUM;NENHUM;CALMO (Nenhum Jogo);
20/08/2019;TER;EUROMILLIONS;EUROMILLIONS;TUDO PRESENTE E BEM DATADO;
21/08/2019;QUA;TOTOLOTO;TOTOLOTO;TUDO PRESENTE E BEM DATADO;
22/08/2019;QUI;NENHUM;NENHUM;CALMO (Nenhum Jogo);
23/08/2019;SEX;EUROMILLIONS;EUROMILLIONS;TUDO PRESENTE E BEM DATADO;
24/08/2019;SAB;TOTOLOTO;TOTOLOTO;TUDO PRESENTE E BEM DATADO;
25/08/2019;DOM;NENHUM;NENHUM;CALMO (Nenhum Jogo);
26/08/2019;SEG;NENHUM;NENHUM;CALMO (Nenhum Jogo);
27/08/2019;TER;EUROMILLIONS;EUROMILLIONS;TUDO PRESENTE E BEM DATADO;
28/08/2019;QUA;TOTOLOTO;TOTOLOTO;TUDO PRESENTE E BEM DATADO;
29/08/2019;QUI;NENHUM;NENHUM;CALMO (Nenhum Jogo);
30/08/2019;SEX;EUROMILLIONS;EUROMILLIONS;TUDO PRESENTE E BEM DATADO;
31/08/2019;SAB;TOTOLOTO;TOTOLOTO;TUDO PRESENTE E BEM DATADO;
01/09/2019;DOM;NENHUM;NENHUM;CALMO (Nenhum Jogo);
02/09/2019;SEG;NENHUM;NENHUM;CALMO (Nenhum Jogo);
03/09/2019;TER;EUROMILLIONS;EUROMILLIONS;TUDO PRESENTE E BEM DATADO;
04/09/2019;QUA;TOTOLOTO;TOTOLOTO;TUDO PRESENTE E BEM DATADO;
05/09/2019;QUI;NENHUM;NENHUM;CALMO (Nenhum Jogo);
06/09/2019;SEX;EUROMILLIONS;EUROMILLIONS;TUDO PRESENTE E BEM DATADO;
07/09/2019;SAB;TOTOLOTO;TOTOLOTO;TUDO PRESENTE E BEM DATADO;
08/09/2019;DOM;NENHUM;NENHUM;CALMO (Nenhum Jogo);
09/09/2019;SEG;NENHUM;NENHUM;CALMO (Nenhum Jogo);
10/09/2019;TER;EUROMILLIONS;EUROMILLIONS;TUDO PRESENTE E BEM DATADO;
11/09/2019;QUA;TOTOLOTO;TOTOLOTO;TUDO PRESENTE E BEM DATADO;
12/09/2019;QUI;NENHUM;NENHUM;CALMO (Nenhum Jogo);
13/09/2019;SEX;EUROMILLIONS;EUROMILLIONS;TUDO PRESENTE E BEM DATADO;
14/09/2019;SAB;TOTOLOTO;TOTOLOTO;TUDO PRESENTE E BEM DATADO;
15/09/2019;DOM;NENHUM;NENHUM;CALMO (Nenhum Jogo);
16/09/2019;SEG;NENHUM;NENHUM;CALMO (Nenhum Jogo);
17/09/2019;TER;EUROMILLIONS;EUROMILLIONS;TUDO PRESENTE E BEM DATADO;
18/09/2019;QUA;TOTOLOTO;TOTOLOTO;TUDO PRESENTE E BEM DATADO;
19/09/2019;QUI;NENHUM;NENHUM;CALMO (Nenhum Jogo);
20/09/2019;SEX;EUROMILLIONS;EUROMILLIONS;TUDO PRESENTE E BEM DATADO;
21/09/2019;SAB;TOTOLOTO;TOTOLOTO;TUDO PRESENTE E BEM DATADO;
22/09/2019;DOM;NENHUM;NENHUM;CALMO (Nenhum Jogo);
23/09/2019;SEG;NENHUM;NENHUM;CALMO (Nenhum Jogo);
24/09/2019;TER;EUROMILLIONS;EUROMILLIONS;TUDO PRESENTE E BEM DATADO;
25/09/2019;QUA;TOTOLOTO;TOTOLOTO;TUDO PRESENTE E BEM DATADO;
26/09/2019;QUI;NENHUM;NENHUM;CALMO (Nenhum Jogo);
27/09/2019;SEX;EUROMILLIONS;EUROMILLIONS;TUDO PRESENTE E BEM DATADO;
28/09/2019;SAB;TOTOLOTO;TOTOLOTO;TUDO PRESENTE E BEM DATADO;
29/09/2019;DOM;NENHUM;NENHUM;CALMO (Nenhum Jogo);
30/09/2019;SEG;NENHUM;NENHUM;CALMO (Nenhum Jogo);
01/10/2019;TER;EUROMILLIONS;EUROMILLIONS;TUDO PRESENTE E BEM DATADO;
02/10/2019;QUA;TOTOLOTO;TOTOLOTO;TUDO PRESENTE E BEM DATADO;
03/10/2019;QUI;NENHUM;NENHUM;CALMO (Nenhum Jogo);
04/10/2019;SEX;EUROMILLIONS;EUROMILLIONS;TUDO PRESENTE E BEM DATADO;
05/10/2019;SAB;TOTOLOTO;TOTOLOTO;TUDO PRESENTE E BEM DATADO;
06/10/2019;DOM;NENHUM;NENHUM;CALMO (Nenhum Jogo);
07/10/2019;SEG;NENHUM;NENHUM;CALMO (Nenhum Jogo);
08/10/2019;TER;EUROMILLIONS;EUROMILLIONS;TUDO PRESENTE E BEM DATADO;
09/10/2019;QUA;TOTOLOTO;TOTOLOTO;TUDO PRESENTE E BEM DATADO;
10/10/2019;QUI;NENHUM;NENHUM;CALMO (Nenhum Jogo);
11/10/2019;SEX;EUROMILLIONS;EUROMILLIONS;TUDO PRESENTE E BEM DATADO;
12/10/2019;SAB;TOTOLOTO;TOTOLOTO;TUDO PRESENTE E BEM DATADO;
13/10/2019;DOM;NENHUM;NENHUM;CALMO (Nenhum Jogo);
14/10/2019;SEG;NENHUM;NENHUM;CALMO (Nenhum Jogo);
15/10/2019;TER;EUROMILLIONS;EUROMILLIONS;TUDO PRESENTE E BEM DATADO;
16/10/2019;QUA;TOTOLOTO;TOTOLOTO;TUDO PRESENTE E BEM DATADO;
17/10/2019;QUI;NENHUM;NENHUM;CALMO (Nenhum Jogo);
18/10/2019;SEX;EUROMILLIONS;EUROMILLIONS;TUDO PRESENTE E BEM DATADO;
19/10/2019;SAB;TOTOLOTO;TOTOLOTO;TUDO PRESENTE E BEM DATADO;
20/10/2019;DOM;NENHUM;NENHUM;CALMO (Nenhum Jogo);
21/10/2019;SEG;NENHUM;NENHUM;CALMO (Nenhum Jogo);
22/10/2019;TER;EUROMILLIONS;EUROMILLIONS;TUDO PRESENTE E BEM DATADO;
23/10/2019;QUA;TOTOLOTO;TOTOLOTO;TUDO PRESENTE E BEM DATADO;
24/10/2019;QUI;NENHUM;NENHUM;CALMO (Nenhum Jogo);
25/10/2019;SEX;EUROMILLIONS;EUROMILLIONS;TUDO PRESENTE E BEM DATADO;
26/10/2019;SAB;TOTOLOTO;TOTOLOTO;TUDO PRESENTE E BEM DATADO;
27/10/2019;DOM;NENHUM;NENHUM;CALMO (Nenhum Jogo);
28/10/2019;SEG;NENHUM;NENHUM;CALMO (Nenhum Jogo);
29/10/2019;TER;EUROMILLIONS;EUROMILLIONS;TUDO PRESENTE E BEM DATADO;
30/10/2019;QUA;TOTOLOTO;TOTOLOTO;TUDO PRESENTE E BEM DATADO;
31/10/2019;QUI;NENHUM;NENHUM;CALMO (Nenhum Jogo);
01/11/2019;SEX;EUROMILLIONS;EUROMILLIONS;TUDO PRESENTE E BEM DATADO;
02/11/2019;SAB;TOTOLOTO;TOTOLOTO;TUDO PRESENTE E BEM DATADO;
03/11/2019;DOM;NENHUM;NENHUM;CALMO (Nenhum Jogo);
04/11/2019;SEG;NENHUM;NENHUM;CALMO (Nenhum Jogo);
05/11/2019;TER;EUROMILLIONS;EUROMILLIONS;TUDO PRESENTE E BEM DATADO;
06/11/2019;QUA;TOTOLOTO;TOTOLOTO;TUDO PRESENTE E BEM DATADO;
07/11/2019;QUI;NENHUM;NENHUM;CALMO (Nenhum Jogo);
08/11/2019;SEX;EUROMILLIONS;EUROMILLIONS;TUDO PRESENTE E BEM DATADO;
09/11/2019;SAB;TOTOLOTO;TOTOLOTO;TUDO PRESENTE E BEM DATADO;
10/11/2019;DOM;NENHUM;NENHUM;CALMO (Nenhum Jogo);
11/11/2019;SEG;NENHUM;NENHUM;CALMO (Nenhum Jogo);
12/11/2019;TER;EUROMILLIONS;EUROMILLIONS;TUDO PRESENTE E BEM DATADO;
13/11/2019;QUA;TOTOLOTO;TOTOLOTO;TUDO PRESENTE E BEM DATADO;
14/11/2019;QUI;NENHUM;NENHUM;CALMO (Nenhum Jogo);
15/11/2019;SEX;EUROMILLIONS;EUROMILLIONS;TUDO PRESENTE E BEM DATADO;
16/11/2019;SAB;TOTOLOTO;TOTOLOTO;TUDO PRESENTE E BEM DATADO;
17/11/2019;DOM;NENHUM;NENHUM;CALMO (Nenhum Jogo);
18/11/2019;SEG;NENHUM;NENHUM;CALMO (Nenhum Jogo);
19/11/2019;TER;EUROMILLIONS;EUROMILLIONS;TUDO PRESENTE E BEM DATADO;
20/11/2019;QUA;TOTOLOTO;TOTOLOTO;TUDO PRESENTE E BEM DATADO;
21/11/2019;QUI;NENHUM;NENHUM;CALMO (Nenhum Jogo);
22/11/2019;SEX;EUROMILLIONS;EUROMILLIONS;TUDO PRESENTE E BEM DATADO;
23/11/2019;SAB;TOTOLOTO;TOTOLOTO;TUDO PRESENTE E BEM DATADO;
24/11/2019;DOM;NENHUM;NENHUM;CALMO (Nenhum Jogo);
25/11/2019;SEG;NENHUM;NENHUM;CALMO (Nenhum Jogo);
26/11/2019;TER;EUROMILLIONS;EUROMILLIONS;TUDO PRESENTE E BEM DATADO;
27/11/2019;QUA;TOTOLOTO;TOTOLOTO;TUDO PRESENTE E BEM DATADO;
28/11/2019;QUI;NENHUM;NENHUM;CALMO (Nenhum Jogo);
29/11/2019;SEX;EUROMILLIONS;EUROMILLIONS;TUDO PRESENTE E BEM DATADO;
30/11/2019;SAB;TOTOLOTO;TOTOLOTO;TUDO PRESENTE E BEM DATADO;
01/12/2019;DOM;NENHUM;NENHUM;CALMO (Nenhum Jogo);
02/12/2019;SEG;NENHUM;NENHUM;CALMO (Nenhum Jogo);
03/12/2019;TER;EUROMILLIONS;EUROMILLIONS;TUDO PRESENTE E BEM DATADO;
04/12/2019;QUA;TOTOLOTO;TOTOLOTO;TUDO PRESENTE E BEM DATADO;
05/12/2019;QUI;NENHUM;NENHUM;CALMO (Nenhum Jogo);
06/12/2019;SEX;EUROMILLIONS;EUROMILLIONS;TUDO PRESENTE E BEM DATADO;
07/12/2019;SAB;TOTOLOTO;TOTOLOTO;TUDO PRESENTE E BEM DATADO;
08/12/2019;DOM;NENHUM;NENHUM;CALMO (Nenhum Jogo);
09/12/2019;SEG;NENHUM;NENHUM;CALMO (Nenhum Jogo);
10/12/2019;TER;EUROMILLIONS;EUROMILLIONS;TUDO PRESENTE E BEM DATADO;
11/12/2019;QUA;TOTOLOTO;TOTOLOTO;TUDO PRESENTE E BEM DATADO;
12/12/2019;QUI;NENHUM;NENHUM;CALMO (Nenhum Jogo);
13/12/2019;SEX;EUROMILLIONS;EUROMILLIONS;TUDO PRESENTE E BEM DATADO;
14/12/2019;SAB;TOTOLOTO;TOTOLOTO;TUDO PRESENTE E BEM DATADO;
15/12/2019;DOM;NENHUM;NENHUM;CALMO (Nenhum Jogo);
16/12/2019;SEG;NENHUM;NENHUM;CALMO (Nenhum Jogo);
17/12/2019;TER;EUROMILLIONS;EUROMILLIONS;TUDO PRESENTE E BEM DATADO;
18/12/2019;QUA;TOTOLOTO;TOTOLOTO;TUDO PRESENTE E BEM DATADO;
19/12/2019;QUI;NENHUM;NENHUM;CALMO (Nenhum Jogo);
20/12/2019;SEX;EUROMILLIONS;EUROMILLIONS;TUDO PRESENTE E BEM DATADO;
21/12/2019;SAB;TOTOLOTO;TOTOLOTO;TUDO PRESENTE E BEM DATADO;
22/12/2019;DOM;NENHUM;NENHUM;CALMO (Nenhum Jogo);
23/12/2019;SEG;NENHUM;NENHUM;CALMO (Nenhum Jogo);
24/12/2019;TER;EUROMILLIONS;EUROMILLIONS;TUDO PRESENTE E BEM DATADO;
25/12/2019;QUA;TOTOLOTO;TOTOLOTO;TUDO PRESENTE E BEM DATADO;
26/12/2019;QUI;NENHUM;NENHUM;CALMO (Nenhum Jogo);
27/12/2019;SEX;EUROMILLIONS;EUROMILLIONS;TUDO PRESENTE E BEM DATADO;
28/12/2019;SAB;TOTOLOTO;TOTOLOTO;TUDO PRESENTE E BEM DATADO;
29/12/2019;DOM;NENHUM;NENHUM;CALMO (Nenhum Jogo);
30/12/2019;SEG;NENHUM;NENHUM;CALMO (Nenhum Jogo);
31/12/2019;TER;EUROMILLIONS;EUROMILLIONS;TUDO PRESENTE E BEM DATADO;
01/01/2020;QUA;TOTOLOTO;TOTOLOTO;TUDO PRESENTE E BEM DATADO;
02/01/2020;QUI;NENHUM;NENHUM;CALMO (Nenhum Jogo);
03/01/2020;SEX;EUROMILLIONS;EUROMILLIONS;TUDO PRESENTE E BEM DATADO;
04/01/2020;SAB;TOTOLOTO;TOTOLOTO;TUDO PRESENTE E BEM DATADO;
05/01/2020;DOM;NENHUM;NENHUM;CALMO (Nenhum Jogo);
06/01/2020;SEG;NENHUM;NENHUM;CALMO (Nenhum Jogo);
07/01/2020;TER;EUROMILLIONS;EUROMILLIONS;TUDO PRESENTE E BEM DATADO;
08/01/2020;QUA;TOTOLOTO;TOTOLOTO;TUDO PRESENTE E BEM DATADO;
09/01/2020;QUI;NENHUM;NENHUM;CALMO (Nenhum Jogo);
10/01/2020;SEX;EUROMILLIONS;EUROMILLIONS;TUDO PRESENTE E BEM DATADO;
11/01/2020;SAB;TOTOLOTO;TOTOLOTO;TUDO PRESENTE E BEM DATADO;
12/01/2020;DOM;NENHUM;NENHUM;CALMO (Nenhum Jogo);
13/01/2020;SEG;NENHUM;NENHUM;CALMO (Nenhum Jogo);
14/01/2020;TER;EUROMILLIONS;EUROMILLIONS;TUDO PRESENTE E BEM DATADO;
15/01/2020;QUA;TOTOLOTO;TOTOLOTO;TUDO PRESENTE E BEM DATADO;
16/01/2020;QUI;NENHUM;NENHUM;CALMO (Nenhum Jogo);
17/01/2020;SEX;EUROMILLIONS;EUROMILLIONS;TUDO PRESENTE E BEM DATADO;
18/01/2020;SAB;TOTOLOTO;TOTOLOTO;TUDO PRESENTE E BEM DATADO;
19/01/2020;DOM;NENHUM;NENHUM;CALMO (Nenhum Jogo);
20/01/2020;SEG;NENHUM;NENHUM;CALMO (Nenhum Jogo);
21/01/2020;TER;EUROMILLIONS;EUROMILLIONS;TUDO PRESENTE E BEM DATADO;
22/01/2020;QUA;TOTOLOTO;TOTOLOTO;TUDO PRESENTE E BEM DATADO;
23/01/2020;QUI;NENHUM;NENHUM;CALMO (Nenhum Jogo);
24/01/2020;SEX;EUROMILLIONS;EUROMILLIONS;TUDO PRESENTE E BEM DATADO;
25/01/2020;SAB;TOTOLOTO;TOTOLOTO;TUDO PRESENTE E BEM DATADO;
26/01/2020;DOM;NENHUM;NENHUM;CALMO (Nenhum Jogo);
27/01/2020;SEG;NENHUM;NENHUM;CALMO (Nenhum Jogo);
28/01/2020;TER;EUROMILLIONS;EUROMILLIONS;TUDO PRESENTE E BEM DATADO;
29/01/2020;QUA;TOTOLOTO;TOTOLOTO;TUDO PRESENTE E BEM DATADO;
30/01/2020;QUI;NENHUM;NENHUM;CALMO (Nenhum Jogo);
31/01/2020;SEX;EUROMILLIONS;EUROMILLIONS;TUDO PRESENTE E BEM DATADO;
01/02/2020;SAB;TOTOLOTO;TOTOLOTO;TUDO PRESENTE E BEM DATADO;
02/02/2020;DOM;NENHUM;NENHUM;CALMO (Nenhum Jogo);
03/02/2020;SEG;NENHUM;NENHUM;CALMO (Nenhum Jogo);
04/02/2020;TER;EUROMILLIONS;EUROMILLIONS;TUDO PRESENTE E BEM DATADO;
05/02/2020;QUA;TOTOLOTO;TOTOLOTO;TUDO PRESENTE E BEM DATADO;
06/02/2020;QUI;NENHUM;NENHUM;CALMO (Nenhum Jogo);
07/02/2020;SEX;EUROMILLIONS;EUROMILLIONS;TUDO PRESENTE E BEM DATADO;
08/02/2020;SAB;TOTOLOTO;TOTOLOTO;TUDO PRESENTE E BEM DATADO;
09/02/2020;DOM;NENHUM;NENHUM;CALMO (Nenhum Jogo);
10/02/2020;SEG;NENHUM;NENHUM;CALMO (Nenhum Jogo);
11/02/2020;TER;EUROMILLIONS;EUROMILLIONS;TUDO PRESENTE E BEM DATADO;
12/02/2020;QUA;TOTOLOTO;TOTOLOTO;TUDO PRESENTE E BEM DATADO;
13/02/2020;QUI;NENHUM;NENHUM;CALMO (Nenhum Jogo);
14/02/2020;SEX;EUROMILLIONS;EUROMILLIONS;TUDO PRESENTE E BEM DATADO;
15/02/2020;SAB;TOTOLOTO;TOTOLOTO;TUDO PRESENTE E BEM DATADO;
16/02/2020;DOM;NENHUM;NENHUM;CALMO (Nenhum Jogo);
17/02/2020;SEG;NENHUM;NENHUM;CALMO (Nenhum Jogo);
18/02/2020;TER;EUROMILLIONS;EUROMILLIONS;TUDO PRESENTE E BEM DATADO;
19/02/2020;QUA;TOTOLOTO;TOTOLOTO;TUDO PRESENTE E BEM DATADO;
20/02/2020;QUI;NENHUM;NENHUM;CALMO (Nenhum Jogo);
21/02/2020;SEX;EUROMILLIONS;EUROMILLIONS;TUDO PRESENTE E BEM DATADO;
22/02/2020;SAB;TOTOLOTO;TOTOLOTO;TUDO PRESENTE E BEM DATADO;
23/02/2020;DOM;NENHUM;NENHUM;CALMO (Nenhum Jogo);
24/02/2020;SEG;NENHUM;NENHUM;CALMO (Nenhum Jogo);
25/02/2020;TER;EUROMILLIONS;EUROMILLIONS;TUDO PRESENTE E BEM DATADO;
26/02/2020;QUA;TOTOLOTO;TOTOLOTO;TUDO PRESENTE E BEM DATADO;
27/02/2020;QUI;NENHUM;NENHUM;CALMO (Nenhum Jogo);
28/02/2020;SEX;EUROMILLIONS;EUROMILLIONS;TUDO PRESENTE E BEM DATADO;
29/02/2020;SAB;TOTOLOTO;TOTOLOTO;TUDO PRESENTE E BEM DATADO;
01/03/2020;DOM;NENHUM;NENHUM;CALMO (Nenhum Jogo);
02/03/2020;SEG;NENHUM;NENHUM;CALMO (Nenhum Jogo);
03/03/2020;TER;EUROMILLIONS;EUROMILLIONS;TUDO PRESENTE E BEM DATADO;
04/03/2020;QUA;TOTOLOTO;TOTOLOTO;TUDO PRESENTE E BEM DATADO;
05/03/2020;QUI;NENHUM;NENHUM;CALMO (Nenhum Jogo);
06/03/2020;SEX;EUROMILLIONS;EUROMILLIONS;TUDO PRESENTE E BEM DATADO;
07/03/2020;SAB;TOTOLOTO;TOTOLOTO;TUDO PRESENTE E BEM DATADO;
08/03/2020;DOM;NENHUM;NENHUM;CALMO (Nenhum Jogo);
09/03/2020;SEG;NENHUM;NENHUM;CALMO (Nenhum Jogo);
10/03/2020;TER;EUROMILLIONS;EUROMILLIONS;TUDO PRESENTE E BEM DATADO;
11/03/2020;QUA;TOTOLOTO;TOTOLOTO;TUDO PRESENTE E BEM DATADO;
12/03/2020;QUI;NENHUM;NENHUM;CALMO (Nenhum Jogo);
13/03/2020;SEX;EUROMILLIONS;EUROMILLIONS;TUDO PRESENTE E BEM DATADO;
14/03/2020;SAB;TOTOLOTO;TOTOLOTO;TUDO PRESENTE E BEM DATADO;
15/03/2020;DOM;NENHUM;NENHUM;CALMO (Nenhum Jogo);
16/03/2020;SEG;NENHUM;NENHUM;CALMO (Nenhum Jogo);
17/03/2020;TER;EUROMILLIONS;EUROMILLIONS;TUDO PRESENTE E BEM DATADO;
18/03/2020;QUA;TOTOLOTO;TOTOLOTO;TUDO PRESENTE E BEM DATADO;
19/03/2020;QUI;NENHUM;NENHUM;CALMO (Nenhum Jogo);
20/03/2020;SEX;EUROMILLIONS;EUROMILLIONS;TUDO PRESENTE E BEM DATADO;
21/03/2020;SAB;TOTOLOTO;TOTOLOTO;TUDO PRESENTE E BEM DATADO;
22/03/2020;DOM;NENHUM;NENHUM;CALMO (Nenhum Jogo);
23/03/2020;SEG;NENHUM;NENHUM;CALMO (Nenhum Jogo);
24/03/2020;TER;EUROMILLIONS;EUROMILLIONS;TUDO PRESENTE E BEM DATADO;
25/03/2020;QUA;TOTOLOTO;TOTOLOTO;TUDO PRESENTE E BEM DATADO;
26/03/2020;QUI;NENHUM;NENHUM;CALMO (Nenhum Jogo);
27/03/2020;SEX;EUROMILLIONS;EUROMILLIONS;TUDO PRESENTE E BEM DATADO;
28/03/2020;SAB;TOTOLOTO;TOTOLOTO;TUDO PRESENTE E BEM DATADO;
29/03/2020;DOM;NENHUM;NENHUM;CALMO (Nenhum Jogo);
30/03/2020;SEG;NENHUM;NENHUM;CALMO (Nenhum Jogo);
31/03/2020;TER;EUROMILLIONS;EUROMILLIONS;TUDO PRESENTE E BEM DATADO;
01/04/2020;QUA;TOTOLOTO;TOTOLOTO;TUDO PRESENTE E BEM DATADO;
02/04/2020;QUI;NENHUM;NENHUM;CALMO (Nenhum Jogo);
03/04/2020;SEX;EUROMILLIONS;EUROMILLIONS;TUDO PRESENTE E BEM DATADO;
04/04/2020;SAB;TOTOLOTO;TOTOLOTO;TUDO PRESENTE E BEM DATADO;
05/04/2020;DOM;NENHUM;NENHUM;CALMO (Nenhum Jogo);
06/04/2020;SEG;NENHUM;NENHUM;CALMO (Nenhum Jogo);
07/04/2020;TER;EUROMILLIONS;EUROMILLIONS;TUDO PRESENTE E BEM DATADO;
08/04/2020;QUA;TOTOLOTO;TOTOLOTO;TUDO PRESENTE E BEM DATADO;
09/04/2020;QUI;NENHUM;NENHUM;CALMO (Nenhum Jogo);
10/04/2020;SEX;EUROMILLIONS;EUROMILLIONS;TUDO PRESENTE E BEM DATADO;
11/04/2020;SAB;TOTOLOTO;TOTOLOTO;TUDO PRESENTE E BEM DATADO;
12/04/2020;DOM;NENHUM;NENHUM;CALMO (Nenhum Jogo);
13/04/2020;SEG;NENHUM;NENHUM;CALMO (Nenhum Jogo);
14/04/2020;TER;EUROMILLIONS;EUROMILLIONS;TUDO PRESENTE E BEM DATADO;
15/04/2020;QUA;TOTOLOTO;TOTOLOTO;TUDO PRESENTE E BEM DATADO;
16/04/2020;QUI;NENHUM;NENHUM;CALMO (Nenhum Jogo);
17/04/2020;SEX;EUROMILLIONS;EUROMILLIONS;TUDO PRESENTE E BEM DATADO;
18/04/2020;SAB;TOTOLOTO;TOTOLOTO;TUDO PRESENTE E BEM DATADO;
19/04/2020;DOM;NENHUM;NENHUM;CALMO (Nenhum Jogo);
20/04/2020;SEG;NENHUM;NENHUM;CALMO (Nenhum Jogo);
21/04/2020;TER;EUROMILLIONS;EUROMILLIONS;TUDO PRESENTE E BEM DATADO;
22/04/2020;QUA;TOTOLOTO;TOTOLOTO;TUDO PRESENTE E BEM DATADO;
23/04/2020;QUI;NENHUM;NENHUM;CALMO (Nenhum Jogo);
24/04/2020;SEX;EUROMILLIONS;EUROMILLIONS;TUDO PRESENTE E BEM DATADO;
25/04/2020;SAB;TOTOLOTO;TOTOLOTO;TUDO PRESENTE E BEM DATADO;
26/04/2020;DOM;NENHUM;NENHUM;CALMO (Nenhum Jogo);
27/04/2020;SEG;NENHUM;NENHUM;CALMO (Nenhum Jogo);
28/04/2020;TER;EUROMILLIONS;EUROMILLIONS;TUDO PRESENTE E BEM DATADO;
29/04/2020;QUA;TOTOLOTO;TOTOLOTO;TUDO PRESENTE E BEM DATADO;
30/04/2020;QUI;NENHUM;NENHUM;CALMO (Nenhum Jogo);
01/05/2020;SEX;EUROMILLIONS;EUROMILLIONS;TUDO PRESENTE E BEM DATADO;
02/05/2020;SAB;TOTOLOTO;TOTOLOTO;TUDO PRESENTE E BEM DATADO;
03/05/2020;DOM;NENHUM;NENHUM;CALMO (Nenhum Jogo);
04/05/2020;SEG;NENHUM;NENHUM;CALMO (Nenhum Jogo);
05/05/2020;TER;EUROMILLIONS;EUROMILLIONS;TUDO PRESENTE E BEM DATADO;
06/05/2020;QUA;TOTOLOTO;TOTOLOTO;TUDO PRESENTE E BEM DATADO;
07/05/2020;QUI;NENHUM;NENHUM;CALMO (Nenhum Jogo);
08/05/2020;SEX;EUROMILLIONS;EUROMILLIONS;TUDO PRESENTE E BEM DATADO;
09/05/2020;SAB;TOTOLOTO;TOTOLOTO;TUDO PRESENTE E BEM DATADO;
10/05/2020;DOM;NENHUM;NENHUM;CALMO (Nenhum Jogo);
11/05/2020;SEG;NENHUM;NENHUM;CALMO (Nenhum Jogo);
12/05/2020;TER;EUROMILLIONS;EUROMILLIONS;TUDO PRESENTE E BEM DATADO;
13/05/2020;QUA;TOTOLOTO;TOTOLOTO;TUDO PRESENTE E BEM DATADO;
14/05/2020;QUI;NENHUM;NENHUM;CALMO (Nenhum Jogo);
15/05/2020;SEX;EUROMILLIONS;EUROMILLIONS;TUDO PRESENTE E BEM DATADO;
16/05/2020;SAB;TOTOLOTO;TOTOLOTO;TUDO PRESENTE E BEM DATADO;
17/05/2020;DOM;NENHUM;NENHUM;CALMO (Nenhum Jogo);
18/05/2020;SEG;NENHUM;NENHUM;CALMO (Nenhum Jogo);
19/05/2020;TER;EUROMILLIONS;EUROMILLIONS;TUDO PRESENTE E BEM DATADO;
20/05/2020;QUA;TOTOLOTO;TOTOLOTO;TUDO PRESENTE E BEM DATADO;
21/05/2020;QUI;NENHUM;NENHUM;CALMO (Nenhum Jogo);
22/05/2020;SEX;EUROMILLIONS;EUROMILLIONS;TUDO PRESENTE E BEM DATADO;
23/05/2020;SAB;TOTOLOTO;TOTOLOTO;TUDO PRESENTE E BEM DATADO;
24/05/2020;DOM;NENHUM;NENHUM;CALMO (Nenhum Jogo);
25/05/2020;SEG;NENHUM;NENHUM;CALMO (Nenhum Jogo);
26/05/2020;TER;EUROMILLIONS;EUROMILLIONS;TUDO PRESENTE E BEM DATADO;
27/05/2020;QUA;TOTOLOTO;TOTOLOTO;TUDO PRESENTE E BEM DATADO;
28/05/2020;QUI;NENHUM;NENHUM;CALMO (Nenhum Jogo);
29/05/2020;SEX;EUROMILLIONS;EUROMILLIONS;TUDO PRESENTE E BEM DATADO;
30/05/2020;SAB;TOTOLOTO;TOTOLOTO;TUDO PRESENTE E BEM DATADO;
31/05/2020;DOM;NENHUM;NENHUM;CALMO (Nenhum Jogo);
01/06/2020;SEG;NENHUM;NENHUM;CALMO (Nenhum Jogo);
02/06/2020;TER;EUROMILLIONS;EUROMILLIONS;TUDO PRESENTE E BEM DATADO;
03/06/2020;QUA;TOTOLOTO;TOTOLOTO;TUDO PRESENTE E BEM DATADO;
04/06/2020;QUI;NENHUM;NENHUM;CALMO (Nenhum Jogo);
05/06/2020;SEX;EUROMILLIONS;EUROMILLIONS;TUDO PRESENTE E BEM DATADO;
06/06/2020;SAB;TOTOLOTO;TOTOLOTO;TUDO PRESENTE E BEM DATADO;
07/06/2020;DOM;NENHUM;NENHUM;CALMO (Nenhum Jogo);
08/06/2020;SEG;NENHUM;NENHUM;CALMO (Nenhum Jogo);
09/06/2020;TER;EUROMILLIONS;EUROMILLIONS;TUDO PRESENTE E BEM DATADO;
10/06/2020;QUA;TOTOLOTO;TOTOLOTO;TUDO PRESENTE E BEM DATADO;
11/06/2020;QUI;NENHUM;NENHUM;CALMO (Nenhum Jogo);
12/06/2020;SEX;EUROMILLIONS;EUROMILLIONS;TUDO PRESENTE E BEM DATADO;
13/06/2020;SAB;TOTOLOTO;TOTOLOTO;TUDO PRESENTE E BEM DATADO;
14/06/2020;DOM;NENHUM;NENHUM;CALMO (Nenhum Jogo);
15/06/2020;SEG;NENHUM;NENHUM;CALMO (Nenhum Jogo);
16/06/2020;TER;EUROMILLIONS;EUROMILLIONS;TUDO PRESENTE E BEM DATADO;
17/06/2020;QUA;TOTOLOTO;TOTOLOTO;TUDO PRESENTE E BEM DATADO;
18/06/2020;QUI;NENHUM;NENHUM;CALMO (Nenhum Jogo);
19/06/2020;SEX;EUROMILLIONS;EUROMILLIONS;TUDO PRESENTE E BEM DATADO;
20/06/2020;SAB;TOTOLOTO;TOTOLOTO;TUDO PRESENTE E BEM DATADO;
21/06/2020;DOM;NENHUM;NENHUM;CALMO (Nenhum Jogo);
22/06/2020;SEG;NENHUM;NENHUM;CALMO (Nenhum Jogo);
23/06/2020;TER;EUROMILLIONS;EUROMILLIONS;TUDO PRESENTE E BEM DATADO;
24/06/2020;QUA;TOTOLOTO;TOTOLOTO;TUDO PRESENTE E BEM DATADO;
25/06/2020;QUI;NENHUM;NENHUM;CALMO (Nenhum Jogo);
26/06/2020;SEX;EUROMILLIONS;EUROMILLIONS;TUDO PRESENTE E BEM DATADO;
27/06/2020;SAB;TOTOLOTO;TOTOLOTO;TUDO PRESENTE E BEM DATADO;
28/06/2020;DOM;NENHUM;NENHUM;CALMO (Nenhum Jogo);
29/06/2020;SEG;NENHUM;NENHUM;CALMO (Nenhum Jogo);
30/06/2020;TER;EUROMILLIONS;EUROMILLIONS;TUDO PRESENTE E BEM DATADO;
01/07/2020;QUA;TOTOLOTO;TOTOLOTO;TUDO PRESENTE E BEM DATADO;
02/07/2020;QUI;NENHUM;NENHUM;CALMO (Nenhum Jogo);
03/07/2020;SEX;EUROMILLIONS;EUROMILLIONS;TUDO PRESENTE E BEM DATADO;
04/07/2020;SAB;TOTOLOTO;TOTOLOTO;TUDO PRESENTE E BEM DATADO;
05/07/2020;DOM;NENHUM;NENHUM;CALMO (Nenhum Jogo);
06/07/2020;SEG;NENHUM;NENHUM;CALMO (Nenhum Jogo);
07/07/2020;TER;EUROMILLIONS;EUROMILLIONS;TUDO PRESENTE E BEM DATADO;
08/07/2020;QUA;TOTOLOTO;TOTOLOTO;TUDO PRESENTE E BEM DATADO;
09/07/2020;QUI;NENHUM;NENHUM;CALMO (Nenhum Jogo);
10/07/2020;SEX;EUROMILLIONS;EUROMILLIONS;TUDO PRESENTE E BEM DATADO;
11/07/2020;SAB;TOTOLOTO;TOTOLOTO;TUDO PRESENTE E BEM DATADO;
12/07/2020;DOM;NENHUM;NENHUM;CALMO (Nenhum Jogo);
13/07/2020;SEG;NENHUM;NENHUM;CALMO (Nenhum Jogo);
14/07/2020;TER;EUROMILLIONS;EUROMILLIONS;TUDO PRESENTE E BEM DATADO;
15/07/2020;QUA;TOTOLOTO;TOTOLOTO;TUDO PRESENTE E BEM DATADO;
16/07/2020;QUI;NENHUM;NENHUM;CALMO (Nenhum Jogo);
17/07/2020;SEX;EUROMILLIONS;EUROMILLIONS;TUDO PRESENTE E BEM DATADO;
18/07/2020;SAB;TOTOLOTO;TOTOLOTO;TUDO PRESENTE E BEM DATADO;
19/07/2020;DOM;NENHUM;NENHUM;CALMO (Nenhum Jogo);
20/07/2020;SEG;NENHUM;NENHUM;CALMO (Nenhum Jogo);
21/07/2020;TER;EUROMILLIONS;EUROMILLIONS;TUDO PRESENTE E BEM DATADO;
22/07/2020;QUA;TOTOLOTO;TOTOLOTO;TUDO PRESENTE E BEM DATADO;
23/07/2020;QUI;NENHUM;NENHUM;CALMO (Nenhum Jogo);
24/07/2020;SEX;EUROMILLIONS;EUROMILLIONS;TUDO PRESENTE E BEM DATADO;
25/07/2020;SAB;TOTOLOTO;TOTOLOTO;TUDO PRESENTE E BEM DATADO;
26/07/2020;DOM;NENHUM;NENHUM;CALMO (Nenhum Jogo);
27/07/2020;SEG;NENHUM;NENHUM;CALMO (Nenhum Jogo);
28/07/2020;TER;EUROMILLIONS;EUROMILLIONS;TUDO PRESENTE E BEM DATADO;
29/07/2020;QUA;TOTOLOTO;TOTOLOTO;TUDO PRESENTE E BEM DATADO;
30/07/2020;QUI;NENHUM;NENHUM;CALMO (Nenhum Jogo);
31/07/2020;SEX;EUROMILLIONS;EUROMILLIONS;TUDO PRESENTE E BEM DATADO;
01/08/2020;SAB;TOTOLOTO;TOTOLOTO;TUDO PRESENTE E BEM DATADO;
02/08/2020;DOM;NENHUM;NENHUM;CALMO (Nenhum Jogo);
03/08/2020;SEG;NENHUM;NENHUM;CALMO (Nenhum Jogo);
04/08/2020;TER;EUROMILLIONS;EUROMILLIONS;TUDO PRESENTE E BEM DATADO;
05/08/2020;QUA;TOTOLOTO;TOTOLOTO;TUDO PRESENTE E BEM DATADO;
06/08/2020;QUI;NENHUM;NENHUM;CALMO (Nenhum Jogo);
07/08/2020;SEX;EUROMILLIONS;EUROMILLIONS;TUDO PRESENTE E BEM DATADO;
08/08/2020;SAB;TOTOLOTO;TOTOLOTO;TUDO PRESENTE E BEM DATADO;
09/08/2020;DOM;NENHUM;NENHUM;CALMO (Nenhum Jogo);
10/08/2020;SEG;NENHUM;NENHUM;CALMO (Nenhum Jogo);
11/08/2020;TER;EUROMILLIONS;EUROMILLIONS;TUDO PRESENTE E BEM DATADO;
12/08/2020;QUA;TOTOLOTO;TOTOLOTO;TUDO PRESENTE E BEM DATADO;
13/08/2020;QUI;NENHUM;NENHUM;CALMO (Nenhum Jogo);
14/08/2020;SEX;EUROMILLIONS;EUROMILLIONS;TUDO PRESENTE E BEM DATADO;
15/08/2020;SAB;TOTOLOTO;TOTOLOTO;TUDO PRESENTE E BEM DATADO;
16/08/2020;DOM;NENHUM;NENHUM;CALMO (Nenhum Jogo);
17/08/2020;SEG;NENHUM;NENHUM;CALMO (Nenhum Jogo);
18/08/2020;TER;EUROMILLIONS;EUROMILLIONS;TUDO PRESENTE E BEM DATADO;
19/08/2020;QUA;TOTOLOTO;TOTOLOTO;TUDO PRESENTE E BEM DATADO;
20/08/2020;QUI;NENHUM;NENHUM;CALMO (Nenhum Jogo);
21/08/2020;SEX;EUROMILLIONS;EUROMILLIONS;TUDO PRESENTE E BEM DATADO;
22/08/2020;SAB;TOTOLOTO;TOTOLOTO;TUDO PRESENTE E BEM DATADO;
23/08/2020;DOM;NENHUM;NENHUM;CALMO (Nenhum Jogo);
24/08/2020;SEG;NENHUM;NENHUM;CALMO (Nenhum Jogo);
25/08/2020;TER;EUROMILLIONS;EUROMILLIONS;TUDO PRESENTE E BEM DATADO;
26/08/2020;QUA;TOTOLOTO;TOTOLOTO;TUDO PRESENTE E BEM DATADO;
27/08/2020;QUI;NENHUM;NENHUM;CALMO (Nenhum Jogo);
28/08/2020;SEX;EUROMILLIONS;EUROMILLIONS;TUDO PRESENTE E BEM DATADO;
29/08/2020;SAB;TOTOLOTO;TOTOLOTO;TUDO PRESENTE E BEM DATADO;
30/08/2020;DOM;NENHUM;NENHUM;CALMO (Nenhum Jogo);
31/08/2020;SEG;NENHUM;NENHUM;CALMO (Nenhum Jogo);
01/09/2020;TER;EUROMILLIONS;EUROMILLIONS;TUDO PRESENTE E BEM DATADO;
02/09/2020;QUA;TOTOLOTO;TOTOLOTO;TUDO PRESENTE E BEM DATADO;
03/09/2020;QUI;NENHUM;NENHUM;CALMO (Nenhum Jogo);
04/09/2020;SEX;EUROMILLIONS;EUROMILLIONS;TUDO PRESENTE E BEM DATADO;
05/09/2020;SAB;TOTOLOTO;TOTOLOTO;TUDO PRESENTE E BEM DATADO;
06/09/2020;DOM;NENHUM;NENHUM;CALMO (Nenhum Jogo);
07/09/2020;SEG;NENHUM;NENHUM;CALMO (Nenhum Jogo);
08/09/2020;TER;EUROMILLIONS;EUROMILLIONS;TUDO PRESENTE E BEM DATADO;
09/09/2020;QUA;TOTOLOTO;TOTOLOTO;TUDO PRESENTE E BEM DATADO;
10/09/2020;QUI;NENHUM;NENHUM;CALMO (Nenhum Jogo);
11/09/2020;SEX;EUROMILLIONS;EUROMILLIONS;TUDO PRESENTE E BEM DATADO;
12/09/2020;SAB;TOTOLOTO;TOTOLOTO;TUDO PRESENTE E BEM DATADO;
13/09/2020;DOM;NENHUM;NENHUM;CALMO (Nenhum Jogo);
14/09/2020;SEG;NENHUM;NENHUM;CALMO (Nenhum Jogo);
15/09/2020;TER;EUROMILLIONS;EUROMILLIONS;TUDO PRESENTE E BEM DATADO;
16/09/2020;QUA;TOTOLOTO;TOTOLOTO;TUDO PRESENTE E BEM DATADO;
17/09/2020;QUI;NENHUM;NENHUM;CALMO (Nenhum Jogo);
18/09/2020;SEX;EUROMILLIONS;EUROMILLIONS;TUDO PRESENTE E BEM DATADO;
19/09/2020;SAB;TOTOLOTO;TOTOLOTO;TUDO PRESENTE E BEM DATADO;
20/09/2020;DOM;NENHUM;NENHUM;CALMO (Nenhum Jogo);
21/09/2020;SEG;NENHUM;NENHUM;CALMO (Nenhum Jogo);
22/09/2020;TER;EUROMILLIONS;EUROMILLIONS;TUDO PRESENTE E BEM DATADO;
23/09/2020;QUA;TOTOLOTO;TOTOLOTO;TUDO PRESENTE E BEM DATADO;
24/09/2020;QUI;NENHUM;NENHUM;CALMO (Nenhum Jogo);
25/09/2020;SEX;EUROMILLIONS;EUROMILLIONS;TUDO PRESENTE E BEM DATADO;
26/09/2020;SAB;TOTOLOTO;TOTOLOTO;TUDO PRESENTE E BEM DATADO;
27/09/2020;DOM;NENHUM;NENHUM;CALMO (Nenhum Jogo);
28/09/2020;SEG;NENHUM;NENHUM;CALMO (Nenhum Jogo);
29/09/2020;TER;EUROMILLIONS;EUROMILLIONS;TUDO PRESENTE E BEM DATADO;
30/09/2020;QUA;TOTOLOTO;TOTOLOTO;TUDO PRESENTE E BEM DATADO;
01/10/2020;QUI;NENHUM;NENHUM;CALMO (Nenhum Jogo);
02/10/2020;SEX;EUROMILLIONS;EUROMILLIONS;TUDO PRESENTE E BEM DATADO;
03/10/2020;SAB;TOTOLOTO;TOTOLOTO;TUDO PRESENTE E BEM DATADO;
04/10/2020;DOM;NENHUM;NENHUM;CALMO (Nenhum Jogo);
05/10/2020;SEG;NENHUM;NENHUM;CALMO (Nenhum Jogo);
06/10/2020;TER;EUROMILLIONS;EUROMILLIONS;TUDO PRESENTE E BEM DATADO;
07/10/2020;QUA;TOTOLOTO;TOTOLOTO;TUDO PRESENTE E BEM DATADO;
08/10/2020;QUI;NENHUM;NENHUM;CALMO (Nenhum Jogo);
09/10/2020;SEX;EUROMILLIONS;EUROMILLIONS;TUDO PRESENTE E BEM DATADO;
10/10/2020;SAB;TOTOLOTO;TOTOLOTO;TUDO PRESENTE E BEM DATADO;
11/10/2020;DOM;NENHUM;NENHUM;CALMO (Nenhum Jogo);
12/10/2020;SEG;NENHUM;NENHUM;CALMO (Nenhum Jogo);
13/10/2020;TER;EUROMILLIONS;EUROMILLIONS;TUDO PRESENTE E BEM DATADO;
14/10/2020;QUA;TOTOLOTO;TOTOLOTO;TUDO PRESENTE E BEM DATADO;
15/10/2020;QUI;NENHUM;NENHUM;CALMO (Nenhum Jogo);
16/10/2020;SEX;EUROMILLIONS;EUROMILLIONS;TUDO PRESENTE E BEM DATADO;
17/10/2020;SAB;TOTOLOTO;TOTOLOTO;TUDO PRESENTE E BEM DATADO;
18/10/2020;DOM;NENHUM;NENHUM;CALMO (Nenhum Jogo);
19/10/2020;SEG;NENHUM;NENHUM;CALMO (Nenhum Jogo);
20/10/2020;TER;EUROMILLIONS;EUROMILLIONS;TUDO PRESENTE E BEM DATADO;
21/10/2020;QUA;TOTOLOTO;TOTOLOTO;TUDO PRESENTE E BEM DATADO;
22/10/2020;QUI;NENHUM;NENHUM;CALMO (Nenhum Jogo);
23/10/2020;SEX;EUROMILLIONS;EUROMILLIONS;TUDO PRESENTE E BEM DATADO;
24/10/2020;SAB;TOTOLOTO;TOTOLOTO;TUDO PRESENTE E BEM DATADO;
25/10/2020;DOM;NENHUM;NENHUM;CALMO (Nenhum Jogo);
26/10/2020;SEG;NENHUM;NENHUM;CALMO (Nenhum Jogo);
27/10/2020;TER;EUROMILLIONS;EUROMILLIONS;TUDO PRESENTE E BEM DATADO;
28/10/2020;QUA;TOTOLOTO;TOTOLOTO;TUDO PRESENTE E BEM DATADO;
29/10/2020;QUI;NENHUM;NENHUM;CALMO (Nenhum Jogo);
30/10/2020;SEX;EUROMILLIONS;EUROMILLIONS;TUDO PRESENTE E BEM DATADO;
31/10/2020;SAB;TOTOLOTO;TOTOLOTO;TUDO PRESENTE E BEM DATADO;
01/11/2020;DOM;NENHUM;NENHUM;CALMO (Nenhum Jogo);
02/11/2020;SEG;NENHUM;NENHUM;CALMO (Nenhum Jogo);
03/11/2020;TER;EUROMILLIONS;EUROMILLIONS;TUDO PRESENTE E BEM DATADO;
04/11/2020;QUA;TOTOLOTO;TOTOLOTO;TUDO PRESENTE E BEM DATADO;
05/11/2020;QUI;NENHUM;NENHUM;CALMO (Nenhum Jogo);
06/11/2020;SEX;EUROMILLIONS;EUROMILLIONS;TUDO PRESENTE E BEM DATADO;
07/11/2020;SAB;TOTOLOTO;TOTOLOTO;TUDO PRESENTE E BEM DATADO;
08/11/2020;DOM;NENHUM;NENHUM;CALMO (Nenhum Jogo);
09/11/2020;SEG;NENHUM;NENHUM;CALMO (Nenhum Jogo);
10/11/2020;TER;EUROMILLIONS;EUROMILLIONS;TUDO PRESENTE E BEM DATADO;
11/11/2020;QUA;TOTOLOTO;TOTOLOTO;TUDO PRESENTE E BEM DATADO;
12/11/2020;QUI;NENHUM;NENHUM;CALMO (Nenhum Jogo);
13/11/2020;SEX;EUROMILLIONS;EUROMILLIONS;TUDO PRESENTE E BEM DATADO;
14/11/2020;SAB;TOTOLOTO;TOTOLOTO;TUDO PRESENTE E BEM DATADO;
15/11/2020;DOM;NENHUM;NENHUM;CALMO (Nenhum Jogo);
16/11/2020;SEG;NENHUM;NENHUM;CALMO (Nenhum Jogo);
17/11/2020;TER;EUROMILLIONS;EUROMILLIONS;TUDO PRESENTE E BEM DATADO;
18/11/2020;QUA;TOTOLOTO;TOTOLOTO;TUDO PRESENTE E BEM DATADO;
19/11/2020;QUI;NENHUM;NENHUM;CALMO (Nenhum Jogo);
20/11/2020;SEX;EUROMILLIONS;EUROMILLIONS;TUDO PRESENTE E BEM DATADO;
21/11/2020;SAB;TOTOLOTO;TOTOLOTO;TUDO PRESENTE E BEM DATADO;
22/11/2020;DOM;NENHUM;NENHUM;CALMO (Nenhum Jogo);
23/11/2020;SEG;NENHUM;NENHUM;CALMO (Nenhum Jogo);
24/11/2020;TER;EUROMILLIONS;EUROMILLIONS;TUDO PRESENTE E BEM DATADO;
25/11/2020;QUA;TOTOLOTO;TOTOLOTO;TUDO PRESENTE E BEM DATADO;
26/11/2020;QUI;NENHUM;NENHUM;CALMO (Nenhum Jogo);
27/11/2020;SEX;EUROMILLIONS;EUROMILLIONS;TUDO PRESENTE E BEM DATADO;
28/11/2020;SAB;TOTOLOTO;TOTOLOTO;TUDO PRESENTE E BEM DATADO;
29/11/2020;DOM;NENHUM;NENHUM;CALMO (Nenhum Jogo);
30/11/2020;SEG;NENHUM;NENHUM;CALMO (Nenhum Jogo);
01/12/2020;TER;EUROMILLIONS;EUROMILLIONS;TUDO PRESENTE E BEM DATADO;
02/12/2020;QUA;TOTOLOTO;TOTOLOTO;TUDO PRESENTE E BEM DATADO;
03/12/2020;QUI;NENHUM;NENHUM;CALMO (Nenhum Jogo);
04/12/2020;SEX;EUROMILLIONS;EUROMILLIONS;TUDO PRESENTE E BEM DATADO;
05/12/2020;SAB;TOTOLOTO;TOTOLOTO;TUDO PRESENTE E BEM DATADO;
06/12/2020;DOM;NENHUM;NENHUM;CALMO (Nenhum Jogo);
07/12/2020;SEG;NENHUM;NENHUM;CALMO (Nenhum Jogo);
08/12/2020;TER;EUROMILLIONS;EUROMILLIONS;TUDO PRESENTE E BEM DATADO;
09/12/2020;QUA;TOTOLOTO;TOTOLOTO;TUDO PRESENTE E BEM DATADO;
10/12/2020;QUI;NENHUM;NENHUM;CALMO (Nenhum Jogo);
11/12/2020;SEX;EUROMILLIONS;EUROMILLIONS;TUDO PRESENTE E BEM DATADO;
12/12/2020;SAB;TOTOLOTO;TOTOLOTO;TUDO PRESENTE E BEM DATADO;
13/12/2020;DOM;NENHUM;NENHUM;CALMO (Nenhum Jogo);
14/12/2020;SEG;NENHUM;NENHUM;CALMO (Nenhum Jogo);
15/12/2020;TER;EUROMILLIONS;EUROMILLIONS;TUDO PRESENTE E BEM DATADO;
16/12/2020;QUA;TOTOLOTO;TOTOLOTO;TUDO PRESENTE E BEM DATADO;
17/12/2020;QUI;NENHUM;NENHUM;CALMO (Nenhum Jogo);
18/12/2020;SEX;EUROMILLIONS;EUROMILLIONS;TUDO PRESENTE E BEM DATADO;
19/12/2020;SAB;TOTOLOTO;TOTOLOTO;TUDO PRESENTE E BEM DATADO;
20/12/2020;DOM;NENHUM;NENHUM;CALMO (Nenhum Jogo);
21/12/2020;SEG;NENHUM;NENHUM;CALMO (Nenhum Jogo);
22/12/2020;TER;EUROMILLIONS;EUROMILLIONS;TUDO PRESENTE E BEM DATADO;
23/12/2020;QUA;TOTOLOTO;TOTOLOTO;TUDO PRESENTE E BEM DATADO;
24/12/2020;QUI;NENHUM;NENHUM;CALMO (Nenhum Jogo);
25/12/2020;SEX;EUROMILLIONS;EUROMILLIONS;TUDO PRESENTE E BEM DATADO;
26/12/2020;SAB;TOTOLOTO;TOTOLOTO;TUDO PRESENTE E BEM DATADO;
27/12/2020;DOM;NENHUM;NENHUM;CALMO (Nenhum Jogo);
28/12/2020;SEG;NENHUM;NENHUM;CALMO (Nenhum Jogo);
29/12/2020;TER;EUROMILLIONS;EUROMILLIONS;TUDO PRESENTE E BEM DATADO;
30/12/2020;QUA;TOTOLOTO;TOTOLOTO;TUDO PRESENTE E BEM DATADO;
31/12/2020;QUI;NENHUM;NENHUM;CALMO (Nenhum Jogo);
01/01/2021;SEX;EUROMILLIONS;EUROMILLIONS;TUDO PRESENTE E BEM DATADO;
02/01/2021;SAB;TOTOLOTO;TOTOLOTO;TUDO PRESENTE E BEM DATADO;
03/01/2021;DOM;NENHUM;NENHUM;CALMO (Nenhum Jogo);
04/01/2021;SEG;NENHUM;NENHUM;CALMO (Nenhum Jogo);
05/01/2021;TER;EUROMILLIONS;EUROMILLIONS;TUDO PRESENTE E BEM DATADO;
06/01/2021;QUA;TOTOLOTO;TOTOLOTO;TUDO PRESENTE E BEM DATADO;
07/01/2021;QUI;NENHUM;NENHUM;CALMO (Nenhum Jogo);
08/01/2021;SEX;EUROMILLIONS;EUROMILLIONS;TUDO PRESENTE E BEM DATADO;
09/01/2021;SAB;TOTOLOTO;TOTOLOTO;TUDO PRESENTE E BEM DATADO;
10/01/2021;DOM;NENHUM;NENHUM;CALMO (Nenhum Jogo);
11/01/2021;SEG;NENHUM;NENHUM;CALMO (Nenhum Jogo);
12/01/2021;TER;EUROMILLIONS;EUROMILLIONS;TUDO PRESENTE E BEM DATADO;
13/01/2021;QUA;TOTOLOTO;TOTOLOTO;TUDO PRESENTE E BEM DATADO;
14/01/2021;QUI;NENHUM;NENHUM;CALMO (Nenhum Jogo);
15/01/2021;SEX;EUROMILLIONS;EUROMILLIONS;TUDO PRESENTE E BEM DATADO;
16/01/2021;SAB;TOTOLOTO;TOTOLOTO;TUDO PRESENTE E BEM DATADO;
17/01/2021;DOM;NENHUM;NENHUM;CALMO (Nenhum Jogo);
18/01/2021;SEG;NENHUM;NENHUM;CALMO (Nenhum Jogo);
19/01/2021;TER;EUROMILLIONS;EUROMILLIONS;TUDO PRESENTE E BEM DATADO;
20/01/2021;QUA;TOTOLOTO;TOTOLOTO;TUDO PRESENTE E BEM DATADO;
21/01/2021;QUI;NENHUM;NENHUM;CALMO (Nenhum Jogo);
22/01/2021;SEX;EUROMILLIONS;EUROMILLIONS;TUDO PRESENTE E BEM DATADO;
23/01/2021;SAB;TOTOLOTO;TOTOLOTO;TUDO PRESENTE E BEM DATADO;
24/01/2021;DOM;NENHUM;NENHUM;CALMO (Nenhum Jogo);
25/01/2021;SEG;NENHUM;NENHUM;CALMO (Nenhum Jogo);
26/01/2021;TER;EUROMILLIONS;EUROMILLIONS;TUDO PRESENTE E BEM DATADO;
27/01/2021;QUA;TOTOLOTO;TOTOLOTO;TUDO PRESENTE E BEM DATADO;
28/01/2021;QUI;NENHUM;NENHUM;CALMO (Nenhum Jogo);
29/01/2021;SEX;EUROMILLIONS;EUROMILLIONS;TUDO PRESENTE E BEM DATADO;
30/01/2021;SAB;TOTOLOTO;TOTOLOTO;TUDO PRESENTE E BEM DATADO;
31/01/2021;DOM;NENHUM;NENHUM;CALMO (Nenhum Jogo);
01/02/2021;SEG;NENHUM;NENHUM;CALMO (Nenhum Jogo);
02/02/2021;TER;EUROMILLIONS;EUROMILLIONS;TUDO PRESENTE E BEM DATADO;
03/02/2021;QUA;TOTOLOTO;TOTOLOTO;TUDO PRESENTE E BEM DATADO;
04/02/2021;QUI;NENHUM;NENHUM;CALMO (Nenhum Jogo);
05/02/2021;SEX;EUROMILLIONS;EUROMILLIONS;TUDO PRESENTE E BEM DATADO;
06/02/2021;SAB;TOTOLOTO;TOTOLOTO;TUDO PRESENTE E BEM DATADO;
07/02/2021;DOM;NENHUM;NENHUM;CALMO (Nenhum Jogo);
08/02/2021;SEG;NENHUM;NENHUM;CALMO (Nenhum Jogo);
09/02/2021;TER;EUROMILLIONS;EUROMILLIONS;TUDO PRESENTE E BEM DATADO;
10/02/2021;QUA;TOTOLOTO;TOTOLOTO;TUDO PRESENTE E BEM DATADO;
11/02/2021;QUI;NENHUM;NENHUM;CALMO (Nenhum Jogo);
12/02/2021;SEX;EUROMILLIONS;EUROMILLIONS;TUDO PRESENTE E BEM DATADO;
13/02/2021;SAB;TOTOLOTO;TOTOLOTO;TUDO PRESENTE E BEM DATADO;
14/02/2021;DOM;NENHUM;NENHUM;CALMO (Nenhum Jogo);
15/02/2021;SEG;NENHUM;NENHUM;CALMO (Nenhum Jogo);
16/02/2021;TER;EUROMILLIONS;EUROMILLIONS;TUDO PRESENTE E BEM DATADO;
17/02/2021;QUA;TOTOLOTO;TOTOLOTO;TUDO PRESENTE E BEM DATADO;
18/02/2021;QUI;NENHUM;NENHUM;CALMO (Nenhum Jogo);
19/02/2021;SEX;EUROMILLIONS;EUROMILLIONS;TUDO PRESENTE E BEM DATADO;
20/02/2021;SAB;TOTOLOTO;TOTOLOTO;TUDO PRESENTE E BEM DATADO;
21/02/2021;DOM;NENHUM;NENHUM;CALMO (Nenhum Jogo);
22/02/2021;SEG;NENHUM;NENHUM;CALMO (Nenhum Jogo);
23/02/2021;TER;EUROMILLIONS;EUROMILLIONS;TUDO PRESENTE E BEM DATADO;
24/02/2021;QUA;TOTOLOTO;TOTOLOTO;TUDO PRESENTE E BEM DATADO;
25/02/2021;QUI;NENHUM;NENHUM;CALMO (Nenhum Jogo);
26/02/2021;SEX;EUROMILLIONS;EUROMILLIONS;TUDO PRESENTE E BEM DATADO;
27/02/2021;SAB;TOTOLOTO;TOTOLOTO;TUDO PRESENTE E BEM DATADO;
28/02/2021;DOM;NENHUM;NENHUM;CALMO (Nenhum Jogo);
01/03/2021;SEG;NENHUM;NENHUM;CALMO (Nenhum Jogo);
02/03/2021;TER;EUROMILLIONS;EUROMILLIONS;TUDO PRESENTE E BEM DATADO;
03/03/2021;QUA;TOTOLOTO;TOTOLOTO;TUDO PRESENTE E BEM DATADO;
04/03/2021;QUI;NENHUM;NENHUM;CALMO (Nenhum Jogo);
05/03/2021;SEX;EUROMILLIONS;EUROMILLIONS;TUDO PRESENTE E BEM DATADO;
06/03/2021;SAB;TOTOLOTO;TOTOLOTO;TUDO PRESENTE E BEM DATADO;
07/03/2021;DOM;NENHUM;NENHUM;CALMO (Nenhum Jogo);
08/03/2021;SEG;NENHUM;NENHUM;CALMO (Nenhum Jogo);
09/03/2021;TER;EUROMILLIONS;EUROMILLIONS;TUDO PRESENTE E BEM DATADO;
10/03/2021;QUA;TOTOLOTO;TOTOLOTO;TUDO PRESENTE E BEM DATADO;
11/03/2021;QUI;NENHUM;NENHUM;CALMO (Nenhum Jogo);
12/03/2021;SEX;EUROMILLIONS;EUROMILLIONS;TUDO PRESENTE E BEM DATADO;
13/03/2021;SAB;TOTOLOTO;TOTOLOTO;TUDO PRESENTE E BEM DATADO;
14/03/2021;DOM;NENHUM;NENHUM;CALMO (Nenhum Jogo);
15/03/2021;SEG;NENHUM;NENHUM;CALMO (Nenhum Jogo);
16/03/2021;TER;EUROMILLIONS;EUROMILLIONS;TUDO PRESENTE E BEM DATADO;
17/03/2021;QUA;TOTOLOTO;TOTOLOTO;TUDO PRESENTE E BEM DATADO;
18/03/2021;QUI;NENHUM;NENHUM;CALMO (Nenhum Jogo);
19/03/2021;SEX;EUROMILLIONS;EUROMILLIONS;TUDO PRESENTE E BEM DATADO;
20/03/2021;SAB;TOTOLOTO;TOTOLOTO;TUDO PRESENTE E BEM DATADO;
21/03/2021;DOM;NENHUM;NENHUM;CALMO (Nenhum Jogo);
22/03/2021;SEG;NENHUM;NENHUM;CALMO (Nenhum Jogo);
23/03/2021;TER;EUROMILLIONS;EUROMILLIONS;TUDO PRESENTE E BEM DATADO;
24/03/2021;QUA;TOTOLOTO;TOTOLOTO;TUDO PRESENTE E BEM DATADO;
25/03/2021;QUI;NENHUM;NENHUM;CALMO (Nenhum Jogo);
26/03/2021;SEX;EUROMILLIONS;EUROMILLIONS;TUDO PRESENTE E BEM DATADO;
27/03/2021;SAB;TOTOLOTO;TOTOLOTO;TUDO PRESENTE E BEM DATADO;
28/03/2021;DOM;NENHUM;NENHUM;CALMO (Nenhum Jogo);
29/03/2021;SEG;NENHUM;NENHUM;CALMO (Nenhum Jogo);
30/03/2021;TER;EUROMILLIONS;EUROMILLIONS;TUDO PRESENTE E BEM DATADO;
31/03/2021;QUA;TOTOLOTO;TOTOLOTO;TUDO PRESENTE E BEM DATADO;
01/04/2021;QUI;NENHUM;NENHUM;CALMO (Nenhum Jogo);
02/04/2021;SEX;EUROMILLIONS;EUROMILLIONS;TUDO PRESENTE E BEM DATADO;
03/04/2021;SAB;TOTOLOTO;TOTOLOTO;TUDO PRESENTE E BEM DATADO;
04/04/2021;DOM;NENHUM;NENHUM;CALMO (Nenhum Jogo);
05/04/2021;SEG;NENHUM;NENHUM;CALMO (Nenhum Jogo);
06/04/2021;TER;EUROMILLIONS;EUROMILLIONS;TUDO PRESENTE E BEM DATADO;
07/04/2021;QUA;TOTOLOTO;TOTOLOTO;TUDO PRESENTE E BEM DATADO;
08/04/2021;QUI;NENHUM;NENHUM;CALMO (Nenhum Jogo);
09/04/2021;SEX;EUROMILLIONS;EUROMILLIONS;TUDO PRESENTE E BEM DATADO;
10/04/2021;SAB;TOTOLOTO;TOTOLOTO;TUDO PRESENTE E BEM DATADO;
11/04/2021;DOM;NENHUM;NENHUM;CALMO (Nenhum Jogo);
12/04/2021;SEG;NENHUM;NENHUM;CALMO (Nenhum Jogo);
13/04/2021;TER;EUROMILLIONS;EUROMILLIONS;TUDO PRESENTE E BEM DATADO;
14/04/2021;QUA;TOTOLOTO;TOTOLOTO;TUDO PRESENTE E BEM DATADO;
15/04/2021;QUI;NENHUM;NENHUM;CALMO (Nenhum Jogo);
16/04/2021;SEX;EUROMILLIONS;EUROMILLIONS;TUDO PRESENTE E BEM DATADO;
17/04/2021;SAB;TOTOLOTO;TOTOLOTO;TUDO PRESENTE E BEM DATADO;
18/04/2021;DOM;NENHUM;NENHUM;CALMO (Nenhum Jogo);
19/04/2021;SEG;NENHUM;NENHUM;CALMO (Nenhum Jogo);
20/04/2021;TER;EUROMILLIONS;EUROMILLIONS;TUDO PRESENTE E BEM DATADO;
21/04/2021;QUA;TOTOLOTO;TOTOLOTO;TUDO PRESENTE E BEM DATADO;
22/04/2021;QUI;NENHUM;NENHUM;CALMO (Nenhum Jogo);
23/04/2021;SEX;EUROMILLIONS;EUROMILLIONS;TUDO PRESENTE E BEM DATADO;
24/04/2021;SAB;TOTOLOTO;TOTOLOTO;TUDO PRESENTE E BEM DATADO;
25/04/2021;DOM;NENHUM;NENHUM;CALMO (Nenhum Jogo);
26/04/2021;SEG;NENHUM;NENHUM;CALMO (Nenhum Jogo);
27/04/2021;TER;EUROMILLIONS;EUROMILLIONS;TUDO PRESENTE E BEM DATADO;
28/04/2021;QUA;TOTOLOTO;TOTOLOTO;TUDO PRESENTE E BEM DATADO;
29/04/2021;QUI;NENHUM;NENHUM;CALMO (Nenhum Jogo);
30/04/2021;SEX;EUROMILLIONS;EUROMILLIONS;TUDO PRESENTE E BEM DATADO;
01/05/2021;SAB;TOTOLOTO;TOTOLOTO;TUDO PRESENTE E BEM DATADO;
02/05/2021;DOM;NENHUM;NENHUM;CALMO (Nenhum Jogo);
03/05/2021;SEG;NENHUM;NENHUM;CALMO (Nenhum Jogo);
04/05/2021;TER;EUROMILLIONS;EUROMILLIONS;TUDO PRESENTE E BEM DATADO;
05/05/2021;QUA;TOTOLOTO;TOTOLOTO;TUDO PRESENTE E BEM DATADO;
06/05/2021;QUI;NENHUM;NENHUM;CALMO (Nenhum Jogo);
07/05/2021;SEX;EUROMILLIONS;EUROMILLIONS;TUDO PRESENTE E BEM DATADO;
08/05/2021;SAB;TOTOLOTO;TOTOLOTO;TUDO PRESENTE E BEM DATADO;
09/05/2021;DOM;NENHUM;NENHUM;CALMO (Nenhum Jogo);
10/05/2021;SEG;NENHUM;NENHUM;CALMO (Nenhum Jogo);
11/05/2021;TER;EUROMILLIONS;EUROMILLIONS;TUDO PRESENTE E BEM DATADO;
12/05/2021;QUA;TOTOLOTO;TOTOLOTO;TUDO PRESENTE E BEM DATADO;
13/05/2021;QUI;NENHUM;NENHUM;CALMO (Nenhum Jogo);
14/05/2021;SEX;EUROMILLIONS;EUROMILLIONS;TUDO PRESENTE E BEM DATADO;
15/05/2021;SAB;TOTOLOTO;TOTOLOTO;TUDO PRESENTE E BEM DATADO;
16/05/2021;DOM;NENHUM;NENHUM;CALMO (Nenhum Jogo);
17/05/2021;SEG;NENHUM;NENHUM;CALMO (Nenhum Jogo);
18/05/2021;TER;EUROMILLIONS;EUROMILLIONS;TUDO PRESENTE E BEM DATADO;
19/05/2021;QUA;TOTOLOTO;TOTOLOTO;TUDO PRESENTE E BEM DATADO;
20/05/2021;QUI;NENHUM;NENHUM;CALMO (Nenhum Jogo);
21/05/2021;SEX;EUROMILLIONS;EUROMILLIONS;TUDO PRESENTE E BEM DATADO;
22/05/2021;SAB;TOTOLOTO;TOTOLOTO;TUDO PRESENTE E BEM DATADO;
23/05/2021;DOM;NENHUM;NENHUM;CALMO (Nenhum Jogo);
24/05/2021;SEG;NENHUM;NENHUM;CALMO (Nenhum Jogo);
25/05/2021;TER;EUROMILLIONS;EUROMILLIONS;TUDO PRESENTE E BEM DATADO;
26/05/2021;QUA;TOTOLOTO;TOTOLOTO;TUDO PRESENTE E BEM DATADO;
27/05/2021;QUI;NENHUM;NENHUM;CALMO (Nenhum Jogo);
28/05/2021;SEX;EUROMILLIONS;EUROMILLIONS;TUDO PRESENTE E BEM DATADO;
29/05/2021;SAB;TOTOLOTO;TOTOLOTO;TUDO PRESENTE E BEM DATADO;
30/05/2021;DOM;NENHUM;NENHUM;CALMO (Nenhum Jogo);
31/05/2021;SEG;NENHUM;NENHUM;CALMO (Nenhum Jogo);
01/06/2021;TER;EUROMILLIONS;EUROMILLIONS;TUDO PRESENTE E BEM DATADO;
02/06/2021;QUA;TOTOLOTO;TOTOLOTO;TUDO PRESENTE E BEM DATADO;
03/06/2021;QUI;NENHUM;NENHUM;CALMO (Nenhum Jogo);
04/06/2021;SEX;EUROMILLIONS;EUROMILLIONS;TUDO PRESENTE E BEM DATADO;
05/06/2021;SAB;TOTOLOTO;TOTOLOTO;TUDO PRESENTE E BEM DATADO;
06/06/2021;DOM;NENHUM;NENHUM;CALMO (Nenhum Jogo);
07/06/2021;SEG;NENHUM;NENHUM;CALMO (Nenhum Jogo);
08/06/2021;TER;EUROMILLIONS;EUROMILLIONS;TUDO PRESENTE E BEM DATADO;
09/06/2021;QUA;TOTOLOTO;TOTOLOTO;TUDO PRESENTE E BEM DATADO;
10/06/2021;QUI;NENHUM;NENHUM;CALMO (Nenhum Jogo);
11/06/2021;SEX;EUROMILLIONS;EUROMILLIONS;TUDO PRESENTE E BEM DATADO;
12/06/2021;SAB;TOTOLOTO;TOTOLOTO;TUDO PRESENTE E BEM DATADO;
13/06/2021;DOM;NENHUM;NENHUM;CALMO (Nenhum Jogo);
14/06/2021;SEG;NENHUM;NENHUM;CALMO (Nenhum Jogo);
15/06/2021;TER;EUROMILLIONS;EUROMILLIONS;TUDO PRESENTE E BEM DATADO;
16/06/2021;QUA;TOTOLOTO;TOTOLOTO;TUDO PRESENTE E BEM DATADO;
17/06/2021;QUI;NENHUM;NENHUM;CALMO (Nenhum Jogo);
18/06/2021;SEX;EUROMILLIONS;EUROMILLIONS;TUDO PRESENTE E BEM DATADO;
19/06/2021;SAB;TOTOLOTO;TOTOLOTO;TUDO PRESENTE E BEM DATADO;
20/06/2021;DOM;NENHUM;NENHUM;CALMO (Nenhum Jogo);
21/06/2021;SEG;NENHUM;NENHUM;CALMO (Nenhum Jogo);
22/06/2021;TER;EUROMILLIONS;EUROMILLIONS;TUDO PRESENTE E BEM DATADO;
23/06/2021;QUA;TOTOLOTO;TOTOLOTO;TUDO PRESENTE E BEM DATADO;
24/06/2021;QUI;NENHUM;NENHUM;CALMO (Nenhum Jogo);
25/06/2021;SEX;EUROMILLIONS;EUROMILLIONS;TUDO PRESENTE E BEM DATADO;
26/06/2021;SAB;TOTOLOTO;TOTOLOTO;TUDO PRESENTE E BEM DATADO;
27/06/2021;DOM;NENHUM;NENHUM;CALMO (Nenhum Jogo);
28/06/2021;SEG;NENHUM;NENHUM;CALMO (Nenhum Jogo);
29/06/2021;TER;EUROMILLIONS;EUROMILLIONS;TUDO PRESENTE E BEM DATADO;
30/06/2021;QUA;TOTOLOTO;TOTOLOTO;TUDO PRESENTE E BEM DATADO;
01/07/2021;QUI;NENHUM;NENHUM;CALMO (Nenhum Jogo);
02/07/2021;SEX;EUROMILLIONS;EUROMILLIONS;TUDO PRESENTE E BEM DATADO;
03/07/2021;SAB;TOTOLOTO;TOTOLOTO;TUDO PRESENTE E BEM DATADO;
04/07/2021;DOM;NENHUM;NENHUM;CALMO (Nenhum Jogo);
05/07/2021;SEG;NENHUM;NENHUM;CALMO (Nenhum Jogo);
06/07/2021;TER;EUROMILLIONS;EUROMILLIONS;TUDO PRESENTE E BEM DATADO;
07/07/2021;QUA;TOTOLOTO;TOTOLOTO;TUDO PRESENTE E BEM DATADO;
08/07/2021;QUI;NENHUM;NENHUM;CALMO (Nenhum Jogo);
09/07/2021;SEX;EUROMILLIONS;EUROMILLIONS;TUDO PRESENTE E BEM DATADO;
10/07/2021;SAB;TOTOLOTO;TOTOLOTO;TUDO PRESENTE E BEM DATADO;
11/07/2021;DOM;NENHUM;NENHUM;CALMO (Nenhum Jogo);
12/07/2021;SEG;NENHUM;NENHUM;CALMO (Nenhum Jogo);
13/07/2021;TER;EUROMILLIONS;EUROMILLIONS;TUDO PRESENTE E BEM DATADO;
14/07/2021;QUA;TOTOLOTO;TOTOLOTO;TUDO PRESENTE E BEM DATADO;
15/07/2021;QUI;NENHUM;NENHUM;CALMO (Nenhum Jogo);
16/07/2021;SEX;EUROMILLIONS;EUROMILLIONS;TUDO PRESENTE E BEM DATADO;
17/07/2021;SAB;TOTOLOTO;TOTOLOTO;TUDO PRESENTE E BEM DATADO;
18/07/2021;DOM;NENHUM;NENHUM;CALMO (Nenhum Jogo);
19/07/2021;SEG;NENHUM;NENHUM;CALMO (Nenhum Jogo);
20/07/2021;TER;EUROMILLIONS;EUROMILLIONS;TUDO PRESENTE E BEM DATADO;
21/07/2021;QUA;TOTOLOTO;TOTOLOTO;TUDO PRESENTE E BEM DATADO;
22/07/2021;QUI;NENHUM;NENHUM;CALMO (Nenhum Jogo);
23/07/2021;SEX;EUROMILLIONS;EUROMILLIONS;TUDO PRESENTE E BEM DATADO;
24/07/2021;SAB;TOTOLOTO;TOTOLOTO;TUDO PRESENTE E BEM DATADO;
25/07/2021;DOM;NENHUM;NENHUM;CALMO (Nenhum Jogo);
26/07/2021;SEG;NENHUM;NENHUM;CALMO (Nenhum Jogo);
27/07/2021;TER;EUROMILLIONS;EUROMILLIONS;TUDO PRESENTE E BEM DATADO;
28/07/2021;QUA;TOTOLOTO;TOTOLOTO;TUDO PRESENTE E BEM DATADO;
29/07/2021;QUI;NENHUM;NENHUM;CALMO (Nenhum Jogo);
30/07/2021;SEX;EUROMILLIONS;EUROMILLIONS;TUDO PRESENTE E BEM DATADO;
31/07/2021;SAB;TOTOLOTO;TOTOLOTO;TUDO PRESENTE E BEM DATADO;
01/08/2021;DOM;NENHUM;NENHUM;CALMO (Nenhum Jogo);
02/08/2021;SEG;NENHUM;NENHUM;CALMO (Nenhum Jogo);
03/08/2021;TER;EUROMILLIONS;EUROMILLIONS;TUDO PRESENTE E BEM DATADO;
04/08/2021;QUA;TOTOLOTO;TOTOLOTO;TUDO PRESENTE E BEM DATADO;
05/08/2021;QUI;NENHUM;NENHUM;CALMO (Nenhum Jogo);
06/08/2021;SEX;EUROMILLIONS;EUROMILLIONS;TUDO PRESENTE E BEM DATADO;
07/08/2021;SAB;TOTOLOTO;TOTOLOTO;TUDO PRESENTE E BEM DATADO;
08/08/2021;DOM;NENHUM;NENHUM;CALMO (Nenhum Jogo);
09/08/2021;SEG;NENHUM;NENHUM;CALMO (Nenhum Jogo);
10/08/2021;TER;EUROMILLIONS;EUROMILLIONS;TUDO PRESENTE E BEM DATADO;
11/08/2021;QUA;TOTOLOTO;TOTOLOTO;TUDO PRESENTE E BEM DATADO;
12/08/2021;QUI;NENHUM;NENHUM;CALMO (Nenhum Jogo);
13/08/2021;SEX;EUROMILLIONS;EUROMILLIONS;TUDO PRESENTE E BEM DATADO;
14/08/2021;SAB;TOTOLOTO;TOTOLOTO;TUDO PRESENTE E BEM DATADO;
15/08/2021;DOM;NENHUM;NENHUM;CALMO (Nenhum Jogo);
16/08/2021;SEG;NENHUM;NENHUM;CALMO (Nenhum Jogo);
17/08/2021;TER;EUROMILLIONS;EUROMILLIONS;TUDO PRESENTE E BEM DATADO;
18/08/2021;QUA;TOTOLOTO;TOTOLOTO;TUDO PRESENTE E BEM DATADO;
19/08/2021;QUI;NENHUM;NENHUM;CALMO (Nenhum Jogo);
20/08/2021;SEX;EUROMILLIONS;EUROMILLIONS;TUDO PRESENTE E BEM DATADO;
21/08/2021;SAB;TOTOLOTO;TOTOLOTO;TUDO PRESENTE E BEM DATADO;
22/08/2021;DOM;NENHUM;NENHUM;CALMO (Nenhum Jogo);
23/08/2021;SEG;NENHUM;NENHUM;CALMO (Nenhum Jogo);
24/08/2021;TER;EUROMILLIONS;EUROMILLIONS;TUDO PRESENTE E BEM DATADO;
25/08/2021;QUA;TOTOLOTO;TOTOLOTO;TUDO PRESENTE E BEM DATADO;
26/08/2021;QUI;NENHUM;NENHUM;CALMO (Nenhum Jogo);
27/08/2021;SEX;EUROMILLIONS;EUROMILLIONS;TUDO PRESENTE E BEM DATADO;
28/08/2021;SAB;TOTOLOTO;TOTOLOTO;TUDO PRESENTE E BEM DATADO;
29/08/2021;DOM;NENHUM;NENHUM;CALMO (Nenhum Jogo);
30/08/2021;SEG;NENHUM;NENHUM;CALMO (Nenhum Jogo);
31/08/2021;TER;EUROMILLIONS;EUROMILLIONS;TUDO PRESENTE E BEM DATADO;
01/09/2021;QUA;TOTOLOTO;TOTOLOTO;TUDO PRESENTE E BEM DATADO;
02/09/2021;QUI;NENHUM;NENHUM;CALMO (Nenhum Jogo);
03/09/2021;SEX;EUROMILLIONS;EUROMILLIONS;TUDO PRESENTE E BEM DATADO;
04/09/2021;SAB;TOTOLOTO;TOTOLOTO;TUDO PRESENTE E BEM DATADO;
05/09/2021;DOM;NENHUM;NENHUM;CALMO (Nenhum Jogo);
06/09/2021;SEG;NENHUM;NENHUM;CALMO (Nenhum Jogo);
07/09/2021;TER;EUROMILLIONS;EUROMILLIONS;TUDO PRESENTE E BEM DATADO;
08/09/2021;QUA;TOTOLOTO;TOTOLOTO;TUDO PRESENTE E BEM DATADO;
09/09/2021;QUI;NENHUM;NENHUM;CALMO (Nenhum Jogo);
10/09/2021;SEX;EUROMILLIONS;EUROMILLIONS;TUDO PRESENTE E BEM DATADO;
11/09/2021;SAB;TOTOLOTO;TOTOLOTO;TUDO PRESENTE E BEM DATADO;
12/09/2021;DOM;NENHUM;NENHUM;CALMO (Nenhum Jogo);
13/09/2021;SEG;NENHUM;NENHUM;CALMO (Nenhum Jogo);
14/09/2021;TER;EUROMILLIONS;EUROMILLIONS;TUDO PRESENTE E BEM DATADO;
15/09/2021;QUA;TOTOLOTO;TOTOLOTO;TUDO PRESENTE E BEM DATADO;
16/09/2021;QUI;NENHUM;NENHUM;CALMO (Nenhum Jogo);
17/09/2021;SEX;EUROMILLIONS;EUROMILLIONS;TUDO PRESENTE E BEM DATADO;
18/09/2021;SAB;TOTOLOTO;TOTOLOTO;TUDO PRESENTE E BEM DATADO;
19/09/2021;DOM;NENHUM;NENHUM;CALMO (Nenhum Jogo);
20/09/2021;SEG;NENHUM;NENHUM;CALMO (Nenhum Jogo);
21/09/2021;TER;EUROMILLIONS;EUROMILLIONS;TUDO PRESENTE E BEM DATADO;
22/09/2021;QUA;TOTOLOTO;TOTOLOTO;TUDO PRESENTE E BEM DATADO;
23/09/2021;QUI;NENHUM;NENHUM;CALMO (Nenhum Jogo);
24/09/2021;SEX;EUROMILLIONS;EUROMILLIONS;TUDO PRESENTE E BEM DATADO;
25/09/2021;SAB;TOTOLOTO;TOTOLOTO;TUDO PRESENTE E BEM DATADO;
26/09/2021;DOM;NENHUM;NENHUM;CALMO (Nenhum Jogo);
27/09/2021;SEG;NENHUM;NENHUM;CALMO (Nenhum Jogo);
28/09/2021;TER;EUROMILLIONS;EUROMILLIONS;TUDO PRESENTE E BEM DATADO;
29/09/2021;QUA;TOTOLOTO;TOTOLOTO;TUDO PRESENTE E BEM DATADO;
30/09/2021;QUI;NENHUM;NENHUM;CALMO (Nenhum Jogo);
01/10/2021;SEX;EUROMILLIONS;EUROMILLIONS;TUDO PRESENTE E BEM DATADO;
02/10/2021;SAB;TOTOLOTO;TOTOLOTO;TUDO PRESENTE E BEM DATADO;
03/10/2021;DOM;NENHUM;NENHUM;CALMO (Nenhum Jogo);
04/10/2021;SEG;NENHUM;NENHUM;CALMO (Nenhum Jogo);
05/10/2021;TER;EUROMILLIONS;EUROMILLIONS;TUDO PRESENTE E BEM DATADO;
06/10/2021;QUA;TOTOLOTO;TOTOLOTO;TUDO PRESENTE E BEM DATADO;
07/10/2021;QUI;NENHUM;NENHUM;CALMO (Nenhum Jogo);
08/10/2021;SEX;EUROMILLIONS;EUROMILLIONS;TUDO PRESENTE E BEM DATADO;
09/10/2021;SAB;TOTOLOTO;TOTOLOTO;TUDO PRESENTE E BEM DATADO;
10/10/2021;DOM;NENHUM;NENHUM;CALMO (Nenhum Jogo);
11/10/2021;SEG;NENHUM;NENHUM;CALMO (Nenhum Jogo);
12/10/2021;TER;EUROMILLIONS;EUROMILLIONS;TUDO PRESENTE E BEM DATADO;
13/10/2021;QUA;TOTOLOTO;TOTOLOTO;TUDO PRESENTE E BEM DATADO;
14/10/2021;QUI;NENHUM;NENHUM;CALMO (Nenhum Jogo);
15/10/2021;SEX;EUROMILLIONS;EUROMILLIONS;TUDO PRESENTE E BEM DATADO;
16/10/2021;SAB;TOTOLOTO;TOTOLOTO;TUDO PRESENTE E BEM DATADO;
17/10/2021;DOM;NENHUM;NENHUM;CALMO (Nenhum Jogo);
18/10/2021;SEG;NENHUM;NENHUM;CALMO (Nenhum Jogo);
19/10/2021;TER;EUROMILLIONS;EUROMILLIONS;TUDO PRESENTE E BEM DATADO;
20/10/2021;QUA;TOTOLOTO;TOTOLOTO;TUDO PRESENTE E BEM DATADO;
21/10/2021;QUI;NENHUM;NENHUM;CALMO (Nenhum Jogo);
22/10/2021;SEX;EUROMILLIONS;EUROMILLIONS;TUDO PRESENTE E BEM DATADO;
23/10/2021;SAB;TOTOLOTO;TOTOLOTO;TUDO PRESENTE E BEM DATADO;
24/10/2021;DOM;NENHUM;NENHUM;CALMO (Nenhum Jogo);
25/10/2021;SEG;NENHUM;NENHUM;CALMO (Nenhum Jogo);
26/10/2021;TER;EUROMILLIONS;EUROMILLIONS;TUDO PRESENTE E BEM DATADO;
27/10/2021;QUA;TOTOLOTO;TOTOLOTO;TUDO PRESENTE E BEM DATADO;
28/10/2021;QUI;NENHUM;NENHUM;CALMO (Nenhum Jogo);
29/10/2021;SEX;EUROMILLIONS;EUROMILLIONS;TUDO PRESENTE E BEM DATADO;
30/10/2021;SAB;TOTOLOTO;TOTOLOTO;TUDO PRESENTE E BEM DATADO;
31/10/2021;DOM;NENHUM;NENHUM;CALMO (Nenhum Jogo);
01/11/2021;SEG;NENHUM;NENHUM;CALMO (Nenhum Jogo);
02/11/2021;TER;EUROMILLIONS;EUROMILLIONS;TUDO PRESENTE E BEM DATADO;
03/11/2021;QUA;TOTOLOTO;TOTOLOTO;TUDO PRESENTE E BEM DATADO;
04/11/2021;QUI;NENHUM;NENHUM;CALMO (Nenhum Jogo);
05/11/2021;SEX;EUROMILLIONS;EUROMILLIONS;TUDO PRESENTE E BEM DATADO;
06/11/2021;SAB;TOTOLOTO;TOTOLOTO;TUDO PRESENTE E BEM DATADO;
07/11/2021;DOM;NENHUM;NENHUM;CALMO (Nenhum Jogo);
08/11/2021;SEG;NENHUM;NENHUM;CALMO (Nenhum Jogo);
09/11/2021;TER;EUROMILLIONS;EUROMILLIONS;TUDO PRESENTE E BEM DATADO;
10/11/2021;QUA;TOTOLOTO;TOTOLOTO;TUDO PRESENTE E BEM DATADO;
11/11/2021;QUI;NENHUM;NENHUM;CALMO (Nenhum Jogo);
12/11/2021;SEX;EUROMILLIONS;EUROMILLIONS;TUDO PRESENTE E BEM DATADO;
13/11/2021;SAB;TOTOLOTO;TOTOLOTO;TUDO PRESENTE E BEM DATADO;
14/11/2021;DOM;NENHUM;NENHUM;CALMO (Nenhum Jogo);
15/11/2021;SEG;NENHUM;NENHUM;CALMO (Nenhum Jogo);
16/11/2021;TER;EUROMILLIONS;EUROMILLIONS;TUDO PRESENTE E BEM DATADO;
17/11/2021;QUA;TOTOLOTO;TOTOLOTO;TUDO PRESENTE E BEM DATADO;
18/11/2021;QUI;NENHUM;NENHUM;CALMO (Nenhum Jogo);
19/11/2021;SEX;EUROMILLIONS;EUROMILLIONS;TUDO PRESENTE E BEM DATADO;
20/11/2021;SAB;TOTOLOTO;TOTOLOTO;TUDO PRESENTE E BEM DATADO;
21/11/2021;DOM;NENHUM;NENHUM;CALMO (Nenhum Jogo);
22/11/2021;SEG;NENHUM;NENHUM;CALMO (Nenhum Jogo);
23/11/2021;TER;EUROMILLIONS;EUROMILLIONS;TUDO PRESENTE E BEM DATADO;
24/11/2021;QUA;TOTOLOTO;TOTOLOTO;TUDO PRESENTE E BEM DATADO;
25/11/2021;QUI;NENHUM;NENHUM;CALMO (Nenhum Jogo);
26/11/2021;SEX;EUROMILLIONS;EUROMILLIONS;TUDO PRESENTE E BEM DATADO;
27/11/2021;SAB;TOTOLOTO;TOTOLOTO;TUDO PRESENTE E BEM DATADO;
28/11/2021;DOM;NENHUM;NENHUM;CALMO (Nenhum Jogo);
29/11/2021;SEG;NENHUM;NENHUM;CALMO (Nenhum Jogo);
30/11/2021;TER;EUROMILLIONS;EUROMILLIONS;TUDO PRESENTE E BEM DATADO;
01/12/2021;QUA;TOTOLOTO;TOTOLOTO;TUDO PRESENTE E BEM DATADO;
02/12/2021;QUI;NENHUM;NENHUM;CALMO (Nenhum Jogo);
03/12/2021;SEX;EUROMILLIONS;EUROMILLIONS;TUDO PRESENTE E BEM DATADO;
04/12/2021;SAB;TOTOLOTO;TOTOLOTO;TUDO PRESENTE E BEM DATADO;
05/12/2021;DOM;NENHUM;NENHUM;CALMO (Nenhum Jogo);
06/12/2021;SEG;NENHUM;NENHUM;CALMO (Nenhum Jogo);
07/12/2021;TER;EUROMILLIONS;EUROMILLIONS;TUDO PRESENTE E BEM DATADO;
08/12/2021;QUA;TOTOLOTO;TOTOLOTO;TUDO PRESENTE E BEM DATADO;
09/12/2021;QUI;NENHUM;NENHUM;CALMO (Nenhum Jogo);
10/12/2021;SEX;EUROMILLIONS;EUROMILLIONS;TUDO PRESENTE E BEM DATADO;
11/12/2021;SAB;TOTOLOTO;TOTOLOTO;TUDO PRESENTE E BEM DATADO;
12/12/2021;DOM;NENHUM;NENHUM;CALMO (Nenhum Jogo);
13/12/2021;SEG;NENHUM;NENHUM;CALMO (Nenhum Jogo);
14/12/2021;TER;EUROMILLIONS;EUROMILLIONS;TUDO PRESENTE E BEM DATADO;
15/12/2021;QUA;TOTOLOTO;TOTOLOTO;TUDO PRESENTE E BEM DATADO;
16/12/2021;QUI;NENHUM;NENHUM;CALMO (Nenhum Jogo);
17/12/2021;SEX;EUROMILLIONS;EUROMILLIONS;TUDO PRESENTE E BEM DATADO;
18/12/2021;SAB;TOTOLOTO;TOTOLOTO;TUDO PRESENTE E BEM DATADO;
19/12/2021;DOM;NENHUM;NENHUM;CALMO (Nenhum Jogo);
20/12/2021;SEG;NENHUM;NENHUM;CALMO (Nenhum Jogo);
21/12/2021;TER;EUROMILLIONS;EUROMILLIONS;TUDO PRESENTE E BEM DATADO;
22/12/2021;QUA;TOTOLOTO;TOTOLOTO;TUDO PRESENTE E BEM DATADO;
23/12/2021;QUI;NENHUM;NENHUM;CALMO (Nenhum Jogo);
24/12/2021;SEX;EUROMILLIONS;EUROMILLIONS;TUDO PRESENTE E BEM DATADO;
25/12/2021;SAB;TOTOLOTO;TOTOLOTO;TUDO PRESENTE E BEM DATADO;
26/12/2021;DOM;NENHUM;NENHUM;CALMO (Nenhum Jogo);
27/12/2021;SEG;NENHUM;NENHUM;CALMO (Nenhum Jogo);
28/12/2021;TER;EUROMILLIONS;EUROMILLIONS;TUDO PRESENTE E BEM DATADO;
29/12/2021;QUA;TOTOLOTO;TOTOLOTO;TUDO PRESENTE E BEM DATADO;
30/12/2021;QUI;NENHUM;NENHUM;CALMO (Nenhum Jogo);
31/12/2021;SEX;EUROMILLIONS;EUROMILLIONS;TUDO PRESENTE E BEM DATADO;
01/01/2022;SAB;TOTOLOTO;TOTOLOTO;TUDO PRESENTE E BEM DATADO;
02/01/2022;DOM;NENHUM;NENHUM;CALMO (Nenhum Jogo);
03/01/2022;SEG;NENHUM;NENHUM;CALMO (Nenhum Jogo);
04/01/2022;TER;EUROMILLIONS;EUROMILLIONS;TUDO PRESENTE E BEM DATADO;
05/01/2022;QUA;TOTOLOTO;TOTOLOTO;TUDO PRESENTE E BEM DATADO;
06/01/2022;QUI;NENHUM;NENHUM;CALMO (Nenhum Jogo);
07/01/2022;SEX;EUROMILLIONS;EUROMILLIONS;TUDO PRESENTE E BEM DATADO;
08/01/2022;SAB;TOTOLOTO;TOTOLOTO;TUDO PRESENTE E BEM DATADO;
09/01/2022;DOM;NENHUM;NENHUM;CALMO (Nenhum Jogo);
10/01/2022;SEG;NENHUM;NENHUM;CALMO (Nenhum Jogo);
11/01/2022;TER;EUROMILLIONS;EUROMILLIONS;TUDO PRESENTE E BEM DATADO;
12/01/2022;QUA;TOTOLOTO;TOTOLOTO;TUDO PRESENTE E BEM DATADO;
13/01/2022;QUI;NENHUM;NENHUM;CALMO (Nenhum Jogo);
14/01/2022;SEX;EUROMILLIONS;EUROMILLIONS;TUDO PRESENTE E BEM DATADO;
15/01/2022;SAB;TOTOLOTO;TOTOLOTO;TUDO PRESENTE E BEM DATADO;
16/01/2022;DOM;NENHUM;NENHUM;CALMO (Nenhum Jogo);
17/01/2022;SEG;NENHUM;NENHUM;CALMO (Nenhum Jogo);
18/01/2022;TER;EUROMILLIONS;EUROMILLIONS;TUDO PRESENTE E BEM DATADO;
19/01/2022;QUA;TOTOLOTO;TOTOLOTO;TUDO PRESENTE E BEM DATADO;
20/01/2022;QUI;NENHUM;NENHUM;CALMO (Nenhum Jogo);
21/01/2022;SEX;EUROMILLIONS;EUROMILLIONS;TUDO PRESENTE E BEM DATADO;
22/01/2022;SAB;TOTOLOTO;TOTOLOTO;TUDO PRESENTE E BEM DATADO;
23/01/2022;DOM;NENHUM;NENHUM;CALMO (Nenhum Jogo);
24/01/2022;SEG;NENHUM;NENHUM;CALMO (Nenhum Jogo);
25/01/2022;TER;EUROMILLIONS;EUROMILLIONS;TUDO PRESENTE E BEM DATADO;
26/01/2022;QUA;TOTOLOTO;TOTOLOTO;TUDO PRESENTE E BEM DATADO;
27/01/2022;QUI;NENHUM;NENHUM;CALMO (Nenhum Jogo);
28/01/2022;SEX;EUROMILLIONS;EUROMILLIONS;TUDO PRESENTE E BEM DATADO;
29/01/2022;SAB;TOTOLOTO;TOTOLOTO;TUDO PRESENTE E BEM DATADO;
30/01/2022;DOM;NENHUM;NENHUM;CALMO (Nenhum Jogo);
31/01/2022;SEG;NENHUM;NENHUM;CALMO (Nenhum Jogo);
01/02/2022;TER;EUROMILLIONS;EUROMILLIONS;TUDO PRESENTE E BEM DATADO;
02/02/2022;QUA;TOTOLOTO;TOTOLOTO;TUDO PRESENTE E BEM DATADO;
03/02/2022;QUI;NENHUM;NENHUM;CALMO (Nenhum Jogo);
04/02/2022;SEX;EUROMILLIONS;EUROMILLIONS;TUDO PRESENTE E BEM DATADO;
05/02/2022;SAB;TOTOLOTO;TOTOLOTO;TUDO PRESENTE E BEM DATADO;
06/02/2022;DOM;NENHUM;NENHUM;CALMO (Nenhum Jogo);
07/02/2022;SEG;NENHUM;NENHUM;CALMO (Nenhum Jogo);
08/02/2022;TER;EUROMILLIONS;EUROMILLIONS;TUDO PRESENTE E BEM DATADO;
09/02/2022;QUA;TOTOLOTO;TOTOLOTO;TUDO PRESENTE E BEM DATADO;
10/02/2022;QUI;NENHUM;NENHUM;CALMO (Nenhum Jogo);
11/02/2022;SEX;EUROMILLIONS;EUROMILLIONS;TUDO PRESENTE E BEM DATADO;
12/02/2022;SAB;TOTOLOTO;TOTOLOTO;TUDO PRESENTE E BEM DATADO;
13/02/2022;DOM;NENHUM;NENHUM;CALMO (Nenhum Jogo);
14/02/2022;SEG;NENHUM;NENHUM;CALMO (Nenhum Jogo);
15/02/2022;TER;EUROMILLIONS;EUROMILLIONS;TUDO PRESENTE E BEM DATADO;
16/02/2022;QUA;TOTOLOTO;TOTOLOTO;TUDO PRESENTE E BEM DATADO;
17/02/2022;QUI;NENHUM;NENHUM;CALMO (Nenhum Jogo);
18/02/2022;SEX;EUROMILLIONS;EUROMILLIONS;TUDO PRESENTE E BEM DATADO;
19/02/2022;SAB;TOTOLOTO;TOTOLOTO;TUDO PRESENTE E BEM DATADO;
20/02/2022;DOM;NENHUM;NENHUM;CALMO (Nenhum Jogo);
21/02/2022;SEG;NENHUM;NENHUM;CALMO (Nenhum Jogo);
22/02/2022;TER;EUROMILLIONS;EUROMILLIONS;TUDO PRESENTE E BEM DATADO;
23/02/2022;QUA;TOTOLOTO;TOTOLOTO;TUDO PRESENTE E BEM DATADO;
24/02/2022;QUI;NENHUM;NENHUM;CALMO (Nenhum Jogo);
25/02/2022;SEX;EUROMILLIONS;EUROMILLIONS;TUDO PRESENTE E BEM DATADO;
26/02/2022;SAB;TOTOLOTO;TOTOLOTO;TUDO PRESENTE E BEM DATADO;
27/02/2022;DOM;NENHUM;NENHUM;CALMO (Nenhum Jogo);
28/02/2022;SEG;NENHUM;NENHUM;CALMO (Nenhum Jogo);
01/03/2022;TER;EUROMILLIONS;EUROMILLIONS;TUDO PRESENTE E BEM DATADO;
02/03/2022;QUA;TOTOLOTO;TOTOLOTO;TUDO PRESENTE E BEM DATADO;
03/03/2022;QUI;NENHUM;NENHUM;CALMO (Nenhum Jogo);
04/03/2022;SEX;EUROMILLIONS;EUROMILLIONS;TUDO PRESENTE E BEM DATADO;
05/03/2022;SAB;TOTOLOTO;TOTOLOTO;TUDO PRESENTE E BEM DATADO;
06/03/2022;DOM;NENHUM;NENHUM;CALMO (Nenhum Jogo);
07/03/2022;SEG;NENHUM;NENHUM;CALMO (Nenhum Jogo);
08/03/2022;TER;EUROMILLIONS;EUROMILLIONS;TUDO PRESENTE E BEM DATADO;
09/03/2022;QUA;TOTOLOTO;TOTOLOTO;TUDO PRESENTE E BEM DATADO;
10/03/2022;QUI;NENHUM;NENHUM;CALMO (Nenhum Jogo);
11/03/2022;SEX;EUROMILLIONS;EUROMILLIONS;TUDO PRESENTE E BEM DATADO;
12/03/2022;SAB;TOTOLOTO;TOTOLOTO;TUDO PRESENTE E BEM DATADO;
13/03/2022;DOM;NENHUM;NENHUM;CALMO (Nenhum Jogo);
14/03/2022;SEG;NENHUM;NENHUM;CALMO (Nenhum Jogo);
15/03/2022;TER;EUROMILLIONS;EUROMILLIONS;TUDO PRESENTE E BEM DATADO;
16/03/2022;QUA;TOTOLOTO;TOTOLOTO;TUDO PRESENTE E BEM DATADO;
17/03/2022;QUI;NENHUM;NENHUM;CALMO (Nenhum Jogo);
18/03/2022;SEX;EUROMILLIONS;EUROMILLIONS;TUDO PRESENTE E BEM DATADO;
19/03/2022;SAB;TOTOLOTO;TOTOLOTO;TUDO PRESENTE E BEM DATADO;
20/03/2022;DOM;NENHUM;NENHUM;CALMO (Nenhum Jogo);
21/03/2022;SEG;NENHUM;NENHUM;CALMO (Nenhum Jogo);
22/03/2022;TER;EUROMILLIONS;EUROMILLIONS;TUDO PRESENTE E BEM DATADO;
23/03/2022;QUA;TOTOLOTO;TOTOLOTO;TUDO PRESENTE E BEM DATADO;
24/03/2022;QUI;NENHUM;NENHUM;CALMO (Nenhum Jogo);
25/03/2022;SEX;EUROMILLIONS;EUROMILLIONS;TUDO PRESENTE E BEM DATADO;
26/03/2022;SAB;TOTOLOTO;TOTOLOTO;TUDO PRESENTE E BEM DATADO;
27/03/2022;DOM;NENHUM;NENHUM;CALMO (Nenhum Jogo);
28/03/2022;SEG;NENHUM;NENHUM;CALMO (Nenhum Jogo);
29/03/2022;TER;EUROMILLIONS;EUROMILLIONS;TUDO PRESENTE E BEM DATADO;
30/03/2022;QUA;TOTOLOTO;TOTOLOTO;TUDO PRESENTE E BEM DATADO;
31/03/2022;QUI;NENHUM;NENHUM;CALMO (Nenhum Jogo);
01/04/2022;SEX;EUROMILLIONS;EUROMILLIONS;TUDO PRESENTE E BEM DATADO;
02/04/2022;SAB;TOTOLOTO;TOTOLOTO;TUDO PRESENTE E BEM DATADO;
03/04/2022;DOM;NENHUM;NENHUM;CALMO (Nenhum Jogo);
04/04/2022;SEG;NENHUM;NENHUM;CALMO (Nenhum Jogo);
05/04/2022;TER;EUROMILLIONS;EUROMILLIONS;TUDO PRESENTE E BEM DATADO;
06/04/2022;QUA;TOTOLOTO;TOTOLOTO;TUDO PRESENTE E BEM DATADO;
07/04/2022;QUI;NENHUM;NENHUM;CALMO (Nenhum Jogo);
08/04/2022;SEX;EUROMILLIONS;EUROMILLIONS;TUDO PRESENTE E BEM DATADO;
09/04/2022;SAB;TOTOLOTO;TOTOLOTO;TUDO PRESENTE E BEM DATADO;
10/04/2022;DOM;NENHUM;NENHUM;CALMO (Nenhum Jogo);
11/04/2022;SEG;NENHUM;NENHUM;CALMO (Nenhum Jogo);
12/04/2022;TER;EUROMILLIONS;EUROMILLIONS;TUDO PRESENTE E BEM DATADO;
13/04/2022;QUA;TOTOLOTO;TOTOLOTO;TUDO PRESENTE E BEM DATADO;
14/04/2022;QUI;NENHUM;NENHUM;CALMO (Nenhum Jogo);
15/04/2022;SEX;EUROMILLIONS;EUROMILLIONS;TUDO PRESENTE E BEM DATADO;
16/04/2022;SAB;TOTOLOTO;TOTOLOTO;TUDO PRESENTE E BEM DATADO;
17/04/2022;DOM;NENHUM;NENHUM;CALMO (Nenhum Jogo);
18/04/2022;SEG;NENHUM;NENHUM;CALMO (Nenhum Jogo);
19/04/2022;TER;EUROMILLIONS;EUROMILLIONS;TUDO PRESENTE E BEM DATADO;
20/04/2022;QUA;TOTOLOTO;TOTOLOTO;TUDO PRESENTE E BEM DATADO;
21/04/2022;QUI;NENHUM;NENHUM;CALMO (Nenhum Jogo);
22/04/2022;SEX;EUROMILLIONS;EUROMILLIONS;TUDO PRESENTE E BEM DATADO;
23/04/2022;SAB;TOTOLOTO;TOTOLOTO;TUDO PRESENTE E BEM DATADO;
24/04/2022;DOM;NENHUM;NENHUM;CALMO (Nenhum Jogo);
25/04/2022;SEG;NENHUM;NENHUM;CALMO (Nenhum Jogo);
26/04/2022;TER;EUROMILLIONS;EUROMILLIONS;TUDO PRESENTE E BEM DATADO;
27/04/2022;QUA;TOTOLOTO;TOTOLOTO;TUDO PRESENTE E BEM DATADO;
28/04/2022;QUI;NENHUM;NENHUM;CALMO (Nenhum Jogo);
29/04/2022;SEX;EUROMILLIONS;EUROMILLIONS;TUDO PRESENTE E BEM DATADO;
30/04/2022;SAB;TOTOLOTO;TOTOLOTO;TUDO PRESENTE E BEM DATADO;
01/05/2022;DOM;NENHUM;NENHUM;CALMO (Nenhum Jogo);
02/05/2022;SEG;NENHUM;NENHUM;CALMO (Nenhum Jogo);
03/05/2022;TER;EUROMILLIONS;EUROMILLIONS;TUDO PRESENTE E BEM DATADO;
04/05/2022;QUA;TOTOLOTO;TOTOLOTO;TUDO PRESENTE E BEM DATADO;
05/05/2022;QUI;NENHUM;NENHUM;CALMO (Nenhum Jogo);
06/05/2022;SEX;EUROMILLIONS;EUROMILLIONS;TUDO PRESENTE E BEM DATADO;
07/05/2022;SAB;TOTOLOTO;TOTOLOTO;TUDO PRESENTE E BEM DATADO;
08/05/2022;DOM;NENHUM;NENHUM;CALMO (Nenhum Jogo);
09/05/2022;SEG;NENHUM;NENHUM;CALMO (Nenhum Jogo);
10/05/2022;TER;EUROMILLIONS;EUROMILLIONS;TUDO PRESENTE E BEM DATADO;
11/05/2022;QUA;TOTOLOTO;TOTOLOTO;TUDO PRESENTE E BEM DATADO;
12/05/2022;QUI;NENHUM;NENHUM;CALMO (Nenhum Jogo);
13/05/2022;SEX;EUROMILLIONS;EUROMILLIONS;TUDO PRESENTE E BEM DATADO;
14/05/2022;SAB;TOTOLOTO;TOTOLOTO;TUDO PRESENTE E BEM DATADO;
15/05/2022;DOM;NENHUM;NENHUM;CALMO (Nenhum Jogo);
16/05/2022;SEG;NENHUM;NENHUM;CALMO (Nenhum Jogo);
17/05/2022;TER;EUROMILLIONS;EUROMILLIONS;TUDO PRESENTE E BEM DATADO;
18/05/2022;QUA;TOTOLOTO;TOTOLOTO;TUDO PRESENTE E BEM DATADO;
19/05/2022;QUI;NENHUM;NENHUM;CALMO (Nenhum Jogo);
20/05/2022;SEX;EUROMILLIONS;EUROMILLIONS;TUDO PRESENTE E BEM DATADO;
21/05/2022;SAB;TOTOLOTO;TOTOLOTO;TUDO PRESENTE E BEM DATADO;
22/05/2022;DOM;NENHUM;NENHUM;CALMO (Nenhum Jogo);
23/05/2022;SEG;NENHUM;NENHUM;CALMO (Nenhum Jogo);
24/05/2022;TER;EUROMILLIONS;EUROMILLIONS;TUDO PRESENTE E BEM DATADO;
25/05/2022;QUA;TOTOLOTO;TOTOLOTO;TUDO PRESENTE E BEM DATADO;
26/05/2022;QUI;NENHUM;NENHUM;CALMO (Nenhum Jogo);
27/05/2022;SEX;EUROMILLIONS;EUROMILLIONS;TUDO PRESENTE E BEM DATADO;
28/05/2022;SAB;TOTOLOTO;TOTOLOTO;TUDO PRESENTE E BEM DATADO;
29/05/2022;DOM;NENHUM;NENHUM;CALMO (Nenhum Jogo);
30/05/2022;SEG;NENHUM;NENHUM;CALMO (Nenhum Jogo);
31/05/2022;TER;EUROMILLIONS;EUROMILLIONS;TUDO PRESENTE E BEM DATADO;
01/06/2022;QUA;TOTOLOTO;TOTOLOTO;TUDO PRESENTE E BEM DATADO;
02/06/2022;QUI;NENHUM;NENHUM;CALMO (Nenhum Jogo);
03/06/2022;SEX;EUROMILLIONS;EUROMILLIONS;TUDO PRESENTE E BEM DATADO;
04/06/2022;SAB;TOTOLOTO;TOTOLOTO;TUDO PRESENTE E BEM DATADO;
05/06/2022;DOM;NENHUM;NENHUM;CALMO (Nenhum Jogo);
06/06/2022;SEG;NENHUM;NENHUM;CALMO (Nenhum Jogo);
07/06/2022;TER;EUROMILLIONS;EUROMILLIONS;TUDO PRESENTE E BEM DATADO;
08/06/2022;QUA;TOTOLOTO;TOTOLOTO;TUDO PRESENTE E BEM DATADO;
09/06/2022;QUI;NENHUM;NENHUM;CALMO (Nenhum Jogo);
10/06/2022;SEX;EUROMILLIONS;EUROMILLIONS;TUDO PRESENTE E BEM DATADO;
11/06/2022;SAB;TOTOLOTO;TOTOLOTO;TUDO PRESENTE E BEM DATADO;
12/06/2022;DOM;NENHUM;NENHUM;CALMO (Nenhum Jogo);
13/06/2022;SEG;NENHUM;NENHUM;CALMO (Nenhum Jogo);
14/06/2022;TER;EUROMILLIONS;EUROMILLIONS;TUDO PRESENTE E BEM DATADO;
15/06/2022;QUA;TOTOLOTO;TOTOLOTO;TUDO PRESENTE E BEM DATADO;
16/06/2022;QUI;NENHUM;NENHUM;CALMO (Nenhum Jogo);
17/06/2022;SEX;EUROMILLIONS;EUROMILLIONS;TUDO PRESENTE E BEM DATADO;
18/06/2022;SAB;TOTOLOTO;TOTOLOTO;TUDO PRESENTE E BEM DATADO;
19/06/2022;DOM;NENHUM;NENHUM;CALMO (Nenhum Jogo);
20/06/2022;SEG;NENHUM;NENHUM;CALMO (Nenhum Jogo);
21/06/2022;TER;EUROMILLIONS;EUROMILLIONS;TUDO PRESENTE E BEM DATADO;
22/06/2022;QUA;TOTOLOTO;TOTOLOTO;TUDO PRESENTE E BEM DATADO;
23/06/2022;QUI;NENHUM;NENHUM;CALMO (Nenhum Jogo);
24/06/2022;SEX;EUROMILLIONS;EUROMILLIONS;TUDO PRESENTE E BEM DATADO;
25/06/2022;SAB;TOTOLOTO;TOTOLOTO;TUDO PRESENTE E BEM DATADO;
26/06/2022;DOM;NENHUM;NENHUM;CALMO (Nenhum Jogo);
27/06/2022;SEG;NENHUM;NENHUM;CALMO (Nenhum Jogo);
28/06/2022;TER;EUROMILLIONS;EUROMILLIONS;TUDO PRESENTE E BEM DATADO;
29/06/2022;QUA;TOTOLOTO;TOTOLOTO;TUDO PRESENTE E BEM DATADO;
30/06/2022;QUI;NENHUM;NENHUM;CALMO (Nenhum Jogo);
01/07/2022;SEX;EUROMILLIONS;EUROMILLIONS;TUDO PRESENTE E BEM DATADO;
02/07/2022;SAB;TOTOLOTO;TOTOLOTO;TUDO PRESENTE E BEM DATADO;
03/07/2022;DOM;NENHUM;NENHUM;CALMO (Nenhum Jogo);
04/07/2022;SEG;NENHUM;NENHUM;CALMO (Nenhum Jogo);
05/07/2022;TER;EUROMILLIONS;EUROMILLIONS;TUDO PRESENTE E BEM DATADO;
06/07/2022;QUA;TOTOLOTO;TOTOLOTO;TUDO PRESENTE E BEM DATADO;
07/07/2022;QUI;NENHUM;NENHUM;CALMO (Nenhum Jogo);
08/07/2022;SEX;EUROMILLIONS;EUROMILLIONS;TUDO PRESENTE E BEM DATADO;
09/07/2022;SAB;TOTOLOTO;TOTOLOTO;TUDO PRESENTE E BEM DATADO;
10/07/2022;DOM;NENHUM;NENHUM;CALMO (Nenhum Jogo);
11/07/2022;SEG;NENHUM;NENHUM;CALMO (Nenhum Jogo);
12/07/2022;TER;EUROMILLIONS;EUROMILLIONS;TUDO PRESENTE E BEM DATADO;
13/07/2022;QUA;TOTOLOTO;TOTOLOTO;TUDO PRESENTE E BEM DATADO;
14/07/2022;QUI;NENHUM;NENHUM;CALMO (Nenhum Jogo);
15/07/2022;SEX;EUROMILLIONS;EUROMILLIONS;TUDO PRESENTE E BEM DATADO;
16/07/2022;SAB;TOTOLOTO;TOTOLOTO;TUDO PRESENTE E BEM DATADO;
17/07/2022;DOM;NENHUM;NENHUM;CALMO (Nenhum Jogo);
18/07/2022;SEG;NENHUM;NENHUM;CALMO (Nenhum Jogo);
19/07/2022;TER;EUROMILLIONS;EUROMILLIONS;TUDO PRESENTE E BEM DATADO;
20/07/2022;QUA;TOTOLOTO;TOTOLOTO;TUDO PRESENTE E BEM DATADO;
21/07/2022;QUI;NENHUM;NENHUM;CALMO (Nenhum Jogo);
22/07/2022;SEX;EUROMILLIONS;EUROMILLIONS;TUDO PRESENTE E BEM DATADO;
23/07/2022;SAB;TOTOLOTO;TOTOLOTO;TUDO PRESENTE E BEM DATADO;
24/07/2022;DOM;NENHUM;NENHUM;CALMO (Nenhum Jogo);
25/07/2022;SEG;NENHUM;NENHUM;CALMO (Nenhum Jogo);
26/07/2022;TER;EUROMILLIONS;EUROMILLIONS;TUDO PRESENTE E BEM DATADO;
27/07/2022;QUA;TOTOLOTO;TOTOLOTO;TUDO PRESENTE E BEM DATADO;
28/07/2022;QUI;NENHUM;NENHUM;CALMO (Nenhum Jogo);
29/07/2022;SEX;EUROMILLIONS;EUROMILLIONS;TUDO PRESENTE E BEM DATADO;
30/07/2022;SAB;TOTOLOTO;TOTOLOTO;TUDO PRESENTE E BEM DATADO;
31/07/2022;DOM;NENHUM;NENHUM;CALMO (Nenhum Jogo);
01/08/2022;SEG;NENHUM;NENHUM;CALMO (Nenhum Jogo);
02/08/2022;TER;EUROMILLIONS;EUROMILLIONS;TUDO PRESENTE E BEM DATADO;
03/08/2022;QUA;TOTOLOTO;TOTOLOTO;TUDO PRESENTE E BEM DATADO;
04/08/2022;QUI;NENHUM;NENHUM;CALMO (Nenhum Jogo);
05/08/2022;SEX;EUROMILLIONS;EUROMILLIONS;TUDO PRESENTE E BEM DATADO;
06/08/2022;SAB;TOTOLOTO;TOTOLOTO;TUDO PRESENTE E BEM DATADO;
07/08/2022;DOM;NENHUM;NENHUM;CALMO (Nenhum Jogo);
08/08/2022;SEG;NENHUM;NENHUM;CALMO (Nenhum Jogo);
09/08/2022;TER;EUROMILLIONS;EUROMILLIONS;TUDO PRESENTE E BEM DATADO;
10/08/2022;QUA;TOTOLOTO;TOTOLOTO;TUDO PRESENTE E BEM DATADO;
11/08/2022;QUI;NENHUM;NENHUM;CALMO (Nenhum Jogo);
12/08/2022;SEX;EUROMILLIONS;EUROMILLIONS;TUDO PRESENTE E BEM DATADO;
13/08/2022;SAB;TOTOLOTO;TOTOLOTO;TUDO PRESENTE E BEM DATADO;
14/08/2022;DOM;NENHUM;NENHUM;CALMO (Nenhum Jogo);
15/08/2022;SEG;NENHUM;NENHUM;CALMO (Nenhum Jogo);
16/08/2022;TER;EUROMILLIONS;EUROMILLIONS;TUDO PRESENTE E BEM DATADO;
17/08/2022;QUA;TOTOLOTO;TOTOLOTO;TUDO PRESENTE E BEM DATADO;
18/08/2022;QUI;NENHUM;NENHUM;CALMO (Nenhum Jogo);
19/08/2022;SEX;EUROMILLIONS;EUROMILLIONS;TUDO PRESENTE E BEM DATADO;
20/08/2022;SAB;TOTOLOTO;TOTOLOTO;TUDO PRESENTE E BEM DATADO;
21/08/2022;DOM;NENHUM;NENHUM;CALMO (Nenhum Jogo);
22/08/2022;SEG;NENHUM;NENHUM;CALMO (Nenhum Jogo);
23/08/2022;TER;EUROMILLIONS;EUROMILLIONS;TUDO PRESENTE E BEM DATADO;
24/08/2022;QUA;TOTOLOTO;TOTOLOTO;TUDO PRESENTE E BEM DATADO;
25/08/2022;QUI;NENHUM;NENHUM;CALMO (Nenhum Jogo);
26/08/2022;SEX;EUROMILLIONS;EUROMILLIONS;TUDO PRESENTE E BEM DATADO;
27/08/2022;SAB;TOTOLOTO;TOTOLOTO;TUDO PRESENTE E BEM DATADO;
28/08/2022;DOM;NENHUM;NENHUM;CALMO (Nenhum Jogo);
29/08/2022;SEG;NENHUM;NENHUM;CALMO (Nenhum Jogo);
30/08/2022;TER;EUROMILLIONS;EUROMILLIONS;TUDO PRESENTE E BEM DATADO;
31/08/2022;QUA;TOTOLOTO;TOTOLOTO;TUDO PRESENTE E BEM DATADO;
01/09/2022;QUI;NENHUM;NENHUM;CALMO (Nenhum Jogo);
02/09/2022;SEX;EUROMILLIONS;EUROMILLIONS;TUDO PRESENTE E BEM DATADO;
03/09/2022;SAB;TOTOLOTO;TOTOLOTO;TUDO PRESENTE E BEM DATADO;
04/09/2022;DOM;NENHUM;NENHUM;CALMO (Nenhum Jogo);
05/09/2022;SEG;NENHUM;NENHUM;CALMO (Nenhum Jogo);
06/09/2022;TER;EUROMILLIONS;EUROMILLIONS;TUDO PRESENTE E BEM DATADO;
07/09/2022;QUA;TOTOLOTO;TOTOLOTO;TUDO PRESENTE E BEM DATADO;
08/09/2022;QUI;NENHUM;NENHUM;CALMO (Nenhum Jogo);
09/09/2022;SEX;EUROMILLIONS;EUROMILLIONS;TUDO PRESENTE E BEM DATADO;
10/09/2022;SAB;TOTOLOTO;TOTOLOTO;TUDO PRESENTE E BEM DATADO;
11/09/2022;DOM;NENHUM;NENHUM;CALMO (Nenhum Jogo);
12/09/2022;SEG;NENHUM;NENHUM;CALMO (Nenhum Jogo);
13/09/2022;TER;EUROMILLIONS;EUROMILLIONS;TUDO PRESENTE E BEM DATADO;
14/09/2022;QUA;TOTOLOTO;TOTOLOTO;TUDO PRESENTE E BEM DATADO;
15/09/2022;QUI;NENHUM;NENHUM;CALMO (Nenhum Jogo);
16/09/2022;SEX;EUROMILLIONS;EUROMILLIONS;TUDO PRESENTE E BEM DATADO;
17/09/2022;SAB;TOTOLOTO;TOTOLOTO;TUDO PRESENTE E BEM DATADO;
18/09/2022;DOM;NENHUM;NENHUM;CALMO (Nenhum Jogo);
19/09/2022;SEG;NENHUM;NENHUM;CALMO (Nenhum Jogo);
20/09/2022;TER;EUROMILLIONS;EUROMILLIONS;TUDO PRESENTE E BEM DATADO;
21/09/2022;QUA;TOTOLOTO;TOTOLOTO;TUDO PRESENTE E BEM DATADO;
22/09/2022;QUI;NENHUM;NENHUM;CALMO (Nenhum Jogo);
23/09/2022;SEX;EUROMILLIONS;EUROMILLIONS;TUDO PRESENTE E BEM DATADO;
24/09/2022;SAB;TOTOLOTO;TOTOLOTO;TUDO PRESENTE E BEM DATADO;
25/09/2022;DOM;NENHUM;NENHUM;CALMO (Nenhum Jogo);
26/09/2022;SEG;NENHUM;NENHUM;CALMO (Nenhum Jogo);
27/09/2022;TER;EUROMILLIONS;EUROMILLIONS;TUDO PRESENTE E BEM DATADO;
28/09/2022;QUA;TOTOLOTO;TOTOLOTO;TUDO PRESENTE E BEM DATADO;
29/09/2022;QUI;NENHUM;NENHUM;CALMO (Nenhum Jogo);
30/09/2022;SEX;EUROMILLIONS;EUROMILLIONS;TUDO PRESENTE E BEM DATADO;
01/10/2022;SAB;TOTOLOTO;TOTOLOTO;TUDO PRESENTE E BEM DATADO;
02/10/2022;DOM;NENHUM;NENHUM;CALMO (Nenhum Jogo);
03/10/2022;SEG;NENHUM;NENHUM;CALMO (Nenhum Jogo);
04/10/2022;TER;EUROMILLIONS;EUROMILLIONS;TUDO PRESENTE E BEM DATADO;
05/10/2022;QUA;TOTOLOTO;TOTOLOTO;TUDO PRESENTE E BEM DATADO;
06/10/2022;QUI;NENHUM;NENHUM;CALMO (Nenhum Jogo);
07/10/2022;SEX;EUROMILLIONS;EUROMILLIONS;TUDO PRESENTE E BEM DATADO;
08/10/2022;SAB;TOTOLOTO;TOTOLOTO;TUDO PRESENTE E BEM DATADO;
09/10/2022;DOM;NENHUM;NENHUM;CALMO (Nenhum Jogo);
10/10/2022;SEG;NENHUM;NENHUM;CALMO (Nenhum Jogo);
11/10/2022;TER;EUROMILLIONS;EUROMILLIONS;TUDO PRESENTE E BEM DATADO;
12/10/2022;QUA;TOTOLOTO;TOTOLOTO;TUDO PRESENTE E BEM DATADO;
13/10/2022;QUI;NENHUM;NENHUM;CALMO (Nenhum Jogo);
14/10/2022;SEX;EUROMILLIONS;EUROMILLIONS;TUDO PRESENTE E BEM DATADO;
15/10/2022;SAB;TOTOLOTO;TOTOLOTO;TUDO PRESENTE E BEM DATADO;
16/10/2022;DOM;NENHUM;NENHUM;CALMO (Nenhum Jogo);
17/10/2022;SEG;NENHUM;NENHUM;CALMO (Nenhum Jogo);
18/10/2022;TER;EUROMILLIONS;EUROMILLIONS;TUDO PRESENTE E BEM DATADO;
19/10/2022;QUA;TOTOLOTO;TOTOLOTO;TUDO PRESENTE E BEM DATADO;
20/10/2022;QUI;NENHUM;NENHUM;CALMO (Nenhum Jogo);
21/10/2022;SEX;EUROMILLIONS;EUROMILLIONS;TUDO PRESENTE E BEM DATADO;
22/10/2022;SAB;TOTOLOTO;TOTOLOTO;TUDO PRESENTE E BEM DATADO;
23/10/2022;DOM;NENHUM;NENHUM;CALMO (Nenhum Jogo);
24/10/2022;SEG;NENHUM;NENHUM;CALMO (Nenhum Jogo);
25/10/2022;TER;EUROMILLIONS;EUROMILLIONS;TUDO PRESENTE E BEM DATADO;
26/10/2022;QUA;TOTOLOTO;TOTOLOTO;TUDO PRESENTE E BEM DATADO;
27/10/2022;QUI;NENHUM;NENHUM;CALMO (Nenhum Jogo);
28/10/2022;SEX;EUROMILLIONS;EUROMILLIONS;TUDO PRESENTE E BEM DATADO;
29/10/2022;SAB;TOTOLOTO;TOTOLOTO;TUDO PRESENTE E BEM DATADO;
30/10/2022;DOM;NENHUM;NENHUM;CALMO (Nenhum Jogo);
31/10/2022;SEG;NENHUM;NENHUM;CALMO (Nenhum Jogo);
01/11/2022;TER;EUROMILLIONS;EUROMILLIONS;TUDO PRESENTE E BEM DATADO;
02/11/2022;QUA;TOTOLOTO;TOTOLOTO;TUDO PRESENTE E BEM DATADO;
03/11/2022;QUI;NENHUM;NENHUM;CALMO (Nenhum Jogo);
04/11/2022;SEX;EUROMILLIONS;EUROMILLIONS;TUDO PRESENTE E BEM DATADO;
05/11/2022;SAB;TOTOLOTO;TOTOLOTO;TUDO PRESENTE E BEM DATADO;
06/11/2022;DOM;NENHUM;NENHUM;CALMO (Nenhum Jogo);
07/11/2022;SEG;NENHUM;NENHUM;CALMO (Nenhum Jogo);
08/11/2022;TER;EUROMILLIONS;EUROMILLIONS;TUDO PRESENTE E BEM DATADO;
09/11/2022;QUA;TOTOLOTO;TOTOLOTO;TUDO PRESENTE E BEM DATADO;
10/11/2022;QUI;NENHUM;NENHUM;CALMO (Nenhum Jogo);
11/11/2022;SEX;EUROMILLIONS;EUROMILLIONS;TUDO PRESENTE E BEM DATADO;
12/11/2022;SAB;TOTOLOTO;TOTOLOTO;TUDO PRESENTE E BEM DATADO;
13/11/2022;DOM;NENHUM;NENHUM;CALMO (Nenhum Jogo);
14/11/2022;SEG;NENHUM;NENHUM;CALMO (Nenhum Jogo);
15/11/2022;TER;EUROMILLIONS;EUROMILLIONS;TUDO PRESENTE E BEM DATADO;
16/11/2022;QUA;TOTOLOTO;TOTOLOTO;TUDO PRESENTE E BEM DATADO;
17/11/2022;QUI;NENHUM;NENHUM;CALMO (Nenhum Jogo);
18/11/2022;SEX;EUROMILLIONS;EUROMILLIONS;TUDO PRESENTE E BEM DATADO;
19/11/2022;SAB;TOTOLOTO;TOTOLOTO;TUDO PRESENTE E BEM DATADO;
20/11/2022;DOM;NENHUM;NENHUM;CALMO (Nenhum Jogo);
21/11/2022;SEG;NENHUM;NENHUM;CALMO (Nenhum Jogo);
22/11/2022;TER;EUROMILLIONS;EUROMILLIONS;TUDO PRESENTE E BEM DATADO;
23/11/2022;QUA;TOTOLOTO;TOTOLOTO;TUDO PRESENTE E BEM DATADO;
24/11/2022;QUI;NENHUM;NENHUM;CALMO (Nenhum Jogo);
25/11/2022;SEX;EUROMILLIONS;EUROMILLIONS;TUDO PRESENTE E BEM DATADO;
26/11/2022;SAB;TOTOLOTO;TOTOLOTO;TUDO PRESENTE E BEM DATADO;
27/11/2022;DOM;NENHUM;NENHUM;CALMO (Nenhum Jogo);
28/11/2022;SEG;NENHUM;NENHUM;CALMO (Nenhum Jogo);
29/11/2022;TER;EUROMILLIONS;EUROMILLIONS;TUDO PRESENTE E BEM DATADO;
30/11/2022;QUA;TOTOLOTO;TOTOLOTO;TUDO PRESENTE E BEM DATADO;
01/12/2022;QUI;NENHUM;NENHUM;CALMO (Nenhum Jogo);
02/12/2022;SEX;EUROMILLIONS;EUROMILLIONS;TUDO PRESENTE E BEM DATADO;
03/12/2022;SAB;TOTOLOTO;TOTOLOTO;TUDO PRESENTE E BEM DATADO;
04/12/2022;DOM;NENHUM;NENHUM;CALMO (Nenhum Jogo);
05/12/2022;SEG;NENHUM;NENHUM;CALMO (Nenhum Jogo);
06/12/2022;TER;EUROMILLIONS;EUROMILLIONS;TUDO PRESENTE E BEM DATADO;
07/12/2022;QUA;TOTOLOTO;TOTOLOTO;TUDO PRESENTE E BEM DATADO;
08/12/2022;QUI;NENHUM;NENHUM;CALMO (Nenhum Jogo);
09/12/2022;SEX;EUROMILLIONS;EUROMILLIONS;TUDO PRESENTE E BEM DATADO;
10/12/2022;SAB;TOTOLOTO;TOTOLOTO;TUDO PRESENTE E BEM DATADO;
11/12/2022;DOM;NENHUM;NENHUM;CALMO (Nenhum Jogo);
12/12/2022;SEG;NENHUM;NENHUM;CALMO (Nenhum Jogo);
13/12/2022;TER;EUROMILLIONS;EUROMILLIONS;TUDO PRESENTE E BEM DATADO;
14/12/2022;QUA;TOTOLOTO;TOTOLOTO;TUDO PRESENTE E BEM DATADO;
15/12/2022;QUI;NENHUM;NENHUM;CALMO (Nenhum Jogo);
16/12/2022;SEX;EUROMILLIONS;EUROMILLIONS;TUDO PRESENTE E BEM DATADO;
17/12/2022;SAB;TOTOLOTO;TOTOLOTO;TUDO PRESENTE E BEM DATADO;
18/12/2022;DOM;NENHUM;NENHUM;CALMO (Nenhum Jogo);
19/12/2022;SEG;NENHUM;NENHUM;CALMO (Nenhum Jogo);
20/12/2022;TER;EUROMILLIONS;EUROMILLIONS;TUDO PRESENTE E BEM DATADO;
21/12/2022;QUA;TOTOLOTO;TOTOLOTO;TUDO PRESENTE E BEM DATADO;
22/12/2022;QUI;NENHUM;NENHUM;CALMO (Nenhum Jogo);
23/12/2022;SEX;EUROMILLIONS;EUROMILLIONS;TUDO PRESENTE E BEM DATADO;
24/12/2022;SAB;TOTOLOTO;TOTOLOTO;TUDO PRESENTE E BEM DATADO;
25/12/2022;DOM;NENHUM;NENHUM;CALMO (Nenhum Jogo);
26/12/2022;SEG;NENHUM;NENHUM;CALMO (Nenhum Jogo);
27/12/2022;TER;EUROMILLIONS;EUROMILLIONS;TUDO PRESENTE E BEM DATADO;
28/12/2022;QUA;TOTOLOTO;TOTOLOTO;TUDO PRESENTE E BEM DATADO;
29/12/2022;QUI;NENHUM;NENHUM;CALMO (Nenhum Jogo);
30/12/2022;SEX;EUROMILLIONS;EUROMILLIONS;TUDO PRESENTE E BEM DATADO;
31/12/2022;SAB;TOTOLOTO;TOTOLOTO;TUDO PRESENTE E BEM DATADO;
01/01/2023;DOM;NENHUM;NENHUM;CALMO (Nenhum Jogo);
02/01/2023;SEG;NENHUM;NENHUM;CALMO (Nenhum Jogo);
03/01/2023;TER;EUROMILLIONS;EUROMILLIONS;TUDO PRESENTE E BEM DATADO;
04/01/2023;QUA;TOTOLOTO;TOTOLOTO;TUDO PRESENTE E BEM DATADO;
05/01/2023;QUI;NENHUM;NENHUM;CALMO (Nenhum Jogo);
06/01/2023;SEX;EUROMILLIONS;EUROMILLIONS;TUDO PRESENTE E BEM DATADO;
07/01/2023;SAB;TOTOLOTO;TOTOLOTO;TUDO PRESENTE E BEM DATADO;
08/01/2023;DOM;NENHUM;NENHUM;CALMO (Nenhum Jogo);
09/01/2023;SEG;NENHUM;NENHUM;CALMO (Nenhum Jogo);
10/01/2023;TER;EUROMILLIONS;EUROMILLIONS;TUDO PRESENTE E BEM DATADO;
11/01/2023;QUA;TOTOLOTO;TOTOLOTO;TUDO PRESENTE E BEM DATADO;
12/01/2023;QUI;NENHUM;NENHUM;CALMO (Nenhum Jogo);
13/01/2023;SEX;EUROMILLIONS;EUROMILLIONS;TUDO PRESENTE E BEM DATADO;
14/01/2023;SAB;TOTOLOTO;TOTOLOTO;TUDO PRESENTE E BEM DATADO;
15/01/2023;DOM;NENHUM;NENHUM;CALMO (Nenhum Jogo);
16/01/2023;SEG;NENHUM;NENHUM;CALMO (Nenhum Jogo);
17/01/2023;TER;EUROMILLIONS;EUROMILLIONS;TUDO PRESENTE E BEM DATADO;
18/01/2023;QUA;TOTOLOTO;TOTOLOTO;TUDO PRESENTE E BEM DATADO;
19/01/2023;QUI;NENHUM;NENHUM;CALMO (Nenhum Jogo);
20/01/2023;SEX;EUROMILLIONS;EUROMILLIONS;TUDO PRESENTE E BEM DATADO;
21/01/2023;SAB;TOTOLOTO;TOTOLOTO;TUDO PRESENTE E BEM DATADO;
22/01/2023;DOM;NENHUM;NENHUM;CALMO (Nenhum Jogo);
23/01/2023;SEG;NENHUM;NENHUM;CALMO (Nenhum Jogo);
24/01/2023;TER;EUROMILLIONS;EUROMILLIONS;TUDO PRESENTE E BEM DATADO;
25/01/2023;QUA;TOTOLOTO;TOTOLOTO;TUDO PRESENTE E BEM DATADO;
26/01/2023;QUI;NENHUM;NENHUM;CALMO (Nenhum Jogo);
27/01/2023;SEX;EUROMILLIONS;EUROMILLIONS;TUDO PRESENTE E BEM DATADO;
28/01/2023;SAB;TOTOLOTO;TOTOLOTO;TUDO PRESENTE E BEM DATADO;
29/01/2023;DOM;NENHUM;NENHUM;CALMO (Nenhum Jogo);
30/01/2023;SEG;NENHUM;NENHUM;CALMO (Nenhum Jogo);
31/01/2023;TER;EUROMILLIONS;EUROMILLIONS;TUDO PRESENTE E BEM DATADO;
01/02/2023;QUA;TOTOLOTO;TOTOLOTO;TUDO PRESENTE E BEM DATADO;
02/02/2023;QUI;NENHUM;NENHUM;CALMO (Nenhum Jogo);
03/02/2023;SEX;EUROMILLIONS;EUROMILLIONS;TUDO PRESENTE E BEM DATADO;
04/02/2023;SAB;TOTOLOTO;TOTOLOTO;TUDO PRESENTE E BEM DATADO;
05/02/2023;DOM;NENHUM;NENHUM;CALMO (Nenhum Jogo);
06/02/2023;SEG;NENHUM;NENHUM;CALMO (Nenhum Jogo);
07/02/2023;TER;EUROMILLIONS;EUROMILLIONS;TUDO PRESENTE E BEM DATADO;
08/02/2023;QUA;TOTOLOTO;TOTOLOTO;TUDO PRESENTE E BEM DATADO;
09/02/2023;QUI;NENHUM;NENHUM;CALMO (Nenhum Jogo);
10/02/2023;SEX;EUROMILLIONS;EUROMILLIONS;TUDO PRESENTE E BEM DATADO;
11/02/2023;SAB;TOTOLOTO;TOTOLOTO;TUDO PRESENTE E BEM DATADO;
12/02/2023;DOM;NENHUM;NENHUM;CALMO (Nenhum Jogo);
13/02/2023;SEG;NENHUM;NENHUM;CALMO (Nenhum Jogo);
14/02/2023;TER;EUROMILLIONS;EUROMILLIONS;TUDO PRESENTE E BEM DATADO;
15/02/2023;QUA;TOTOLOTO;TOTOLOTO;TUDO PRESENTE E BEM DATADO;
16/02/2023;QUI;NENHUM;NENHUM;CALMO (Nenhum Jogo);
17/02/2023;SEX;EUROMILLIONS;EUROMILLIONS;TUDO PRESENTE E BEM DATADO;
18/02/2023;SAB;TOTOLOTO;TOTOLOTO;TUDO PRESENTE E BEM DATADO;
19/02/2023;DOM;NENHUM;NENHUM;CALMO (Nenhum Jogo);
20/02/2023;SEG;NENHUM;NENHUM;CALMO (Nenhum Jogo);
21/02/2023;TER;EUROMILLIONS;EUROMILLIONS;TUDO PRESENTE E BEM DATADO;
22/02/2023;QUA;TOTOLOTO;TOTOLOTO;TUDO PRESENTE E BEM DATADO;
23/02/2023;QUI;NENHUM;NENHUM;CALMO (Nenhum Jogo);
24/02/2023;SEX;EUROMILLIONS;EUROMILLIONS;TUDO PRESENTE E BEM DATADO;
25/02/2023;SAB;TOTOLOTO;TOTOLOTO;TUDO PRESENTE E BEM DATADO;
26/02/2023;DOM;NENHUM;NENHUM;CALMO (Nenhum Jogo);
27/02/2023;SEG;NENHUM;NENHUM;CALMO (Nenhum Jogo);
28/02/2023;TER;EUROMILLIONS;EUROMILLIONS;TUDO PRESENTE E BEM DATADO;
01/03/2023;QUA;TOTOLOTO;TOTOLOTO;TUDO PRESENTE E BEM DATADO;
02/03/2023;QUI;NENHUM;NENHUM;CALMO (Nenhum Jogo);
03/03/2023;SEX;EUROMILLIONS;EUROMILLIONS;TUDO PRESENTE E BEM DATADO;
04/03/2023;SAB;TOTOLOTO;TOTOLOTO;TUDO PRESENTE E BEM DATADO;
05/03/2023;DOM;NENHUM;NENHUM;CALMO (Nenhum Jogo);
06/03/2023;SEG;NENHUM;NENHUM;CALMO (Nenhum Jogo);
07/03/2023;TER;EUROMILLIONS;EUROMILLIONS;TUDO PRESENTE E BEM DATADO;
08/03/2023;QUA;TOTOLOTO;TOTOLOTO;TUDO PRESENTE E BEM DATADO;
09/03/2023;QUI;NENHUM;NENHUM;CALMO (Nenhum Jogo);
10/03/2023;SEX;EUROMILLIONS;EUROMILLIONS;TUDO PRESENTE E BEM DATADO;
11/03/2023;SAB;TOTOLOTO;TOTOLOTO;TUDO PRESENTE E BEM DATADO;
12/03/2023;DOM;NENHUM;NENHUM;CALMO (Nenhum Jogo);
13/03/2023;SEG;NENHUM;NENHUM;CALMO (Nenhum Jogo);
14/03/2023;TER;EUROMILLIONS;EUROMILLIONS;TUDO PRESENTE E BEM DATADO;
15/03/2023;QUA;TOTOLOTO;TOTOLOTO;TUDO PRESENTE E BEM DATADO;
16/03/2023;QUI;NENHUM;NENHUM;CALMO (Nenhum Jogo);
17/03/2023;SEX;EUROMILLIONS;EUROMILLIONS;TUDO PRESENTE E BEM DATADO;
18/03/2023;SAB;TOTOLOTO;TOTOLOTO;TUDO PRESENTE E BEM DATADO;
19/03/2023;DOM;NENHUM;NENHUM;CALMO (Nenhum Jogo);
20/03/2023;SEG;NENHUM;NENHUM;CALMO (Nenhum Jogo);
21/03/2023;TER;EUROMILLIONS;EUROMILLIONS;TUDO PRESENTE E BEM DATADO;
22/03/2023;QUA;TOTOLOTO;TOTOLOTO;TUDO PRESENTE E BEM DATADO;
23/03/2023;QUI;NENHUM;NENHUM;CALMO (Nenhum Jogo);
24/03/2023;SEX;EUROMILLIONS;EUROMILLIONS;TUDO PRESENTE E BEM DATADO;
25/03/2023;SAB;TOTOLOTO;TOTOLOTO;TUDO PRESENTE E BEM DATADO;
26/03/2023;DOM;NENHUM;NENHUM;CALMO (Nenhum Jogo);
27/03/2023;SEG;NENHUM;NENHUM;CALMO (Nenhum Jogo);
28/03/2023;TER;EUROMILLIONS;EUROMILLIONS;TUDO PRESENTE E BEM DATADO;
29/03/2023;QUA;TOTOLOTO;TOTOLOTO;TUDO PRESENTE E BEM DATADO;
30/03/2023;QUI;NENHUM;NENHUM;CALMO (Nenhum Jogo);
31/03/2023;SEX;EUROMILLIONS;EUROMILLIONS;TUDO PRESENTE E BEM DATADO;
01/04/2023;SAB;TOTOLOTO;TOTOLOTO;TUDO PRESENTE E BEM DATADO;
02/04/2023;DOM;NENHUM;NENHUM;CALMO (Nenhum Jogo);
03/04/2023;SEG;NENHUM;NENHUM;CALMO (Nenhum Jogo);
04/04/2023;TER;EUROMILLIONS;EUROMILLIONS;TUDO PRESENTE E BEM DATADO;
05/04/2023;QUA;TOTOLOTO;TOTOLOTO;TUDO PRESENTE E BEM DATADO;
06/04/2023;QUI;NENHUM;NENHUM;CALMO (Nenhum Jogo);
07/04/2023;SEX;EUROMILLIONS;EUROMILLIONS;TUDO PRESENTE E BEM DATADO;
08/04/2023;SAB;TOTOLOTO;TOTOLOTO;TUDO PRESENTE E BEM DATADO;
09/04/2023;DOM;NENHUM;NENHUM;CALMO (Nenhum Jogo);
10/04/2023;SEG;NENHUM;NENHUM;CALMO (Nenhum Jogo);
11/04/2023;TER;EUROMILLIONS;EUROMILLIONS;TUDO PRESENTE E BEM DATADO;
12/04/2023;QUA;TOTOLOTO;TOTOLOTO;TUDO PRESENTE E BEM DATADO;
13/04/2023;QUI;NENHUM;NENHUM;CALMO (Nenhum Jogo);
14/04/2023;SEX;EUROMILLIONS;EUROMILLIONS;TUDO PRESENTE E BEM DATADO;
15/04/2023;SAB;TOTOLOTO;TOTOLOTO;TUDO PRESENTE E BEM DATADO;
16/04/2023;DOM;NENHUM;NENHUM;CALMO (Nenhum Jogo);
17/04/2023;SEG;NENHUM;NENHUM;CALMO (Nenhum Jogo);
18/04/2023;TER;EUROMILLIONS;EUROMILLIONS;TUDO PRESENTE E BEM DATADO;
19/04/2023;QUA;TOTOLOTO;TOTOLOTO;TUDO PRESENTE E BEM DATADO;
20/04/2023;QUI;NENHUM;NENHUM;CALMO (Nenhum Jogo);
21/04/2023;SEX;EUROMILLIONS;EUROMILLIONS;TUDO PRESENTE E BEM DATADO;
22/04/2023;SAB;TOTOLOTO;TOTOLOTO;TUDO PRESENTE E BEM DATADO;
23/04/2023;DOM;NENHUM;NENHUM;CALMO (Nenhum Jogo);
24/04/2023;SEG;NENHUM;NENHUM;CALMO (Nenhum Jogo);
25/04/2023;TER;EUROMILLIONS;EUROMILLIONS;TUDO PRESENTE E BEM DATADO;
26/04/2023;QUA;TOTOLOTO;TOTOLOTO;TUDO PRESENTE E BEM DATADO;
27/04/2023;QUI;NENHUM;NENHUM;CALMO (Nenhum Jogo);
28/04/2023;SEX;EUROMILLIONS;EUROMILLIONS;TUDO PRESENTE E BEM DATADO;
29/04/2023;SAB;TOTOLOTO;TOTOLOTO;TUDO PRESENTE E BEM DATADO;
30/04/2023;DOM;NENHUM;NENHUM;CALMO (Nenhum Jogo);
01/05/2023;SEG;NENHUM;NENHUM;CALMO (Nenhum Jogo);
02/05/2023;TER;EUROMILLIONS;EUROMILLIONS;TUDO PRESENTE E BEM DATADO;
03/05/2023;QUA;TOTOLOTO;TOTOLOTO;TUDO PRESENTE E BEM DATADO;
04/05/2023;QUI;NENHUM;NENHUM;CALMO (Nenhum Jogo);
05/05/2023;SEX;EUROMILLIONS;EUROMILLIONS;TUDO PRESENTE E BEM DATADO;
06/05/2023;SAB;TOTOLOTO;TOTOLOTO;TUDO PRESENTE E BEM DATADO;
07/05/2023;DOM;NENHUM;NENHUM;CALMO (Nenhum Jogo);
08/05/2023;SEG;NENHUM;NENHUM;CALMO (Nenhum Jogo);
09/05/2023;TER;EUROMILLIONS;EUROMILLIONS;TUDO PRESENTE E BEM DATADO;
10/05/2023;QUA;TOTOLOTO;TOTOLOTO;TUDO PRESENTE E BEM DATADO;
11/05/2023;QUI;NENHUM;NENHUM;CALMO (Nenhum Jogo);
12/05/2023;SEX;EUROMILLIONS;EUROMILLIONS;TUDO PRESENTE E BEM DATADO;
13/05/2023;SAB;TOTOLOTO;TOTOLOTO;TUDO PRESENTE E BEM DATADO;
14/05/2023;DOM;NENHUM;NENHUM;CALMO (Nenhum Jogo);
15/05/2023;SEG;NENHUM;NENHUM;CALMO (Nenhum Jogo);
16/05/2023;TER;EUROMILLIONS;EUROMILLIONS;TUDO PRESENTE E BEM DATADO;
17/05/2023;QUA;TOTOLOTO;TOTOLOTO;TUDO PRESENTE E BEM DATADO;
18/05/2023;QUI;NENHUM;NENHUM;CALMO (Nenhum Jogo);
19/05/2023;SEX;EUROMILLIONS;EUROMILLIONS;TUDO PRESENTE E BEM DATADO;
20/05/2023;SAB;TOTOLOTO;TOTOLOTO;TUDO PRESENTE E BEM DATADO;
21/05/2023;DOM;NENHUM;NENHUM;CALMO (Nenhum Jogo);
22/05/2023;SEG;NENHUM;NENHUM;CALMO (Nenhum Jogo);
23/05/2023;TER;EUROMILLIONS;EUROMILLIONS;TUDO PRESENTE E BEM DATADO;
24/05/2023;QUA;TOTOLOTO;TOTOLOTO;TUDO PRESENTE E BEM DATADO;
25/05/2023;QUI;NENHUM;NENHUM;CALMO (Nenhum Jogo);
26/05/2023;SEX;EUROMILLIONS;EUROMILLIONS;TUDO PRESENTE E BEM DATADO;
27/05/2023;SAB;TOTOLOTO;TOTOLOTO;TUDO PRESENTE E BEM DATADO;
28/05/2023;DOM;NENHUM;NENHUM;CALMO (Nenhum Jogo);
29/05/2023;SEG;NENHUM;NENHUM;CALMO (Nenhum Jogo);
30/05/2023;TER;EUROMILLIONS;EUROMILLIONS;TUDO PRESENTE E BEM DATADO;
31/05/2023;QUA;TOTOLOTO;TOTOLOTO;TUDO PRESENTE E BEM DATADO;
01/06/2023;QUI;NENHUM;NENHUM;CALMO (Nenhum Jogo);
02/06/2023;SEX;EUROMILLIONS;EUROMILLIONS;TUDO PRESENTE E BEM DATADO;
03/06/2023;SAB;TOTOLOTO;TOTOLOTO;TUDO PRESENTE E BEM DATADO;
04/06/2023;DOM;NENHUM;NENHUM;CALMO (Nenhum Jogo);
05/06/2023;SEG;NENHUM;NENHUM;CALMO (Nenhum Jogo);
06/06/2023;TER;EUROMILLIONS;EUROMILLIONS;TUDO PRESENTE E BEM DATADO;
07/06/2023;QUA;TOTOLOTO;TOTOLOTO;TUDO PRESENTE E BEM DATADO;
08/06/2023;QUI;NENHUM;NENHUM;CALMO (Nenhum Jogo);
09/06/2023;SEX;EUROMILLIONS;EUROMILLIONS;TUDO PRESENTE E BEM DATADO;
10/06/2023;SAB;TOTOLOTO;TOTOLOTO;TUDO PRESENTE E BEM DATADO;
11/06/2023;DOM;NENHUM;NENHUM;CALMO (Nenhum Jogo);
12/06/2023;SEG;NENHUM;NENHUM;CALMO (Nenhum Jogo);
13/06/2023;TER;EUROMILLIONS;EUROMILLIONS;TUDO PRESENTE E BEM DATADO;
14/06/2023;QUA;TOTOLOTO;TOTOLOTO;TUDO PRESENTE E BEM DATADO;
15/06/2023;QUI;NENHUM;NENHUM;CALMO (Nenhum Jogo);
16/06/2023;SEX;EUROMILLIONS;EUROMILLIONS;TUDO PRESENTE E BEM DATADO;
17/06/2023;SAB;TOTOLOTO;TOTOLOTO;TUDO PRESENTE E BEM DATADO;
18/06/2023;DOM;NENHUM;NENHUM;CALMO (Nenhum Jogo);
19/06/2023;SEG;NENHUM;NENHUM;CALMO (Nenhum Jogo);
20/06/2023;TER;EUROMILLIONS;EUROMILLIONS;TUDO PRESENTE E BEM DATADO;
21/06/2023;QUA;TOTOLOTO;TOTOLOTO;TUDO PRESENTE E BEM DATADO;
22/06/2023;QUI;NENHUM;NENHUM;CALMO (Nenhum Jogo);
23/06/2023;SEX;EUROMILLIONS;EUROMILLIONS;TUDO PRESENTE E BEM DATADO;
24/06/2023;SAB;TOTOLOTO;TOTOLOTO;TUDO PRESENTE E BEM DATADO;
25/06/2023;DOM;NENHUM;NENHUM;CALMO (Nenhum Jogo);
26/06/2023;SEG;NENHUM;NENHUM;CALMO (Nenhum Jogo);
27/06/2023;TER;EUROMILLIONS;EUROMILLIONS;TUDO PRESENTE E BEM DATADO;
28/06/2023;QUA;TOTOLOTO;TOTOLOTO;TUDO PRESENTE E BEM DATADO;
29/06/2023;QUI;NENHUM;NENHUM;CALMO (Nenhum Jogo);
30/06/2023;SEX;EUROMILLIONS;EUROMILLIONS;TUDO PRESENTE E BEM DATADO;
01/07/2023;SAB;TOTOLOTO;TOTOLOTO;TUDO PRESENTE E BEM DATADO;
02/07/2023;DOM;NENHUM;NENHUM;CALMO (Nenhum Jogo);
03/07/2023;SEG;NENHUM;NENHUM;CALMO (Nenhum Jogo);
04/07/2023;TER;EUROMILLIONS;EUROMILLIONS;TUDO PRESENTE E BEM DATADO;
05/07/2023;QUA;TOTOLOTO;TOTOLOTO;TUDO PRESENTE E BEM DATADO;
06/07/2023;QUI;NENHUM;NENHUM;CALMO (Nenhum Jogo);
07/07/2023;SEX;EUROMILLIONS;EUROMILLIONS;TUDO PRESENTE E BEM DATADO;
08/07/2023;SAB;TOTOLOTO;TOTOLOTO;TUDO PRESENTE E BEM DATADO;
09/07/2023;DOM;NENHUM;NENHUM;CALMO (Nenhum Jogo);
10/07/2023;SEG;NENHUM;NENHUM;CALMO (Nenhum Jogo);
11/07/2023;TER;EUROMILLIONS;EUROMILLIONS;TUDO PRESENTE E BEM DATADO;
12/07/2023;QUA;TOTOLOTO;TOTOLOTO;TUDO PRESENTE E BEM DATADO;
13/07/2023;QUI;NENHUM;NENHUM;CALMO (Nenhum Jogo);
14/07/2023;SEX;EUROMILLIONS;EUROMILLIONS;TUDO PRESENTE E BEM DATADO;
15/07/2023;SAB;TOTOLOTO;TOTOLOTO;TUDO PRESENTE E BEM DATADO;
16/07/2023;DOM;NENHUM;NENHUM;CALMO (Nenhum Jogo);
17/07/2023;SEG;NENHUM;NENHUM;CALMO (Nenhum Jogo);
18/07/2023;TER;EUROMILLIONS;EUROMILLIONS;TUDO PRESENTE E BEM DATADO;
19/07/2023;QUA;TOTOLOTO;TOTOLOTO;TUDO PRESENTE E BEM DATADO;
20/07/2023;QUI;NENHUM;NENHUM;CALMO (Nenhum Jogo);
21/07/2023;SEX;EUROMILLIONS;EUROMILLIONS;TUDO PRESENTE E BEM DATADO;
22/07/2023;SAB;TOTOLOTO;TOTOLOTO;TUDO PRESENTE E BEM DATADO;
23/07/2023;DOM;NENHUM;NENHUM;CALMO (Nenhum Jogo);
24/07/2023;SEG;NENHUM;NENHUM;CALMO (Nenhum Jogo);
25/07/2023;TER;EUROMILLIONS;EUROMILLIONS;TUDO PRESENTE E BEM DATADO;
26/07/2023;QUA;TOTOLOTO;TOTOLOTO;TUDO PRESENTE E BEM DATADO;
27/07/2023;QUI;NENHUM;NENHUM;CALMO (Nenhum Jogo);
28/07/2023;SEX;EUROMILLIONS;EUROMILLIONS;TUDO PRESENTE E BEM DATADO;
29/07/2023;SAB;TOTOLOTO;TOTOLOTO;TUDO PRESENTE E BEM DATADO;
30/07/2023;DOM;NENHUM;NENHUM;CALMO (Nenhum Jogo);
31/07/2023;SEG;NENHUM;NENHUM;CALMO (Nenhum Jogo);
01/08/2023;TER;EUROMILLIONS;EUROMILLIONS;TUDO PRESENTE E BEM DATADO;
02/08/2023;QUA;TOTOLOTO;TOTOLOTO;TUDO PRESENTE E BEM DATADO;
03/08/2023;QUI;NENHUM;NENHUM;CALMO (Nenhum Jogo);
04/08/2023;SEX;EUROMILLIONS;EUROMILLIONS;TUDO PRESENTE E BEM DATADO;
05/08/2023;SAB;TOTOLOTO;TOTOLOTO;TUDO PRESENTE E BEM DATADO;
06/08/2023;DOM;NENHUM;NENHUM;CALMO (Nenhum Jogo);
07/08/2023;SEG;NENHUM;NENHUM;CALMO (Nenhum Jogo);
08/08/2023;TER;EUROMILLIONS;EUROMILLIONS;TUDO PRESENTE E BEM DATADO;
09/08/2023;QUA;TOTOLOTO;TOTOLOTO;TUDO PRESENTE E BEM DATADO;
10/08/2023;QUI;NENHUM;NENHUM;CALMO (Nenhum Jogo);
11/08/2023;SEX;EUROMILLIONS;EUROMILLIONS;TUDO PRESENTE E BEM DATADO;
12/08/2023;SAB;TOTOLOTO;TOTOLOTO;TUDO PRESENTE E BEM DATADO;
13/08/2023;DOM;NENHUM;NENHUM;CALMO (Nenhum Jogo);
14/08/2023;SEG;NENHUM;NENHUM;CALMO (Nenhum Jogo);
15/08/2023;TER;EUROMILLIONS;EUROMILLIONS;TUDO PRESENTE E BEM DATADO;
16/08/2023;QUA;TOTOLOTO;TOTOLOTO;TUDO PRESENTE E BEM DATADO;
17/08/2023;QUI;NENHUM;NENHUM;CALMO (Nenhum Jogo);
18/08/2023;SEX;EUROMILLIONS;EUROMILLIONS;TUDO PRESENTE E BEM DATADO;
19/08/2023;SAB;TOTOLOTO;TOTOLOTO;TUDO PRESENTE E BEM DATADO;
20/08/2023;DOM;NENHUM;NENHUM;CALMO (Nenhum Jogo);
21/08/2023;SEG;NENHUM;NENHUM;CALMO (Nenhum Jogo);
22/08/2023;TER;EUROMILLIONS;EUROMILLIONS;TUDO PRESENTE E BEM DATADO;
23/08/2023;QUA;TOTOLOTO;TOTOLOTO;TUDO PRESENTE E BEM DATADO;
24/08/2023;QUI;NENHUM;NENHUM;CALMO (Nenhum Jogo);
25/08/2023;SEX;EUROMILLIONS;EUROMILLIONS;TUDO PRESENTE E BEM DATADO;
26/08/2023;SAB;TOTOLOTO;TOTOLOTO;TUDO PRESENTE E BEM DATADO;
27/08/2023;DOM;NENHUM;NENHUM;CALMO (Nenhum Jogo);
28/08/2023;SEG;NENHUM;NENHUM;CALMO (Nenhum Jogo);
29/08/2023;TER;EUROMILLIONS;EUROMILLIONS;TUDO PRESENTE E BEM DATADO;
30/08/2023;QUA;TOTOLOTO;TOTOLOTO;TUDO PRESENTE E BEM DATADO;
31/08/2023;QUI;NENHUM;NENHUM;CALMO (Nenhum Jogo);
01/09/2023;SEX;EUROMILLIONS;EUROMILLIONS;TUDO PRESENTE E BEM DATADO;
02/09/2023;SAB;TOTOLOTO;TOTOLOTO;TUDO PRESENTE E BEM DATADO;
03/09/2023;DOM;NENHUM;NENHUM;CALMO (Nenhum Jogo);
04/09/2023;SEG;NENHUM;NENHUM;CALMO (Nenhum Jogo);
05/09/2023;TER;EUROMILLIONS;EUROMILLIONS;TUDO PRESENTE E BEM DATADO;
06/09/2023;QUA;TOTOLOTO;TOTOLOTO;TUDO PRESENTE E BEM DATADO;
07/09/2023;QUI;NENHUM;NENHUM;CALMO (Nenhum Jogo);
08/09/2023;SEX;EUROMILLIONS;EUROMILLIONS;TUDO PRESENTE E BEM DATADO;
09/09/2023;SAB;TOTOLOTO;TOTOLOTO;TUDO PRESENTE E BEM DATADO;
10/09/2023;DOM;NENHUM;NENHUM;CALMO (Nenhum Jogo);
11/09/2023;SEG;NENHUM;NENHUM;CALMO (Nenhum Jogo);
12/09/2023;TER;EUROMILLIONS;EUROMILLIONS;TUDO PRESENTE E BEM DATADO;
13/09/2023;QUA;TOTOLOTO;TOTOLOTO;TUDO PRESENTE E BEM DATADO;
14/09/2023;QUI;NENHUM;NENHUM;CALMO (Nenhum Jogo);
15/09/2023;SEX;EUROMILLIONS;EUROMILLIONS;TUDO PRESENTE E BEM DATADO;
16/09/2023;SAB;TOTOLOTO;TOTOLOTO;TUDO PRESENTE E BEM DATADO;
17/09/2023;DOM;NENHUM;NENHUM;CALMO (Nenhum Jogo);
18/09/2023;SEG;NENHUM;NENHUM;CALMO (Nenhum Jogo);
19/09/2023;TER;EUROMILLIONS;EUROMILLIONS;TUDO PRESENTE E BEM DATADO;
20/09/2023;QUA;TOTOLOTO;TOTOLOTO;TUDO PRESENTE E BEM DATADO;
21/09/2023;QUI;NENHUM;NENHUM;CALMO (Nenhum Jogo);
22/09/2023;SEX;EUROMILLIONS;EUROMILLIONS;TUDO PRESENTE E BEM DATADO;
23/09/2023;SAB;TOTOLOTO;TOTOLOTO;TUDO PRESENTE E BEM DATADO;
24/09/2023;DOM;NENHUM;NENHUM;CALMO (Nenhum Jogo);
25/09/2023;SEG;NENHUM;NENHUM;CALMO (Nenhum Jogo);
26/09/2023;TER;EUROMILLIONS;EUROMILLIONS;TUDO PRESENTE E BEM DATADO;
27/09/2023;QUA;TOTOLOTO;TOTOLOTO;TUDO PRESENTE E BEM DATADO;
28/09/2023;QUI;NENHUM;NENHUM;CALMO (Nenhum Jogo);
29/09/2023;SEX;EUROMILLIONS;EUROMILLIONS;TUDO PRESENTE E BEM DATADO;
30/09/2023;SAB;TOTOLOTO;TOTOLOTO;TUDO PRESENTE E BEM DATADO;
01/10/2023;DOM;NENHUM;NENHUM;CALMO (Nenhum Jogo);
02/10/2023;SEG;NENHUM;NENHUM;CALMO (Nenhum Jogo);
03/10/2023;TER;EUROMILLIONS;EUROMILLIONS;TUDO PRESENTE E BEM DATADO;
04/10/2023;QUA;TOTOLOTO;TOTOLOTO;TUDO PRESENTE E BEM DATADO;
05/10/2023;QUI;NENHUM;NENHUM;CALMO (Nenhum Jogo);
06/10/2023;SEX;EUROMILLIONS;EUROMILLIONS;TUDO PRESENTE E BEM DATADO;
07/10/2023;SAB;TOTOLOTO;TOTOLOTO;TUDO PRESENTE E BEM DATADO;
08/10/2023;DOM;NENHUM;NENHUM;CALMO (Nenhum Jogo);
09/10/2023;SEG;NENHUM;NENHUM;CALMO (Nenhum Jogo);
10/10/2023;TER;EUROMILLIONS;EUROMILLIONS;TUDO PRESENTE E BEM DATADO;
11/10/2023;QUA;TOTOLOTO;TOTOLOTO;TUDO PRESENTE E BEM DATADO;
12/10/2023;QUI;NENHUM;NENHUM;CALMO (Nenhum Jogo);
13/10/2023;SEX;EUROMILLIONS;EUROMILLIONS;TUDO PRESENTE E BEM DATADO;
14/10/2023;SAB;TOTOLOTO;TOTOLOTO;TUDO PRESENTE E BEM DATADO;
15/10/2023;DOM;NENHUM;NENHUM;CALMO (Nenhum Jogo);
16/10/2023;SEG;NENHUM;NENHUM;CALMO (Nenhum Jogo);
17/10/2023;TER;EUROMILLIONS;EUROMILLIONS;TUDO PRESENTE E BEM DATADO;
18/10/2023;QUA;TOTOLOTO;TOTOLOTO;TUDO PRESENTE E BEM DATADO;
19/10/2023;QUI;NENHUM;NENHUM;CALMO (Nenhum Jogo);
20/10/2023;SEX;EUROMILLIONS;EUROMILLIONS;TUDO PRESENTE E BEM DATADO;
21/10/2023;SAB;TOTOLOTO;TOTOLOTO;TUDO PRESENTE E BEM DATADO;
22/10/2023;DOM;NENHUM;NENHUM;CALMO (Nenhum Jogo);
23/10/2023;SEG;NENHUM;NENHUM;CALMO (Nenhum Jogo);
24/10/2023;TER;EUROMILLIONS;EUROMILLIONS;TUDO PRESENTE E BEM DATADO;
25/10/2023;QUA;TOTOLOTO;TOTOLOTO;TUDO PRESENTE E BEM DATADO;
26/10/2023;QUI;NENHUM;NENHUM;CALMO (Nenhum Jogo);
27/10/2023;SEX;EUROMILLIONS;EUROMILLIONS;TUDO PRESENTE E BEM DATADO;
28/10/2023;SAB;TOTOLOTO;TOTOLOTO;TUDO PRESENTE E BEM DATADO;
29/10/2023;DOM;NENHUM;NENHUM;CALMO (Nenhum Jogo);
30/10/2023;SEG;NENHUM;NENHUM;CALMO (Nenhum Jogo);
31/10/2023;TER;EUROMILLIONS;EUROMILLIONS;TUDO PRESENTE E BEM DATADO;
01/11/2023;QUA;TOTOLOTO;TOTOLOTO;TUDO PRESENTE E BEM DATADO;
02/11/2023;QUI;NENHUM;NENHUM;CALMO (Nenhum Jogo);
03/11/2023;SEX;EUROMILLIONS;EUROMILLIONS;TUDO PRESENTE E BEM DATADO;
04/11/2023;SAB;TOTOLOTO;TOTOLOTO;TUDO PRESENTE E BEM DATADO;
05/11/2023;DOM;NENHUM;NENHUM;CALMO (Nenhum Jogo);
06/11/2023;SEG;EURODREAMS;EURODREAMS;TUDO PRESENTE E BEM DATADO;
07/11/2023;TER;EUROMILLIONS;EUROMILLIONS;TUDO PRESENTE E BEM DATADO;
08/11/2023;QUA;TOTOLOTO;TOTOLOTO;TUDO PRESENTE E BEM DATADO;
09/11/2023;QUI;EURODREAMS;EURODREAMS;TUDO PRESENTE E BEM DATADO;
10/11/2023;SEX;EUROMILLIONS;EUROMILLIONS;TUDO PRESENTE E BEM DATADO;
11/11/2023;SAB;TOTOLOTO;TOTOLOTO;TUDO PRESENTE E BEM DATADO;
12/11/2023;DOM;NENHUM;NENHUM;CALMO (Nenhum Jogo);
13/11/2023;SEG;EURODREAMS;EURODREAMS;TUDO PRESENTE E BEM DATADO;
14/11/2023;TER;EUROMILLIONS;EUROMILLIONS;TUDO PRESENTE E BEM DATADO;
15/11/2023;QUA;TOTOLOTO;TOTOLOTO;TUDO PRESENTE E BEM DATADO;
16/11/2023;QUI;EURODREAMS;EURODREAMS;TUDO PRESENTE E BEM DATADO;
17/11/2023;SEX;EUROMILLIONS;EUROMILLIONS;TUDO PRESENTE E BEM DATADO;
18/11/2023;SAB;TOTOLOTO;TOTOLOTO;TUDO PRESENTE E BEM DATADO;
19/11/2023;DOM;NENHUM;NENHUM;CALMO (Nenhum Jogo);
20/11/2023;SEG;EURODREAMS;EURODREAMS;TUDO PRESENTE E BEM DATADO;
21/11/2023;TER;EUROMILLIONS;EUROMILLIONS;TUDO PRESENTE E BEM DATADO;
22/11/2023;QUA;TOTOLOTO;TOTOLOTO;TUDO PRESENTE E BEM DATADO;
23/11/2023;QUI;EURODREAMS;EURODREAMS;TUDO PRESENTE E BEM DATADO;
24/11/2023;SEX;EUROMILLIONS;EUROMILLIONS;TUDO PRESENTE E BEM DATADO;
25/11/2023;SAB;TOTOLOTO;TOTOLOTO;TUDO PRESENTE E BEM DATADO;
26/11/2023;DOM;NENHUM;NENHUM;CALMO (Nenhum Jogo);
27/11/2023;SEG;EURODREAMS;EURODREAMS;TUDO PRESENTE E BEM DATADO;
28/11/2023;TER;EUROMILLIONS;EUROMILLIONS;TUDO PRESENTE E BEM DATADO;
29/11/2023;QUA;TOTOLOTO;TOTOLOTO;TUDO PRESENTE E BEM DATADO;
30/11/2023;QUI;EURODREAMS;EURODREAMS;TUDO PRESENTE E BEM DATADO;
01/12/2023;SEX;EUROMILLIONS;EUROMILLIONS;TUDO PRESENTE E BEM DATADO;
02/12/2023;SAB;TOTOLOTO;TOTOLOTO;TUDO PRESENTE E BEM DATADO;
03/12/2023;DOM;NENHUM;NENHUM;CALMO (Nenhum Jogo);
04/12/2023;SEG;EURODREAMS;EURODREAMS;TUDO PRESENTE E BEM DATADO;
05/12/2023;TER;EUROMILLIONS;EUROMILLIONS;TUDO PRESENTE E BEM DATADO;
06/12/2023;QUA;TOTOLOTO;TOTOLOTO;TUDO PRESENTE E BEM DATADO;
07/12/2023;QUI;EURODREAMS;EURODREAMS;TUDO PRESENTE E BEM DATADO;
08/12/2023;SEX;EUROMILLIONS;EUROMILLIONS;TUDO PRESENTE E BEM DATADO;
09/12/2023;SAB;TOTOLOTO;TOTOLOTO;TUDO PRESENTE E BEM DATADO;
10/12/2023;DOM;NENHUM;NENHUM;CALMO (Nenhum Jogo);
11/12/2023;SEG;EURODREAMS;EURODREAMS;TUDO PRESENTE E BEM DATADO;
12/12/2023;TER;EUROMILLIONS;EUROMILLIONS;TUDO PRESENTE E BEM DATADO;
13/12/2023;QUA;TOTOLOTO;TOTOLOTO;TUDO PRESENTE E BEM DATADO;
14/12/2023;QUI;EURODREAMS;EURODREAMS;TUDO PRESENTE E BEM DATADO;
15/12/2023;SEX;EUROMILLIONS;EUROMILLIONS;TUDO PRESENTE E BEM DATADO;
16/12/2023;SAB;TOTOLOTO;TOTOLOTO;TUDO PRESENTE E BEM DATADO;
17/12/2023;DOM;NENHUM;NENHUM;CALMO (Nenhum Jogo);
18/12/2023;SEG;EURODREAMS;EURODREAMS;TUDO PRESENTE E BEM DATADO;
19/12/2023;TER;EUROMILLIONS;EUROMILLIONS;TUDO PRESENTE E BEM DATADO;
20/12/2023;QUA;TOTOLOTO;TOTOLOTO;TUDO PRESENTE E BEM DATADO;
21/12/2023;QUI;EURODREAMS;EURODREAMS;TUDO PRESENTE E BEM DATADO;
22/12/2023;SEX;EUROMILLIONS;EUROMILLIONS;TUDO PRESENTE E BEM DATADO;
23/12/2023;SAB;TOTOLOTO;TOTOLOTO;TUDO PRESENTE E BEM DATADO;
24/12/2023;DOM;NENHUM;NENHUM;CALMO (Nenhum Jogo);
25/12/2023;SEG;EURODREAMS;EURODREAMS;TUDO PRESENTE E BEM DATADO;
26/12/2023;TER;EUROMILLIONS;EUROMILLIONS;TUDO PRESENTE E BEM DATADO;
27/12/2023;QUA;TOTOLOTO;TOTOLOTO;TUDO PRESENTE E BEM DATADO;
28/12/2023;QUI;EURODREAMS;EURODREAMS;TUDO PRESENTE E BEM DATADO;
29/12/2023;SEX;EUROMILLIONS;EUROMILLIONS;TUDO PRESENTE E BEM DATADO;
30/12/2023;SAB;TOTOLOTO;TOTOLOTO;TUDO PRESENTE E BEM DATADO;
31/12/2023;DOM;NENHUM;NENHUM;CALMO (Nenhum Jogo);
01/01/2024;SEG;EURODREAMS;EURODREAMS;TUDO PRESENTE E BEM DATADO;
02/01/2024;TER;EUROMILLIONS;EUROMILLIONS;TUDO PRESENTE E BEM DATADO;
03/01/2024;QUA;TOTOLOTO;TOTOLOTO;TUDO PRESENTE E BEM DATADO;
04/01/2024;QUI;EURODREAMS;EURODREAMS;TUDO PRESENTE E BEM DATADO;
05/01/2024;SEX;EUROMILLIONS;EUROMILLIONS;TUDO PRESENTE E BEM DATADO;
06/01/2024;SAB;TOTOLOTO;TOTOLOTO;TUDO PRESENTE E BEM DATADO;
07/01/2024;DOM;NENHUM;NENHUM;CALMO (Nenhum Jogo);
08/01/2024;SEG;EURODREAMS;EURODREAMS;TUDO PRESENTE E BEM DATADO;
09/01/2024;TER;EUROMILLIONS;EUROMILLIONS;TUDO PRESENTE E BEM DATADO;
10/01/2024;QUA;TOTOLOTO;TOTOLOTO;TUDO PRESENTE E BEM DATADO;
11/01/2024;QUI;EURODREAMS;EURODREAMS;TUDO PRESENTE E BEM DATADO;
12/01/2024;SEX;EUROMILLIONS;EUROMILLIONS;TUDO PRESENTE E BEM DATADO;
13/01/2024;SAB;TOTOLOTO;TOTOLOTO;TUDO PRESENTE E BEM DATADO;
14/01/2024;DOM;NENHUM;NENHUM;CALMO (Nenhum Jogo);
15/01/2024;SEG;EURODREAMS;EURODREAMS;TUDO PRESENTE E BEM DATADO;
16/01/2024;TER;EUROMILLIONS;EUROMILLIONS;TUDO PRESENTE E BEM DATADO;
17/01/2024;QUA;TOTOLOTO;TOTOLOTO;TUDO PRESENTE E BEM DATADO;
18/01/2024;QUI;EURODREAMS;EURODREAMS;TUDO PRESENTE E BEM DATADO;
19/01/2024;SEX;EUROMILLIONS;EUROMILLIONS;TUDO PRESENTE E BEM DATADO;
20/01/2024;SAB;TOTOLOTO;TOTOLOTO;TUDO PRESENTE E BEM DATADO;
21/01/2024;DOM;NENHUM;NENHUM;CALMO (Nenhum Jogo);
22/01/2024;SEG;EURODREAMS;EURODREAMS;TUDO PRESENTE E BEM DATADO;
23/01/2024;TER;EUROMILLIONS;EUROMILLIONS;TUDO PRESENTE E BEM DATADO;
24/01/2024;QUA;TOTOLOTO;TOTOLOTO;TUDO PRESENTE E BEM DATADO;
25/01/2024;QUI;EURODREAMS;EURODREAMS;TUDO PRESENTE E BEM DATADO;
26/01/2024;SEX;EUROMILLIONS;EUROMILLIONS;TUDO PRESENTE E BEM DATADO;
27/01/2024;SAB;TOTOLOTO;TOTOLOTO;TUDO PRESENTE E BEM DATADO;
28/01/2024;DOM;NENHUM;NENHUM;CALMO (Nenhum Jogo);
29/01/2024;SEG;EURODREAMS;EURODREAMS;TUDO PRESENTE E BEM DATADO;
30/01/2024;TER;EUROMILLIONS;EUROMILLIONS;TUDO PRESENTE E BEM DATADO;
31/01/2024;QUA;TOTOLOTO;TOTOLOTO;TUDO PRESENTE E BEM DATADO;
01/02/2024;QUI;EURODREAMS;EURODREAMS;TUDO PRESENTE E BEM DATADO;
02/02/2024;SEX;EUROMILLIONS;EUROMILLIONS;TUDO PRESENTE E BEM DATADO;
03/02/2024;SAB;TOTOLOTO;TOTOLOTO;TUDO PRESENTE E BEM DATADO;
04/02/2024;DOM;NENHUM;NENHUM;CALMO (Nenhum Jogo);
05/02/2024;SEG;EURODREAMS;EURODREAMS;TUDO PRESENTE E BEM DATADO;
06/02/2024;TER;EUROMILLIONS;EUROMILLIONS;TUDO PRESENTE E BEM DATADO;
07/02/2024;QUA;TOTOLOTO;TOTOLOTO;TUDO PRESENTE E BEM DATADO;
08/02/2024;QUI;EURODREAMS;EURODREAMS;TUDO PRESENTE E BEM DATADO;
09/02/2024;SEX;EUROMILLIONS;EUROMILLIONS;TUDO PRESENTE E BEM DATADO;
10/02/2024;SAB;TOTOLOTO;TOTOLOTO;TUDO PRESENTE E BEM DATADO;
11/02/2024;DOM;NENHUM;NENHUM;CALMO (Nenhum Jogo);
12/02/2024;SEG;EURODREAMS;EURODREAMS;TUDO PRESENTE E BEM DATADO;
13/02/2024;TER;EUROMILLIONS;EUROMILLIONS;TUDO PRESENTE E BEM DATADO;
14/02/2024;QUA;TOTOLOTO;TOTOLOTO;TUDO PRESENTE E BEM DATADO;
15/02/2024;QUI;EURODREAMS;EURODREAMS;TUDO PRESENTE E BEM DATADO;
16/02/2024;SEX;EUROMILLIONS;EUROMILLIONS;TUDO PRESENTE E BEM DATADO;
17/02/2024;SAB;TOTOLOTO;TOTOLOTO;TUDO PRESENTE E BEM DATADO;
18/02/2024;DOM;NENHUM;NENHUM;CALMO (Nenhum Jogo);
19/02/2024;SEG;EURODREAMS;EURODREAMS;TUDO PRESENTE E BEM DATADO;
20/02/2024;TER;EUROMILLIONS;EUROMILLIONS;TUDO PRESENTE E BEM DATADO;
21/02/2024;QUA;TOTOLOTO;TOTOLOTO;TUDO PRESENTE E BEM DATADO;
22/02/2024;QUI;EURODREAMS;EURODREAMS;TUDO PRESENTE E BEM DATADO;
23/02/2024;SEX;EUROMILLIONS;EUROMILLIONS;TUDO PRESENTE E BEM DATADO;
24/02/2024;SAB;TOTOLOTO;TOTOLOTO;TUDO PRESENTE E BEM DATADO;
25/02/2024;DOM;NENHUM;NENHUM;CALMO (Nenhum Jogo);
26/02/2024;SEG;EURODREAMS;EURODREAMS;TUDO PRESENTE E BEM DATADO;
27/02/2024;TER;EUROMILLIONS;EUROMILLIONS;TUDO PRESENTE E BEM DATADO;
28/02/2024;QUA;TOTOLOTO;TOTOLOTO;TUDO PRESENTE E BEM DATADO;
29/02/2024;QUI;EURODREAMS;EURODREAMS;TUDO PRESENTE E BEM DATADO;
01/03/2024;SEX;EUROMILLIONS;EUROMILLIONS;TUDO PRESENTE E BEM DATADO;
02/03/2024;SAB;TOTOLOTO;TOTOLOTO;TUDO PRESENTE E BEM DATADO;
03/03/2024;DOM;NENHUM;NENHUM;CALMO (Nenhum Jogo);
04/03/2024;SEG;EURODREAMS;EURODREAMS;TUDO PRESENTE E BEM DATADO;
05/03/2024;TER;EUROMILLIONS;EUROMILLIONS;TUDO PRESENTE E BEM DATADO;
06/03/2024;QUA;TOTOLOTO;TOTOLOTO;TUDO PRESENTE E BEM DATADO;
07/03/2024;QUI;EURODREAMS;EURODREAMS;TUDO PRESENTE E BEM DATADO;
08/03/2024;SEX;EUROMILLIONS;EUROMILLIONS;TUDO PRESENTE E BEM DATADO;
09/03/2024;SAB;TOTOLOTO;TOTOLOTO;TUDO PRESENTE E BEM DATADO;
10/03/2024;DOM;NENHUM;NENHUM;CALMO (Nenhum Jogo);
11/03/2024;SEG;EURODREAMS;EURODREAMS;TUDO PRESENTE E BEM DATADO;
12/03/2024;TER;EUROMILLIONS;EUROMILLIONS;TUDO PRESENTE E BEM DATADO;
13/03/2024;QUA;TOTOLOTO;TOTOLOTO;TUDO PRESENTE E BEM DATADO;
14/03/2024;QUI;EURODREAMS;EURODREAMS;TUDO PRESENTE E BEM DATADO;
15/03/2024;SEX;EUROMILLIONS;EUROMILLIONS;TUDO PRESENTE E BEM DATADO;
16/03/2024;SAB;TOTOLOTO;TOTOLOTO;TUDO PRESENTE E BEM DATADO;
17/03/2024;DOM;NENHUM;NENHUM;CALMO (Nenhum Jogo);
18/03/2024;SEG;EURODREAMS;EURODREAMS;TUDO PRESENTE E BEM DATADO;
19/03/2024;TER;EUROMILLIONS;EUROMILLIONS;TUDO PRESENTE E BEM DATADO;
20/03/2024;QUA;TOTOLOTO;TOTOLOTO;TUDO PRESENTE E BEM DATADO;
21/03/2024;QUI;EURODREAMS;EURODREAMS;TUDO PRESENTE E BEM DATADO;
22/03/2024;SEX;EUROMILLIONS;EUROMILLIONS;TUDO PRESENTE E BEM DATADO;
23/03/2024;SAB;TOTOLOTO;TOTOLOTO;TUDO PRESENTE E BEM DATADO;
24/03/2024;DOM;NENHUM;NENHUM;CALMO (Nenhum Jogo);
25/03/2024;SEG;EURODREAMS;EURODREAMS;TUDO PRESENTE E BEM DATADO;
26/03/2024;TER;EUROMILLIONS;EUROMILLIONS;TUDO PRESENTE E BEM DATADO;
27/03/2024;QUA;TOTOLOTO;TOTOLOTO;TUDO PRESENTE E BEM DATADO;
28/03/2024;QUI;EURODREAMS;EURODREAMS;TUDO PRESENTE E BEM DATADO;
29/03/2024;SEX;EUROMILLIONS;EUROMILLIONS;TUDO PRESENTE E BEM DATADO;
30/03/2024;SAB;TOTOLOTO;TOTOLOTO;TUDO PRESENTE E BEM DATADO;
31/03/2024;DOM;NENHUM;NENHUM;CALMO (Nenhum Jogo);
01/04/2024;SEG;EURODREAMS;EURODREAMS;TUDO PRESENTE E BEM DATADO;
02/04/2024;TER;EUROMILLIONS;EUROMILLIONS;TUDO PRESENTE E BEM DATADO;
03/04/2024;QUA;TOTOLOTO;TOTOLOTO;TUDO PRESENTE E BEM DATADO;
04/04/2024;QUI;EURODREAMS;EURODREAMS;TUDO PRESENTE E BEM DATADO;
05/04/2024;SEX;EUROMILLIONS;EUROMILLIONS;TUDO PRESENTE E BEM DATADO;
06/04/2024;SAB;TOTOLOTO;TOTOLOTO;TUDO PRESENTE E BEM DATADO;
07/04/2024;DOM;NENHUM;NENHUM;CALMO (Nenhum Jogo);
08/04/2024;SEG;EURODREAMS;EURODREAMS;TUDO PRESENTE E BEM DATADO;
09/04/2024;TER;EUROMILLIONS;EUROMILLIONS;TUDO PRESENTE E BEM DATADO;
10/04/2024;QUA;TOTOLOTO;TOTOLOTO;TUDO PRESENTE E BEM DATADO;
11/04/2024;QUI;EURODREAMS;EURODREAMS;TUDO PRESENTE E BEM DATADO;
12/04/2024;SEX;EUROMILLIONS;EUROMILLIONS;TUDO PRESENTE E BEM DATADO;
13/04/2024;SAB;TOTOLOTO;TOTOLOTO;TUDO PRESENTE E BEM DATADO;
14/04/2024;DOM;NENHUM;NENHUM;CALMO (Nenhum Jogo);
15/04/2024;SEG;EURODREAMS;EURODREAMS;TUDO PRESENTE E BEM DATADO;
16/04/2024;TER;EUROMILLIONS;EUROMILLIONS;TUDO PRESENTE E BEM DATADO;
17/04/2024;QUA;TOTOLOTO;TOTOLOTO;TUDO PRESENTE E BEM DATADO;
18/04/2024;QUI;EURODREAMS;EURODREAMS;TUDO PRESENTE E BEM DATADO;
19/04/2024;SEX;EUROMILLIONS;EUROMILLIONS;TUDO PRESENTE E BEM DATADO;
20/04/2024;SAB;TOTOLOTO;TOTOLOTO;TUDO PRESENTE E BEM DATADO;
21/04/2024;DOM;NENHUM;NENHUM;CALMO (Nenhum Jogo);
22/04/2024;SEG;EURODREAMS;EURODREAMS;TUDO PRESENTE E BEM DATADO;
23/04/2024;TER;EUROMILLIONS;EUROMILLIONS;TUDO PRESENTE E BEM DATADO;
24/04/2024;QUA;TOTOLOTO;TOTOLOTO;TUDO PRESENTE E BEM DATADO;
25/04/2024;QUI;EURODREAMS;EURODREAMS;TUDO PRESENTE E BEM DATADO;
26/04/2024;SEX;EUROMILLIONS;EUROMILLIONS;TUDO PRESENTE E BEM DATADO;
27/04/2024;SAB;TOTOLOTO;TOTOLOTO;TUDO PRESENTE E BEM DATADO;
28/04/2024;DOM;NENHUM;NENHUM;CALMO (Nenhum Jogo);
29/04/2024;SEG;EURODREAMS;EURODREAMS;TUDO PRESENTE E BEM DATADO;
30/04/2024;TER;EUROMILLIONS;EUROMILLIONS;TUDO PRESENTE E BEM DATADO;
01/05/2024;QUA;TOTOLOTO;TOTOLOTO;TUDO PRESENTE E BEM DATADO;
02/05/2024;QUI;EURODREAMS;EURODREAMS;TUDO PRESENTE E BEM DATADO;
03/05/2024;SEX;EUROMILLIONS;EUROMILLIONS;TUDO PRESENTE E BEM DATADO;
04/05/2024;SAB;TOTOLOTO;TOTOLOTO;TUDO PRESENTE E BEM DATADO;
05/05/2024;DOM;NENHUM;NENHUM;CALMO (Nenhum Jogo);
06/05/2024;SEG;EURODREAMS;EURODREAMS;TUDO PRESENTE E BEM DATADO;
07/05/2024;TER;EUROMILLIONS;EUROMILLIONS;TUDO PRESENTE E BEM DATADO;
08/05/2024;QUA;TOTOLOTO;TOTOLOTO;TUDO PRESENTE E BEM DATADO;
09/05/2024;QUI;EURODREAMS;EURODREAMS;TUDO PRESENTE E BEM DATADO;
10/05/2024;SEX;EUROMILLIONS;EUROMILLIONS;TUDO PRESENTE E BEM DATADO;
11/05/2024;SAB;TOTOLOTO;TOTOLOTO;TUDO PRESENTE E BEM DATADO;
12/05/2024;DOM;NENHUM;NENHUM;CALMO (Nenhum Jogo);
13/05/2024;SEG;EURODREAMS;EURODREAMS;TUDO PRESENTE E BEM DATADO;
14/05/2024;TER;EUROMILLIONS;EUROMILLIONS;TUDO PRESENTE E BEM DATADO;
15/05/2024;QUA;TOTOLOTO;TOTOLOTO;TUDO PRESENTE E BEM DATADO;
16/05/2024;QUI;EURODREAMS;EURODREAMS;TUDO PRESENTE E BEM DATADO;
17/05/2024;SEX;EUROMILLIONS;EUROMILLIONS;TUDO PRESENTE E BEM DATADO;
18/05/2024;SAB;TOTOLOTO;TOTOLOTO;TUDO PRESENTE E BEM DATADO;
19/05/2024;DOM;NENHUM;NENHUM;CALMO (Nenhum Jogo);
20/05/2024;SEG;EURODREAMS;EURODREAMS;TUDO PRESENTE E BEM DATADO;
21/05/2024;TER;EUROMILLIONS;EUROMILLIONS;TUDO PRESENTE E BEM DATADO;
22/05/2024;QUA;TOTOLOTO;TOTOLOTO;TUDO PRESENTE E BEM DATADO;
23/05/2024;QUI;EURODREAMS;EURODREAMS;TUDO PRESENTE E BEM DATADO;
24/05/2024;SEX;EUROMILLIONS;EUROMILLIONS;TUDO PRESENTE E BEM DATADO;
25/05/2024;SAB;TOTOLOTO;TOTOLOTO;TUDO PRESENTE E BEM DATADO;
26/05/2024;DOM;NENHUM;NENHUM;CALMO (Nenhum Jogo);
27/05/2024;SEG;EURODREAMS;EURODREAMS;TUDO PRESENTE E BEM DATADO;
28/05/2024;TER;EUROMILLIONS;EUROMILLIONS;TUDO PRESENTE E BEM DATADO;
29/05/2024;QUA;TOTOLOTO;TOTOLOTO;TUDO PRESENTE E BEM DATADO;
30/05/2024;QUI;EURODREAMS;EURODREAMS;TUDO PRESENTE E BEM DATADO;
31/05/2024;SEX;EUROMILLIONS;EUROMILLIONS;TUDO PRESENTE E BEM DATADO;
01/06/2024;SAB;TOTOLOTO;TOTOLOTO;TUDO PRESENTE E BEM DATADO;
02/06/2024;DOM;NENHUM;NENHUM;CALMO (Nenhum Jogo);
03/06/2024;SEG;EURODREAMS;EURODREAMS;TUDO PRESENTE E BEM DATADO;
04/06/2024;TER;EUROMILLIONS;EUROMILLIONS;TUDO PRESENTE E BEM DATADO;
05/06/2024;QUA;TOTOLOTO;TOTOLOTO;TUDO PRESENTE E BEM DATADO;
06/06/2024;QUI;EURODREAMS;EURODREAMS;TUDO PRESENTE E BEM DATADO;
07/06/2024;SEX;EUROMILLIONS;EUROMILLIONS;TUDO PRESENTE E BEM DATADO;
08/06/2024;SAB;TOTOLOTO;TOTOLOTO;TUDO PRESENTE E BEM DATADO;
09/06/2024;DOM;NENHUM;NENHUM;CALMO (Nenhum Jogo);
10/06/2024;SEG;EURODREAMS;EURODREAMS;TUDO PRESENTE E BEM DATADO;
11/06/2024;TER;EUROMILLIONS;EUROMILLIONS;TUDO PRESENTE E BEM DATADO;
12/06/2024;QUA;TOTOLOTO;TOTOLOTO;TUDO PRESENTE E BEM DATADO;
13/06/2024;QUI;EURODREAMS;EURODREAMS;TUDO PRESENTE E BEM DATADO;
14/06/2024;SEX;EUROMILLIONS;EUROMILLIONS;TUDO PRESENTE E BEM DATADO;
15/06/2024;SAB;TOTOLOTO;TOTOLOTO;TUDO PRESENTE E BEM DATADO;
16/06/2024;DOM;NENHUM;NENHUM;CALMO (Nenhum Jogo);
17/06/2024;SEG;EURODREAMS;EURODREAMS;TUDO PRESENTE E BEM DATADO;
18/06/2024;TER;EUROMILLIONS;EUROMILLIONS;TUDO PRESENTE E BEM DATADO;
19/06/2024;QUA;TOTOLOTO;TOTOLOTO;TUDO PRESENTE E BEM DATADO;
20/06/2024;QUI;EURODREAMS;EURODREAMS;TUDO PRESENTE E BEM DATADO;
21/06/2024;SEX;EUROMILLIONS;EUROMILLIONS;TUDO PRESENTE E BEM DATADO;
22/06/2024;SAB;TOTOLOTO;TOTOLOTO;TUDO PRESENTE E BEM DATADO;
23/06/2024;DOM;NENHUM;NENHUM;CALMO (Nenhum Jogo);
24/06/2024;SEG;EURODREAMS;EURODREAMS;TUDO PRESENTE E BEM DATADO;
25/06/2024;TER;EUROMILLIONS;EUROMILLIONS;TUDO PRESENTE E BEM DATADO;
26/06/2024;QUA;TOTOLOTO;TOTOLOTO;TUDO PRESENTE E BEM DATADO;
27/06/2024;QUI;EURODREAMS;EURODREAMS;TUDO PRESENTE E BEM DATADO;
28/06/2024;SEX;EUROMILLIONS;EUROMILLIONS;TUDO PRESENTE E BEM DATADO;
29/06/2024;SAB;TOTOLOTO;TOTOLOTO;TUDO PRESENTE E BEM DATADO;
30/06/2024;DOM;NENHUM;NENHUM;CALMO (Nenhum Jogo);
01/07/2024;SEG;EURODREAMS;EURODREAMS;TUDO PRESENTE E BEM DATADO;
02/07/2024;TER;EUROMILLIONS;EUROMILLIONS;TUDO PRESENTE E BEM DATADO;
03/07/2024;QUA;TOTOLOTO;TOTOLOTO;TUDO PRESENTE E BEM DATADO;
04/07/2024;QUI;EURODREAMS;EURODREAMS;TUDO PRESENTE E BEM DATADO;
05/07/2024;SEX;EUROMILLIONS;EUROMILLIONS;TUDO PRESENTE E BEM DATADO;
06/07/2024;SAB;TOTOLOTO;TOTOLOTO;TUDO PRESENTE E BEM DATADO;
07/07/2024;DOM;NENHUM;NENHUM;CALMO (Nenhum Jogo);
08/07/2024;SEG;EURODREAMS;EURODREAMS;TUDO PRESENTE E BEM DATADO;
09/07/2024;TER;EUROMILLIONS;EUROMILLIONS;TUDO PRESENTE E BEM DATADO;
10/07/2024;QUA;TOTOLOTO;TOTOLOTO;TUDO PRESENTE E BEM DATADO;
11/07/2024;QUI;EURODREAMS;EURODREAMS;TUDO PRESENTE E BEM DATADO;
12/07/2024;SEX;EUROMILLIONS;EUROMILLIONS;TUDO PRESENTE E BEM DATADO;
13/07/2024;SAB;TOTOLOTO;TOTOLOTO;TUDO PRESENTE E BEM DATADO;
14/07/2024;DOM;NENHUM;NENHUM;CALMO (Nenhum Jogo);
15/07/2024;SEG;EURODREAMS;EURODREAMS;TUDO PRESENTE E BEM DATADO;
16/07/2024;TER;EUROMILLIONS;EUROMILLIONS;TUDO PRESENTE E BEM DATADO;
17/07/2024;QUA;TOTOLOTO;TOTOLOTO;TUDO PRESENTE E BEM DATADO;
18/07/2024;QUI;EURODREAMS;EURODREAMS;TUDO PRESENTE E BEM DATADO;
19/07/2024;SEX;EUROMILLIONS;EUROMILLIONS;TUDO PRESENTE E BEM DATADO;
20/07/2024;SAB;TOTOLOTO;TOTOLOTO;TUDO PRESENTE E BEM DATADO;
21/07/2024;DOM;NENHUM;NENHUM;CALMO (Nenhum Jogo);
22/07/2024;SEG;EURODREAMS;EURODREAMS;TUDO PRESENTE E BEM DATADO;
23/07/2024;TER;EUROMILLIONS;EUROMILLIONS;TUDO PRESENTE E BEM DATADO;
24/07/2024;QUA;TOTOLOTO;TOTOLOTO;TUDO PRESENTE E BEM DATADO;
25/07/2024;QUI;EURODREAMS;EURODREAMS;TUDO PRESENTE E BEM DATADO;
26/07/2024;SEX;EUROMILLIONS;EUROMILLIONS;TUDO PRESENTE E BEM DATADO;
27/07/2024;SAB;TOTOLOTO;TOTOLOTO;TUDO PRESENTE E BEM DATADO;
28/07/2024;DOM;NENHUM;NENHUM;CALMO (Nenhum Jogo);
29/07/2024;SEG;EURODREAMS;EURODREAMS;TUDO PRESENTE E BEM DATADO;
30/07/2024;TER;EUROMILLIONS;EUROMILLIONS;TUDO PRESENTE E BEM DATADO;
31/07/2024;QUA;TOTOLOTO;TOTOLOTO;TUDO PRESENTE E BEM DATADO;
01/08/2024;QUI;EURODREAMS;EURODREAMS;TUDO PRESENTE E BEM DATADO;
02/08/2024;SEX;EUROMILLIONS;EUROMILLIONS;TUDO PRESENTE E BEM DATADO;
03/08/2024;SAB;TOTOLOTO;TOTOLOTO;TUDO PRESENTE E BEM DATADO;
04/08/2024;DOM;NENHUM;NENHUM;CALMO (Nenhum Jogo);
05/08/2024;SEG;EURODREAMS;EURODREAMS;TUDO PRESENTE E BEM DATADO;
06/08/2024;TER;EUROMILLIONS;EUROMILLIONS;TUDO PRESENTE E BEM DATADO;
07/08/2024;QUA;TOTOLOTO;TOTOLOTO;TUDO PRESENTE E BEM DATADO;
08/08/2024;QUI;EURODREAMS;EURODREAMS;TUDO PRESENTE E BEM DATADO;
09/08/2024;SEX;EUROMILLIONS;EUROMILLIONS;TUDO PRESENTE E BEM DATADO;
10/08/2024;SAB;TOTOLOTO;TOTOLOTO;TUDO PRESENTE E BEM DATADO;
11/08/2024;DOM;NENHUM;NENHUM;CALMO (Nenhum Jogo);
12/08/2024;SEG;EURODREAMS;EURODREAMS;TUDO PRESENTE E BEM DATADO;
13/08/2024;TER;EUROMILLIONS;EUROMILLIONS;TUDO PRESENTE E BEM DATADO;
14/08/2024;QUA;TOTOLOTO;TOTOLOTO;TUDO PRESENTE E BEM DATADO;
15/08/2024;QUI;EURODREAMS;EURODREAMS;TUDO PRESENTE E BEM DATADO;
16/08/2024;SEX;EUROMILLIONS;EUROMILLIONS;TUDO PRESENTE E BEM DATADO;
17/08/2024;SAB;TOTOLOTO;TOTOLOTO;TUDO PRESENTE E BEM DATADO;
18/08/2024;DOM;NENHUM;NENHUM;CALMO (Nenhum Jogo);
19/08/2024;SEG;EURODREAMS;EURODREAMS;TUDO PRESENTE E BEM DATADO;
20/08/2024;TER;EUROMILLIONS;EUROMILLIONS;TUDO PRESENTE E BEM DATADO;
21/08/2024;QUA;TOTOLOTO;TOTOLOTO;TUDO PRESENTE E BEM DATADO;
22/08/2024;QUI;EURODREAMS;EURODREAMS;TUDO PRESENTE E BEM DATADO;
23/08/2024;SEX;EUROMILLIONS;EUROMILLIONS;TUDO PRESENTE E BEM DATADO;
24/08/2024;SAB;TOTOLOTO;TOTOLOTO;TUDO PRESENTE E BEM DATADO;
25/08/2024;DOM;NENHUM;NENHUM;CALMO (Nenhum Jogo);
26/08/2024;SEG;EURODREAMS;EURODREAMS;TUDO PRESENTE E BEM DATADO;
27/08/2024;TER;EUROMILLIONS;EUROMILLIONS;TUDO PRESENTE E BEM DATADO;
28/08/2024;QUA;TOTOLOTO;TOTOLOTO;TUDO PRESENTE E BEM DATADO;
29/08/2024;QUI;EURODREAMS;EURODREAMS;TUDO PRESENTE E BEM DATADO;
30/08/2024;SEX;EUROMILLIONS;EUROMILLIONS;TUDO PRESENTE E BEM DATADO;
31/08/2024;SAB;TOTOLOTO;TOTOLOTO;TUDO PRESENTE E BEM DATADO;
01/09/2024;DOM;NENHUM;NENHUM;CALMO (Nenhum Jogo);
02/09/2024;SEG;EURODREAMS;EURODREAMS;TUDO PRESENTE E BEM DATADO;
03/09/2024;TER;EUROMILLIONS;EUROMILLIONS;TUDO PRESENTE E BEM DATADO;
04/09/2024;QUA;TOTOLOTO;TOTOLOTO;TUDO PRESENTE E BEM DATADO;
05/09/2024;QUI;EURODREAMS;EURODREAMS;TUDO PRESENTE E BEM DATADO;
06/09/2024;SEX;EUROMILLIONS;EUROMILLIONS;TUDO PRESENTE E BEM DATADO;
07/09/2024;SAB;TOTOLOTO;TOTOLOTO;TUDO PRESENTE E BEM DATADO;
08/09/2024;DOM;NENHUM;NENHUM;CALMO (Nenhum Jogo);
09/09/2024;SEG;EURODREAMS;EURODREAMS;TUDO PRESENTE E BEM DATADO;
10/09/2024;TER;EUROMILLIONS;EUROMILLIONS;TUDO PRESENTE E BEM DATADO;
11/09/2024;QUA;TOTOLOTO;TOTOLOTO;TUDO PRESENTE E BEM DATADO;
12/09/2024;QUI;EURODREAMS;EURODREAMS;TUDO PRESENTE E BEM DATADO;
13/09/2024;SEX;EUROMILLIONS;EUROMILLIONS;TUDO PRESENTE E BEM DATADO;
14/09/2024;SAB;TOTOLOTO;TOTOLOTO;TUDO PRESENTE E BEM DATADO;
15/09/2024;DOM;NENHUM;NENHUM;CALMO (Nenhum Jogo);
16/09/2024;SEG;EURODREAMS;EURODREAMS;TUDO PRESENTE E BEM DATADO;
17/09/2024;TER;EUROMILLIONS;EUROMILLIONS;TUDO PRESENTE E BEM DATADO;
18/09/2024;QUA;TOTOLOTO;TOTOLOTO;TUDO PRESENTE E BEM DATADO;
19/09/2024;QUI;EURODREAMS;EURODREAMS;TUDO PRESENTE E BEM DATADO;
20/09/2024;SEX;EUROMILLIONS;EUROMILLIONS;TUDO PRESENTE E BEM DATADO;
21/09/2024;SAB;TOTOLOTO;TOTOLOTO;TUDO PRESENTE E BEM DATADO;
22/09/2024;DOM;NENHUM;NENHUM;CALMO (Nenhum Jogo);
23/09/2024;SEG;EURODREAMS;EURODREAMS;TUDO PRESENTE E BEM DATADO;
24/09/2024;TER;EUROMILLIONS;EUROMILLIONS;TUDO PRESENTE E BEM DATADO;
25/09/2024;QUA;TOTOLOTO;TOTOLOTO;TUDO PRESENTE E BEM DATADO;
26/09/2024;QUI;EURODREAMS;EURODREAMS;TUDO PRESENTE E BEM DATADO;
27/09/2024;SEX;EUROMILLIONS;EUROMILLIONS;TUDO PRESENTE E BEM DATADO;
28/09/2024;SAB;TOTOLOTO;TOTOLOTO;TUDO PRESENTE E BEM DATADO;
29/09/2024;DOM;NENHUM;NENHUM;CALMO (Nenhum Jogo);
30/09/2024;SEG;EURODREAMS;EURODREAMS;TUDO PRESENTE E BEM DATADO;
01/10/2024;TER;EUROMILLIONS;EUROMILLIONS;TUDO PRESENTE E BEM DATADO;
02/10/2024;QUA;TOTOLOTO;TOTOLOTO;TUDO PRESENTE E BEM DATADO;
03/10/2024;QUI;EURODREAMS;EURODREAMS;TUDO PRESENTE E BEM DATADO;
04/10/2024;SEX;EUROMILLIONS;EUROMILLIONS;TUDO PRESENTE E BEM DATADO;
05/10/2024;SAB;TOTOLOTO;TOTOLOTO;TUDO PRESENTE E BEM DATADO;
06/10/2024;DOM;NENHUM;NENHUM;CALMO (Nenhum Jogo);
07/10/2024;SEG;EURODREAMS;EURODREAMS;TUDO PRESENTE E BEM DATADO;
08/10/2024;TER;EUROMILLIONS;EUROMILLIONS;TUDO PRESENTE E BEM DATADO;
09/10/2024;QUA;TOTOLOTO;TOTOLOTO;TUDO PRESENTE E BEM DATADO;
10/10/2024;QUI;EURODREAMS;EURODREAMS;TUDO PRESENTE E BEM DATADO;
11/10/2024;SEX;EUROMILLIONS;EUROMILLIONS;TUDO PRESENTE E BEM DATADO;
12/10/2024;SAB;TOTOLOTO;TOTOLOTO;TUDO PRESENTE E BEM DATADO;
13/10/2024;DOM;NENHUM;NENHUM;CALMO (Nenhum Jogo);
14/10/2024;SEG;EURODREAMS;EURODREAMS;TUDO PRESENTE E BEM DATADO;
15/10/2024;TER;EUROMILLIONS;EUROMILLIONS;TUDO PRESENTE E BEM DATADO;
16/10/2024;QUA;TOTOLOTO;TOTOLOTO;TUDO PRESENTE E BEM DATADO;
17/10/2024;QUI;EURODREAMS;EURODREAMS;TUDO PRESENTE E BEM DATADO;
18/10/2024;SEX;EUROMILLIONS;EUROMILLIONS;TUDO PRESENTE E BEM DATADO;
19/10/2024;SAB;TOTOLOTO;TOTOLOTO;TUDO PRESENTE E BEM DATADO;
20/10/2024;DOM;NENHUM;NENHUM;CALMO (Nenhum Jogo);
21/10/2024;SEG;EURODREAMS;EURODREAMS;TUDO PRESENTE E BEM DATADO;
22/10/2024;TER;EUROMILLIONS;EUROMILLIONS;TUDO PRESENTE E BEM DATADO;
23/10/2024;QUA;TOTOLOTO;TOTOLOTO;TUDO PRESENTE E BEM DATADO;
24/10/2024;QUI;EURODREAMS;EURODREAMS;TUDO PRESENTE E BEM DATADO;
25/10/2024;SEX;EUROMILLIONS;EUROMILLIONS;TUDO PRESENTE E BEM DATADO;
26/10/2024;SAB;TOTOLOTO;TOTOLOTO;TUDO PRESENTE E BEM DATADO;
27/10/2024;DOM;NENHUM;NENHUM;CALMO (Nenhum Jogo);
28/10/2024;SEG;EURODREAMS;EURODREAMS;TUDO PRESENTE E BEM DATADO;
29/10/2024;TER;EUROMILLIONS;EUROMILLIONS;TUDO PRESENTE E BEM DATADO;
30/10/2024;QUA;TOTOLOTO;TOTOLOTO;TUDO PRESENTE E BEM DATADO;
31/10/2024;QUI;EURODREAMS;EURODREAMS;TUDO PRESENTE E BEM DATADO;
01/11/2024;SEX;EUROMILLIONS;EUROMILLIONS;TUDO PRESENTE E BEM DATADO;
02/11/2024;SAB;TOTOLOTO;TOTOLOTO;TUDO PRESENTE E BEM DATADO;
03/11/2024;DOM;NENHUM;NENHUM;CALMO (Nenhum Jogo);
04/11/2024;SEG;EURODREAMS;EURODREAMS;TUDO PRESENTE E BEM DATADO;
05/11/2024;TER;EUROMILLIONS;EUROMILLIONS;TUDO PRESENTE E BEM DATADO;
06/11/2024;QUA;TOTOLOTO;TOTOLOTO;TUDO PRESENTE E BEM DATADO;
07/11/2024;QUI;EURODREAMS;EURODREAMS;TUDO PRESENTE E BEM DATADO;
08/11/2024;SEX;EUROMILLIONS;EUROMILLIONS;TUDO PRESENTE E BEM DATADO;
09/11/2024;SAB;TOTOLOTO;TOTOLOTO;TUDO PRESENTE E BEM DATADO;
10/11/2024;DOM;NENHUM;NENHUM;CALMO (Nenhum Jogo);
11/11/2024;SEG;EURODREAMS;EURODREAMS;TUDO PRESENTE E BEM DATADO;
12/11/2024;TER;EUROMILLIONS;EUROMILLIONS;TUDO PRESENTE E BEM DATADO;
13/11/2024;QUA;TOTOLOTO;TOTOLOTO;TUDO PRESENTE E BEM DATADO;
14/11/2024;QUI;EURODREAMS;EURODREAMS;TUDO PRESENTE E BEM DATADO;
15/11/2024;SEX;EUROMILLIONS;EUROMILLIONS;TUDO PRESENTE E BEM DATADO;
16/11/2024;SAB;TOTOLOTO;TOTOLOTO;TUDO PRESENTE E BEM DATADO;
17/11/2024;DOM;NENHUM;NENHUM;CALMO (Nenhum Jogo);
18/11/2024;SEG;EURODREAMS;EURODREAMS;TUDO PRESENTE E BEM DATADO;
19/11/2024;TER;EUROMILLIONS;EUROMILLIONS;TUDO PRESENTE E BEM DATADO;
20/11/2024;QUA;TOTOLOTO;TOTOLOTO;TUDO PRESENTE E BEM DATADO;
21/11/2024;QUI;EURODREAMS;EURODREAMS;TUDO PRESENTE E BEM DATADO;
22/11/2024;SEX;EUROMILLIONS;EUROMILLIONS;TUDO PRESENTE E BEM DATADO;
23/11/2024;SAB;TOTOLOTO;TOTOLOTO;TUDO PRESENTE E BEM DATADO;
24/11/2024;DOM;NENHUM;NENHUM;CALMO (Nenhum Jogo);
25/11/2024;SEG;EURODREAMS;EURODREAMS;TUDO PRESENTE E BEM DATADO;
26/11/2024;TER;EUROMILLIONS;EUROMILLIONS;TUDO PRESENTE E BEM DATADO;
27/11/2024;QUA;TOTOLOTO;TOTOLOTO;TUDO PRESENTE E BEM DATADO;
28/11/2024;QUI;EURODREAMS;EURODREAMS;TUDO PRESENTE E BEM DATADO;
29/11/2024;SEX;EUROMILLIONS;EUROMILLIONS;TUDO PRESENTE E BEM DATADO;
30/11/2024;SAB;TOTOLOTO;TOTOLOTO;TUDO PRESENTE E BEM DATADO;
01/12/2024;DOM;NENHUM;NENHUM;CALMO (Nenhum Jogo);
02/12/2024;SEG;EURODREAMS;EURODREAMS;TUDO PRESENTE E BEM DATADO;
03/12/2024;TER;EUROMILLIONS;EUROMILLIONS;TUDO PRESENTE E BEM DATADO;
04/12/2024;QUA;TOTOLOTO;TOTOLOTO;TUDO PRESENTE E BEM DATADO;
05/12/2024;QUI;EURODREAMS;EURODREAMS;TUDO PRESENTE E BEM DATADO;
06/12/2024;SEX;EUROMILLIONS;EUROMILLIONS;TUDO PRESENTE E BEM DATADO;
07/12/2024;SAB;TOTOLOTO;TOTOLOTO;TUDO PRESENTE E BEM DATADO;
08/12/2024;DOM;NENHUM;NENHUM;CALMO (Nenhum Jogo);
09/12/2024;SEG;EURODREAMS;EURODREAMS;TUDO PRESENTE E BEM DATADO;
10/12/2024;TER;EUROMILLIONS;EUROMILLIONS;TUDO PRESENTE E BEM DATADO;
11/12/2024;QUA;TOTOLOTO;TOTOLOTO;TUDO PRESENTE E BEM DATADO;
12/12/2024;QUI;EURODREAMS;EURODREAMS;TUDO PRESENTE E BEM DATADO;
13/12/2024;SEX;EUROMILLIONS;EUROMILLIONS;TUDO PRESENTE E BEM DATADO;
14/12/2024;SAB;TOTOLOTO;TOTOLOTO;TUDO PRESENTE E BEM DATADO;
15/12/2024;DOM;NENHUM;NENHUM;CALMO (Nenhum Jogo);
16/12/2024;SEG;EURODREAMS;EURODREAMS;TUDO PRESENTE E BEM DATADO;
17/12/2024;TER;EUROMILLIONS;EUROMILLIONS;TUDO PRESENTE E BEM DATADO;
18/12/2024;QUA;TOTOLOTO;TOTOLOTO;TUDO PRESENTE E BEM DATADO;
19/12/2024;QUI;EURODREAMS;EURODREAMS;TUDO PRESENTE E BEM DATADO;
20/12/2024;SEX;EUROMILLIONS;EUROMILLIONS;TUDO PRESENTE E BEM DATADO;
21/12/2024;SAB;TOTOLOTO;TOTOLOTO;TUDO PRESENTE E BEM DATADO;
22/12/2024;DOM;NENHUM;NENHUM;CALMO (Nenhum Jogo);
23/12/2024;SEG;EURODREAMS;EURODREAMS;TUDO PRESENTE E BEM DATADO;
24/12/2024;TER;EUROMILLIONS;EUROMILLIONS;TUDO PRESENTE E BEM DATADO;
25/12/2024;QUA;TOTOLOTO;TOTOLOTO;TUDO PRESENTE E BEM DATADO;
26/12/2024;QUI;EURODREAMS;EURODREAMS;TUDO PRESENTE E BEM DATADO;
27/12/2024;SEX;EUROMILLIONS;EUROMILLIONS;TUDO PRESENTE E BEM DATADO;
28/12/2024;SAB;TOTOLOTO;TOTOLOTO;TUDO PRESENTE E BEM DATADO;
29/12/2024;DOM;NENHUM;NENHUM;CALMO (Nenhum Jogo);
30/12/2024;SEG;EURODREAMS;EURODREAMS;TUDO PRESENTE E BEM DATADO;
31/12/2024;TER;EUROMILLIONS;EUROMILLIONS;TUDO PRESENTE E BEM DATADO;
01/01/2025;QUA;TOTOLOTO;TOTOLOTO;TUDO PRESENTE E BEM DATADO;
02/01/2025;QUI;EURODREAMS;EURODREAMS;TUDO PRESENTE E BEM DATADO;
03/01/2025;SEX;EUROMILLIONS;EUROMILLIONS;TUDO PRESENTE E BEM DATADO;
04/01/2025;SAB;TOTOLOTO;TOTOLOTO;TUDO PRESENTE E BEM DATADO;
05/01/2025;DOM;NENHUM;NENHUM;CALMO (Nenhum Jogo);
06/01/2025;SEG;EURODREAMS;EURODREAMS;TUDO PRESENTE E BEM DATADO;
07/01/2025;TER;EUROMILLIONS;EUROMILLIONS;TUDO PRESENTE E BEM DATADO;
08/01/2025;QUA;TOTOLOTO;TOTOLOTO;TUDO PRESENTE E BEM DATADO;
09/01/2025;QUI;EURODREAMS;EURODREAMS;TUDO PRESENTE E BEM DATADO;
10/01/2025;SEX;EUROMILLIONS;EUROMILLIONS;TUDO PRESENTE E BEM DATADO;
11/01/2025;SAB;TOTOLOTO;TOTOLOTO;TUDO PRESENTE E BEM DATADO;
12/01/2025;DOM;NENHUM;NENHUM;CALMO (Nenhum Jogo);
13/01/2025;SEG;EURODREAMS;EURODREAMS;TUDO PRESENTE E BEM DATADO;
14/01/2025;TER;EUROMILLIONS;EUROMILLIONS;TUDO PRESENTE E BEM DATADO;
15/01/2025;QUA;TOTOLOTO;TOTOLOTO;TUDO PRESENTE E BEM DATADO;
16/01/2025;QUI;EURODREAMS;EURODREAMS;TUDO PRESENTE E BEM DATADO;
17/01/2025;SEX;EUROMILLIONS;EUROMILLIONS;TUDO PRESENTE E BEM DATADO;
18/01/2025;SAB;TOTOLOTO;TOTOLOTO;TUDO PRESENTE E BEM DATADO;
19/01/2025;DOM;NENHUM;NENHUM;CALMO (Nenhum Jogo);
20/01/2025;SEG;EURODREAMS;EURODREAMS;TUDO PRESENTE E BEM DATADO;
21/01/2025;TER;EUROMILLIONS;EUROMILLIONS;TUDO PRESENTE E BEM DATADO;
22/01/2025;QUA;TOTOLOTO;TOTOLOTO;TUDO PRESENTE E BEM DATADO;
23/01/2025;QUI;EURODREAMS;EURODREAMS;TUDO PRESENTE E BEM DATADO;
24/01/2025;SEX;EUROMILLIONS;EUROMILLIONS;TUDO PRESENTE E BEM DATADO;
25/01/2025;SAB;TOTOLOTO;TOTOLOTO;TUDO PRESENTE E BEM DATADO;
26/01/2025;DOM;NENHUM;NENHUM;CALMO (Nenhum Jogo);
27/01/2025;SEG;EURODREAMS;EURODREAMS;TUDO PRESENTE E BEM DATADO;
28/01/2025;TER;EUROMILLIONS;EUROMILLIONS;TUDO PRESENTE E BEM DATADO;
29/01/2025;QUA;TOTOLOTO;TOTOLOTO;TUDO PRESENTE E BEM DATADO;
30/01/2025;QUI;EURODREAMS;EURODREAMS;TUDO PRESENTE E BEM DATADO;
31/01/2025;SEX;EUROMILLIONS;EUROMILLIONS;TUDO PRESENTE E BEM DATADO;
01/02/2025;SAB;TOTOLOTO;TOTOLOTO;TUDO PRESENTE E BEM DATADO;
02/02/2025;DOM;NENHUM;NENHUM;CALMO (Nenhum Jogo);
03/02/2025;SEG;EURODREAMS;EURODREAMS;TUDO PRESENTE E BEM DATADO;
04/02/2025;TER;EUROMILLIONS;EUROMILLIONS;TUDO PRESENTE E BEM DATADO;
05/02/2025;QUA;TOTOLOTO;TOTOLOTO;TUDO PRESENTE E BEM DATADO;
06/02/2025;QUI;EURODREAMS;EURODREAMS;TUDO PRESENTE E BEM DATADO;
07/02/2025;SEX;EUROMILLIONS;EUROMILLIONS;TUDO PRESENTE E BEM DATADO;
08/02/2025;SAB;TOTOLOTO;TOTOLOTO;TUDO PRESENTE E BEM DATADO;
09/02/2025;DOM;NENHUM;NENHUM;CALMO (Nenhum Jogo);
10/02/2025;SEG;EURODREAMS;EURODREAMS;TUDO PRESENTE E BEM DATADO;
11/02/2025;TER;EUROMILLIONS;EUROMILLIONS;TUDO PRESENTE E BEM DATADO;
12/02/2025;QUA;TOTOLOTO;TOTOLOTO;TUDO PRESENTE E BEM DATADO;
13/02/2025;QUI;EURODREAMS;EURODREAMS;TUDO PRESENTE E BEM DATADO;
14/02/2025;SEX;EUROMILLIONS;EUROMILLIONS;TUDO PRESENTE E BEM DATADO;
15/02/2025;SAB;TOTOLOTO;TOTOLOTO;TUDO PRESENTE E BEM DATADO;
16/02/2025;DOM;NENHUM;NENHUM;CALMO (Nenhum Jogo);
17/02/2025;SEG;EURODREAMS;EURODREAMS;TUDO PRESENTE E BEM DATADO;
18/02/2025;TER;EUROMILLIONS;EUROMILLIONS;TUDO PRESENTE E BEM DATADO;
19/02/2025;QUA;TOTOLOTO;TOTOLOTO;TUDO PRESENTE E BEM DATADO;
20/02/2025;QUI;EURODREAMS;EURODREAMS;TUDO PRESENTE E BEM DATADO;
21/02/2025;SEX;EUROMILLIONS;EUROMILLIONS;TUDO PRESENTE E BEM DATADO;
22/02/2025;SAB;TOTOLOTO;TOTOLOTO;TUDO PRESENTE E BEM DATADO;
23/02/2025;DOM;NENHUM;NENHUM;CALMO (Nenhum Jogo);
24/02/2025;SEG;EURODREAMS;EURODREAMS;TUDO PRESENTE E BEM DATADO;
25/02/2025;TER;EUROMILLIONS;EUROMILLIONS;TUDO PRESENTE E BEM DATADO;
26/02/2025;QUA;TOTOLOTO;TOTOLOTO;TUDO PRESENTE E BEM DATADO;
27/02/2025;QUI;EURODREAMS;EURODREAMS;TUDO PRESENTE E BEM DATADO;
28/02/2025;SEX;EUROMILLIONS;EUROMILLIONS;TUDO PRESENTE E BEM DATADO;
01/03/2025;SAB;TOTOLOTO;TOTOLOTO;TUDO PRESENTE E BEM DATADO;
02/03/2025;DOM;NENHUM;NENHUM;CALMO (Nenhum Jogo);
03/03/2025;SEG;EURODREAMS;EURODREAMS;TUDO PRESENTE E BEM DATADO;
04/03/2025;TER;EUROMILLIONS;EUROMILLIONS;TUDO PRESENTE E BEM DATADO;
05/03/2025;QUA;TOTOLOTO;TOTOLOTO;TUDO PRESENTE E BEM DATADO;
06/03/2025;QUI;EURODREAMS;EURODREAMS;TUDO PRESENTE E BEM DATADO;
07/03/2025;SEX;EUROMILLIONS;EUROMILLIONS;TUDO PRESENTE E BEM DATADO;
08/03/2025;SAB;TOTOLOTO;TOTOLOTO;TUDO PRESENTE E BEM DATADO;
09/03/2025;DOM;NENHUM;NENHUM;CALMO (Nenhum Jogo);
10/03/2025;SEG;EURODREAMS;EURODREAMS;TUDO PRESENTE E BEM DATADO;
11/03/2025;TER;EUROMILLIONS;EUROMILLIONS;TUDO PRESENTE E BEM DATADO;
12/03/2025;QUA;TOTOLOTO;TOTOLOTO;TUDO PRESENTE E BEM DATADO;
13/03/2025;QUI;EURODREAMS;EURODREAMS;TUDO PRESENTE E BEM DATADO;
14/03/2025;SEX;EUROMILLIONS;EUROMILLIONS;TUDO PRESENTE E BEM DATADO;
15/03/2025;SAB;TOTOLOTO;TOTOLOTO;TUDO PRESENTE E BEM DATADO;
16/03/2025;DOM;NENHUM;NENHUM;CALMO (Nenhum Jogo);
17/03/2025;SEG;EURODREAMS;EURODREAMS;TUDO PRESENTE E BEM DATADO;
18/03/2025;TER;EUROMILLIONS;EUROMILLIONS;TUDO PRESENTE E BEM DATADO;
19/03/2025;QUA;TOTOLOTO;TOTOLOTO;TUDO PRESENTE E BEM DATADO;
20/03/2025;QUI;EURODREAMS;EURODREAMS;TUDO PRESENTE E BEM DATADO;
21/03/2025;SEX;EUROMILLIONS;EUROMILLIONS;TUDO PRESENTE E BEM DATADO;
22/03/2025;SAB;TOTOLOTO;TOTOLOTO;TUDO PRESENTE E BEM DATADO;
23/03/2025;DOM;NENHUM;NENHUM;CALMO (Nenhum Jogo);
24/03/2025;SEG;EURODREAMS;EURODREAMS;TUDO PRESENTE E BEM DATADO;
25/03/2025;TER;EUROMILLIONS;EUROMILLIONS;TUDO PRESENTE E BEM DATADO;
26/03/2025;QUA;TOTOLOTO;TOTOLOTO;TUDO PRESENTE E BEM DATADO;
27/03/2025;QUI;EURODREAMS;EURODREAMS;TUDO PRESENTE E BEM DATADO;
28/03/2025;SEX;EUROMILLIONS;EUROMILLIONS;TUDO PRESENTE E BEM DATADO;
29/03/2025;SAB;TOTOLOTO;TOTOLOTO;TUDO PRESENTE E BEM DATADO;
30/03/2025;DOM;NENHUM;NENHUM;CALMO (Nenhum Jogo);
31/03/2025;SEG;EURODREAMS;EURODREAMS;TUDO PRESENTE E BEM DATADO;
01/04/2025;TER;EUROMILLIONS;EUROMILLIONS;TUDO PRESENTE E BEM DATADO;
02/04/2025;QUA;TOTOLOTO;TOTOLOTO;TUDO PRESENTE E BEM DATADO;
03/04/2025;QUI;EURODREAMS;EURODREAMS;TUDO PRESENTE E BEM DATADO;
04/04/2025;SEX;EUROMILLIONS;EUROMILLIONS;TUDO PRESENTE E BEM DATADO;
05/04/2025;SAB;TOTOLOTO;TOTOLOTO;TUDO PRESENTE E BEM DATADO;
06/04/2025;DOM;NENHUM;NENHUM;CALMO (Nenhum Jogo);
07/04/2025;SEG;EURODREAMS;EURODREAMS;TUDO PRESENTE E BEM DATADO;
08/04/2025;TER;EUROMILLIONS;EUROMILLIONS;TUDO PRESENTE E BEM DATADO;
09/04/2025;QUA;TOTOLOTO;TOTOLOTO;TUDO PRESENTE E BEM DATADO;
10/04/2025;QUI;EURODREAMS;EURODREAMS;TUDO PRESENTE E BEM DATADO;
11/04/2025;SEX;EUROMILLIONS;EUROMILLIONS;TUDO PRESENTE E BEM DATADO;
12/04/2025;SAB;TOTOLOTO;TOTOLOTO;TUDO PRESENTE E BEM DATADO;
13/04/2025;DOM;NENHUM;NENHUM;CALMO (Nenhum Jogo);
14/04/2025;SEG;EURODREAMS;EURODREAMS;TUDO PRESENTE E BEM DATADO;
15/04/2025;TER;EUROMILLIONS;EUROMILLIONS;TUDO PRESENTE E BEM DATADO;
16/04/2025;QUA;TOTOLOTO;TOTOLOTO;TUDO PRESENTE E BEM DATADO;
17/04/2025;QUI;EURODREAMS;EURODREAMS;TUDO PRESENTE E BEM DATADO;
18/04/2025;SEX;EUROMILLIONS;EUROMILLIONS;TUDO PRESENTE E BEM DATADO;
19/04/2025;SAB;TOTOLOTO;TOTOLOTO;TUDO PRESENTE E BEM DATADO;
20/04/2025;DOM;NENHUM;NENHUM;CALMO (Nenhum Jogo);
21/04/2025;SEG;EURODREAMS;EURODREAMS;TUDO PRESENTE E BEM DATADO;
22/04/2025;TER;EUROMILLIONS;EUROMILLIONS;TUDO PRESENTE E BEM DATADO;
23/04/2025;QUA;TOTOLOTO;TOTOLOTO;TUDO PRESENTE E BEM DATADO;
24/04/2025;QUI;EURODREAMS;EURODREAMS;TUDO PRESENTE E BEM DATADO;
25/04/2025;SEX;EUROMILLIONS;EUROMILLIONS;TUDO PRESENTE E BEM DATADO;
26/04/2025;SAB;TOTOLOTO;TOTOLOTO;TUDO PRESENTE E BEM DATADO;
27/04/2025;DOM;NENHUM;NENHUM;CALMO (Nenhum Jogo);
28/04/2025;SEG;EURODREAMS;EURODREAMS;TUDO PRESENTE E BEM DATADO;
29/04/2025;TER;EUROMILLIONS;EUROMILLIONS;TUDO PRESENTE E BEM DATADO;
30/04/2025;QUA;TOTOLOTO;TOTOLOTO;TUDO PRESENTE E BEM DATADO;
01/05/2025;QUI;EURODREAMS;EURODREAMS;TUDO PRESENTE E BEM DATADO;
02/05/2025;SEX;EUROMILLIONS;EUROMILLIONS;TUDO PRESENTE E BEM DATADO;
03/05/2025;SAB;TOTOLOTO;TOTOLOTO;TUDO PRESENTE E BEM DATADO;
04/05/2025;DOM;NENHUM;NENHUM;CALMO (Nenhum Jogo);
05/05/2025;SEG;EURODREAMS;EURODREAMS;TUDO PRESENTE E BEM DATADO;
06/05/2025;TER;EUROMILLIONS;EUROMILLIONS;TUDO PRESENTE E BEM DATADO;
07/05/2025;QUA;TOTOLOTO;TOTOLOTO;TUDO PRESENTE E BEM DATADO;
08/05/2025;QUI;EURODREAMS;EURODREAMS;TUDO PRESENTE E BEM DATADO;
09/05/2025;SEX;EUROMILLIONS;EUROMILLIONS;TUDO PRESENTE E BEM DATADO;
10/05/2025;SAB;TOTOLOTO;TOTOLOTO;TUDO PRESENTE E BEM DATADO;
11/05/2025;DOM;NENHUM;NENHUM;CALMO (Nenhum Jogo);
12/05/2025;SEG;EURODREAMS;EURODREAMS;TUDO PRESENTE E BEM DATADO;
13/05/2025;TER;EUROMILLIONS;EUROMILLIONS;TUDO PRESENTE E BEM DATADO;
14/05/2025;QUA;TOTOLOTO;TOTOLOTO;TUDO PRESENTE E BEM DATADO;
15/05/2025;QUI;EURODREAMS;EURODREAMS;TUDO PRESENTE E BEM DATADO;
16/05/2025;SEX;EUROMILLIONS;EUROMILLIONS;TUDO PRESENTE E BEM DATADO;
17/05/2025;SAB;TOTOLOTO;TOTOLOTO;TUDO PRESENTE E BEM DATADO;
18/05/2025;DOM;NENHUM;NENHUM;CALMO (Nenhum Jogo);
19/05/2025;SEG;EURODREAMS;EURODREAMS;TUDO PRESENTE E BEM DATADO;
20/05/2025;TER;EUROMILLIONS;EUROMILLIONS;TUDO PRESENTE E BEM DATADO;
21/05/2025;QUA;TOTOLOTO;TOTOLOTO;TUDO PRESENTE E BEM DATADO;
22/05/2025;QUI;EURODREAMS;EURODREAMS;TUDO PRESENTE E BEM DATADO;
23/05/2025;SEX;EUROMILLIONS;EUROMILLIONS;TUDO PRESENTE E BEM DATADO;
24/05/2025;SAB;TOTOLOTO;TOTOLOTO;TUDO PRESENTE E BEM DATADO;
25/05/2025;DOM;NENHUM;NENHUM;CALMO (Nenhum Jogo);
26/05/2025;SEG;EURODREAMS;EURODREAMS;TUDO PRESENTE E BEM DATADO;
27/05/2025;TER;EUROMILLIONS;EUROMILLIONS;TUDO PRESENTE E BEM DATADO;
28/05/2025;QUA;TOTOLOTO;TOTOLOTO;TUDO PRESENTE E BEM DATADO;
29/05/2025;QUI;EURODREAMS;EURODREAMS;TUDO PRESENTE E BEM DATADO;
30/05/2025;SEX;EUROMILLIONS;EUROMILLIONS;TUDO PRESENTE E BEM DATADO;
31/05/2025;SAB;TOTOLOTO;TOTOLOTO;TUDO PRESENTE E BEM DATADO;
01/06/2025;DOM;NENHUM;NENHUM;CALMO (Nenhum Jogo);
02/06/2025;SEG;EURODREAMS;EURODREAMS;TUDO PRESENTE E BEM DATADO;
03/06/2025;TER;EUROMILLIONS;EUROMILLIONS;TUDO PRESENTE E BEM DATADO;
04/06/2025;QUA;TOTOLOTO;TOTOLOTO;TUDO PRESENTE E BEM DATADO;
05/06/2025;QUI;EURODREAMS;EURODREAMS;TUDO PRESENTE E BEM DATADO;
06/06/2025;SEX;EUROMILLIONS;EUROMILLIONS;TUDO PRESENTE E BEM DATADO;
07/06/2025;SAB;TOTOLOTO;TOTOLOTO;TUDO PRESENTE E BEM DATADO;
08/06/2025;DOM;NENHUM;NENHUM;CALMO (Nenhum Jogo);
09/06/2025;SEG;EURODREAMS;EURODREAMS;TUDO PRESENTE E BEM DATADO;
10/06/2025;TER;EUROMILLIONS;EUROMILLIONS;TUDO PRESENTE E BEM DATADO;
11/06/2025;QUA;TOTOLOTO;TOTOLOTO;TUDO PRESENTE E BEM DATADO;
12/06/2025;QUI;EURODREAMS;EURODREAMS;TUDO PRESENTE E BEM DATADO;
13/06/2025;SEX;EUROMILLIONS;EUROMILLIONS;TUDO PRESENTE E BEM DATADO;
14/06/2025;SAB;TOTOLOTO;TOTOLOTO;TUDO PRESENTE E BEM DATADO;
15/06/2025;DOM;NENHUM;NENHUM;CALMO (Nenhum Jogo);
16/06/2025;SEG;EURODREAMS;EURODREAMS;TUDO PRESENTE E BEM DATADO;
17/06/2025;TER;EUROMILLIONS;EUROMILLIONS;TUDO PRESENTE E BEM DATADO;
18/06/2025;QUA;TOTOLOTO;TOTOLOTO;TUDO PRESENTE E BEM DATADO;
19/06/2025;QUI;EURODREAMS;EURODREAMS;TUDO PRESENTE E BEM DATADO;
20/06/2025;SEX;EUROMILLIONS;EUROMILLIONS;TUDO PRESENTE E BEM DATADO;
21/06/2025;SAB;TOTOLOTO;TOTOLOTO;TUDO PRESENTE E BEM DATADO;
22/06/2025;DOM;NENHUM;NENHUM;CALMO (Nenhum Jogo);
23/06/2025;SEG;EURODREAMS;EURODREAMS;TUDO PRESENTE E BEM DATADO;
24/06/2025;TER;EUROMILLIONS;EUROMILLIONS;TUDO PRESENTE E BEM DATADO;
25/06/2025;QUA;TOTOLOTO;TOTOLOTO;TUDO PRESENTE E BEM DATADO;
26/06/2025;QUI;EURODREAMS;EURODREAMS;TUDO PRESENTE E BEM DATADO;
27/06/2025;SEX;EUROMILLIONS;EUROMILLIONS;TUDO PRESENTE E BEM DATADO;
28/06/2025;SAB;TOTOLOTO;TOTOLOTO;TUDO PRESENTE E BEM DATADO;
29/06/2025;DOM;NENHUM;NENHUM;CALMO (Nenhum Jogo);
30/06/2025;SEG;EURODREAMS;EURODREAMS;TUDO PRESENTE E BEM DATADO;
01/07/2025;TER;EUROMILLIONS;EUROMILLIONS;TUDO PRESENTE E BEM DATADO;
02/07/2025;QUA;TOTOLOTO;TOTOLOTO;TUDO PRESENTE E BEM DATADO;
03/07/2025;QUI;EURODREAMS;EURODREAMS;TUDO PRESENTE E BEM DATADO;
04/07/2025;SEX;EUROMILLIONS;EUROMILLIONS;TUDO PRESENTE E BEM DATADO;
05/07/2025;SAB;TOTOLOTO;TOTOLOTO;TUDO PRESENTE E BEM DATADO;
06/07/2025;DOM;NENHUM;NENHUM;CALMO (Nenhum Jogo);
07/07/2025;SEG;EURODREAMS;EURODREAMS;TUDO PRESENTE E BEM DATADO;
08/07/2025;TER;EUROMILLIONS;EUROMILLIONS;TUDO PRESENTE E BEM DATADO;
09/07/2025;QUA;TOTOLOTO;TOTOLOTO;TUDO PRESENTE E BEM DATADO;
10/07/2025;QUI;EURODREAMS;EURODREAMS;TUDO PRESENTE E BEM DATADO;
11/07/2025;SEX;EUROMILLIONS;EUROMILLIONS;TUDO PRESENTE E BEM DATADO;
12/07/2025;SAB;TOTOLOTO;TOTOLOTO;TUDO PRESENTE E BEM DATADO;
13/07/2025;DOM;NENHUM;NENHUM;CALMO (Nenhum Jogo);
14/07/2025;SEG;EURODREAMS;EURODREAMS;TUDO PRESENTE E BEM DATADO;
15/07/2025;TER;EUROMILLIONS;EUROMILLIONS;TUDO PRESENTE E BEM DATADO;
16/07/2025;QUA;TOTOLOTO;TOTOLOTO;TUDO PRESENTE E BEM DATADO;
17/07/2025;QUI;EURODREAMS;EURODREAMS;TUDO PRESENTE E BEM DATADO;
18/07/2025;SEX;EUROMILLIONS;EUROMILLIONS;TUDO PRESENTE E BEM DATADO;
19/07/2025;SAB;TOTOLOTO;TOTOLOTO;TUDO PRESENTE E BEM DATADO;
20/07/2025;DOM;NENHUM;NENHUM;CALMO (Nenhum Jogo);
21/07/2025;SEG;EURODREAMS;EURODREAMS;TUDO PRESENTE E BEM DATADO;
22/07/2025;TER;EUROMILLIONS;EUROMILLIONS;TUDO PRESENTE E BEM DATADO;
23/07/2025;QUA;TOTOLOTO;TOTOLOTO;TUDO PRESENTE E BEM DATADO;
24/07/2025;QUI;EURODREAMS;EURODREAMS;TUDO PRESENTE E BEM DATADO;
25/07/2025;SEX;EUROMILLIONS;EUROMILLIONS;TUDO PRESENTE E BEM DATADO;
26/07/2025;SAB;TOTOLOTO;TOTOLOTO;TUDO PRESENTE E BEM DATADO;
27/07/2025;DOM;NENHUM;NENHUM;CALMO (Nenhum Jogo);
28/07/2025;SEG;EURODREAMS;EURODREAMS;TUDO PRESENTE E BEM DATADO;
29/07/2025;TER;EUROMILLIONS;EUROMILLIONS;TUDO PRESENTE E BEM DATADO;
30/07/2025;QUA;TOTOLOTO;TOTOLOTO;TUDO PRESENTE E BEM DATADO;
31/07/2025;QUI;EURODREAMS;EURODREAMS;TUDO PRESENTE E BEM DATADO;
01/08/2025;SEX;EUROMILLIONS;EUROMILLIONS;TUDO PRESENTE E BEM DATADO;
02/08/2025;SAB;TOTOLOTO;TOTOLOTO;TUDO PRESENTE E BEM DATADO;
03/08/2025;DOM;NENHUM;NENHUM;CALMO (Nenhum Jogo);
04/08/2025;SEG;EURODREAMS;EURODREAMS;TUDO PRESENTE E BEM DATADO;
05/08/2025;TER;EUROMILLIONS;EUROMILLIONS;TUDO PRESENTE E BEM DATADO;
06/08/2025;QUA;TOTOLOTO;TOTOLOTO;TUDO PRESENTE E BEM DATADO;
07/08/2025;QUI;EURODREAMS;EURODREAMS;TUDO PRESENTE E BEM DATADO;
08/08/2025;SEX;EUROMILLIONS;EUROMILLIONS;TUDO PRESENTE E BEM DATADO;
09/08/2025;SAB;TOTOLOTO;TOTOLOTO;TUDO PRESENTE E BEM DATADO;
10/08/2025;DOM;NENHUM;NENHUM;CALMO (Nenhum Jogo);
11/08/2025;SEG;EURODREAMS;EURODREAMS;TUDO PRESENTE E BEM DATADO;
12/08/2025;TER;EUROMILLIONS;EUROMILLIONS;TUDO PRESENTE E BEM DATADO;
13/08/2025;QUA;TOTOLOTO;TOTOLOTO;TUDO PRESENTE E BEM DATADO;
14/08/2025;QUI;EURODREAMS;EURODREAMS;TUDO PRESENTE E BEM DATADO;
15/08/2025;SEX;EUROMILLIONS;EUROMILLIONS;TUDO PRESENTE E BEM DATADO;
16/08/2025;SAB;TOTOLOTO;TOTOLOTO;TUDO PRESENTE E BEM DATADO;
17/08/2025;DOM;NENHUM;NENHUM;CALMO (Nenhum Jogo);
18/08/2025;SEG;EURODREAMS;EURODREAMS;TUDO PRESENTE E BEM DATADO;
19/08/2025;TER;EUROMILLIONS;EUROMILLIONS;TUDO PRESENTE E BEM DATADO;
20/08/2025;QUA;TOTOLOTO;TOTOLOTO;TUDO PRESENTE E BEM DATADO;
21/08/2025;QUI;EURODREAMS;EURODREAMS;TUDO PRESENTE E BEM DATADO;
22/08/2025;SEX;EUROMILLIONS;EUROMILLIONS;TUDO PRESENTE E BEM DATADO;
23/08/2025;SAB;TOTOLOTO;TOTOLOTO;TUDO PRESENTE E BEM DATADO;
24/08/2025;DOM;NENHUM;NENHUM;CALMO (Nenhum Jogo);
25/08/2025;SEG;EURODREAMS;EURODREAMS;TUDO PRESENTE E BEM DATADO;
26/08/2025;TER;EUROMILLIONS;EUROMILLIONS;TUDO PRESENTE E BEM DATADO;
27/08/2025;QUA;TOTOLOTO;TOTOLOTO;TUDO PRESENTE E BEM DATADO;
28/08/2025;QUI;EURODREAMS;EURODREAMS;TUDO PRESENTE E BEM DATADO;
29/08/2025;SEX;EUROMILLIONS;EUROMILLIONS;TUDO PRESENTE E BEM DATADO;
30/08/2025;SAB;TOTOLOTO;TOTOLOTO;TUDO PRESENTE E BEM DATADO;
31/08/2025;DOM;NENHUM;NENHUM;CALMO (Nenhum Jogo);
01/09/2025;SEG;EURODREAMS;EURODREAMS;TUDO PRESENTE E BEM DATADO;
02/09/2025;TER;EUROMILLIONS;EUROMILLIONS;TUDO PRESENTE E BEM DATADO;
03/09/2025;QUA;TOTOLOTO;TOTOLOTO;TUDO PRESENTE E BEM DATADO;
04/09/2025;QUI;EURODREAMS;EURODREAMS;TUDO PRESENTE E BEM DATADO;
05/09/2025;SEX;EUROMILLIONS;EUROMILLIONS;TUDO PRESENTE E BEM DATADO;
06/09/2025;SAB;TOTOLOTO;TOTOLOTO;TUDO PRESENTE E BEM DATADO;
07/09/2025;DOM;NENHUM;NENHUM;CALMO (Nenhum Jogo);
08/09/2025;SEG;EURODREAMS;EURODREAMS;TUDO PRESENTE E BEM DATADO;
09/09/2025;TER;EUROMILLIONS;EUROMILLIONS;TUDO PRESENTE E BEM DATADO;
10/09/2025;QUA;TOTOLOTO;TOTOLOTO;TUDO PRESENTE E BEM DATADO;
11/09/2025;QUI;EURODREAMS;EURODREAMS;TUDO PRESENTE E BEM DATADO;
12/09/2025;SEX;EUROMILLIONS;EUROMILLIONS;TUDO PRESENTE E BEM DATADO;
13/09/2025;SAB;TOTOLOTO;TOTOLOTO;TUDO PRESENTE E BEM DATADO;
14/09/2025;DOM;NENHUM;NENHUM;CALMO (Nenhum Jogo);
15/09/2025;SEG;EURODREAMS;EURODREAMS;TUDO PRESENTE E BEM DATADO;
16/09/2025;TER;EUROMILLIONS;EUROMILLIONS;TUDO PRESENTE E BEM DATADO;
17/09/2025;QUA;TOTOLOTO;TOTOLOTO;TUDO PRESENTE E BEM DATADO;
18/09/2025;QUI;EURODREAMS;EURODREAMS;TUDO PRESENTE E BEM DATADO;
19/09/2025;SEX;EUROMILLIONS;EUROMILLIONS;TUDO PRESENTE E BEM DATADO;
20/09/2025;SAB;TOTOLOTO;TOTOLOTO;TUDO PRESENTE E BEM DATADO;
21/09/2025;DOM;NENHUM;NENHUM;CALMO (Nenhum Jogo);
22/09/2025;SEG;EURODREAMS;EURODREAMS;TUDO PRESENTE E BEM DATADO;
23/09/2025;TER;EUROMILLIONS;EUROMILLIONS;TUDO PRESENTE E BEM DATADO;
24/09/2025;QUA;TOTOLOTO;TOTOLOTO;TUDO PRESENTE E BEM DATADO;
25/09/2025;QUI;EURODREAMS;EURODREAMS;TUDO PRESENTE E BEM DATADO;
26/09/2025;SEX;EUROMILLIONS;EUROMILLIONS;TUDO PRESENTE E BEM DATADO;
27/09/2025;SAB;TOTOLOTO;TOTOLOTO;TUDO PRESENTE E BEM DATADO;
28/09/2025;DOM;NENHUM;NENHUM;CALMO (Nenhum Jogo);
29/09/2025;SEG;EURODREAMS;EURODREAMS;TUDO PRESENTE E BEM DATADO;
30/09/2025;TER;EUROMILLIONS;EUROMILLIONS;TUDO PRESENTE E BEM DATADO;
01/10/2025;QUA;TOTOLOTO;TOTOLOTO;TUDO PRESENTE E BEM DATADO;
02/10/2025;QUI;EURODREAMS;EURODREAMS;TUDO PRESENTE E BEM DATADO;
03/10/2025;SEX;EUROMILLIONS;EUROMILLIONS;TUDO PRESENTE E BEM DATADO;
04/10/2025;SAB;TOTOLOTO;TOTOLOTO;TUDO PRESENTE E BEM DATADO;
05/10/2025;DOM;NENHUM;NENHUM;CALMO (Nenhum Jogo);
06/10/2025;SEG;EURODREAMS;EURODREAMS;TUDO PRESENTE E BEM DATADO;
07/10/2025;TER;EUROMILLIONS;EUROMILLIONS;TUDO PRESENTE E BEM DATADO;
08/10/2025;QUA;TOTOLOTO;TOTOLOTO;TUDO PRESENTE E BEM DATADO;
09/10/2025;QUI;EURODREAMS;EURODREAMS;TUDO PRESENTE E BEM DATADO;
10/10/2025;SEX;EUROMILLIONS;EUROMILLIONS;TUDO PRESENTE E BEM DATADO;
11/10/2025;SAB;TOTOLOTO;TOTOLOTO;TUDO PRESENTE E BEM DATADO;
12/10/2025;DOM;NENHUM;NENHUM;CALMO (Nenhum Jogo);
13/10/2025;SEG;EURODREAMS;EURODREAMS;TUDO PRESENTE E BEM DATADO;
14/10/2025;TER;EUROMILLIONS;EUROMILLIONS;TUDO PRESENTE E BEM DATADO;
15/10/2025;QUA;TOTOLOTO;TOTOLOTO;TUDO PRESENTE E BEM DATADO;
16/10/2025;QUI;EURODREAMS;EURODREAMS;TUDO PRESENTE E BEM DATADO;
17/10/2025;SEX;EUROMILLIONS;EUROMILLIONS;TUDO PRESENTE E BEM DATADO;
18/10/2025;SAB;TOTOLOTO;TOTOLOTO;TUDO PRESENTE E BEM DATADO;
19/10/2025;DOM;NENHUM;NENHUM;CALMO (Nenhum Jogo);
20/10/2025;SEG;EURODREAMS;EURODREAMS;TUDO PRESENTE E BEM DATADO;
21/10/2025;TER;EUROMILLIONS;EUROMILLIONS;TUDO PRESENTE E BEM DATADO;
22/10/2025;QUA;TOTOLOTO;TOTOLOTO;TUDO PRESENTE E BEM DATADO;
23/10/2025;QUI;EURODREAMS;EURODREAMS;TUDO PRESENTE E BEM DATADO;
24/10/2025;SEX;EUROMILLIONS;EUROMILLIONS;TUDO PRESENTE E BEM DATADO;
25/10/2025;SAB;TOTOLOTO;TOTOLOTO;TUDO PRESENTE E BEM DATADO;
26/10/2025;DOM;NENHUM;NENHUM;CALMO (Nenhum Jogo);
27/10/2025;SEG;EURODREAMS;EURODREAMS;TUDO PRESENTE E BEM DATADO;
28/10/2025;TER;EUROMILLIONS;EUROMILLIONS;TUDO PRESENTE E BEM DATADO;
29/10/2025;QUA;TOTOLOTO;TOTOLOTO;TUDO PRESENTE E BEM DATADO;
30/10/2025;QUI;EURODREAMS;EURODREAMS;TUDO PRESENTE E BEM DATADO;
31/10/2025;SEX;EUROMILLIONS;EUROMILLIONS;TUDO PRESENTE E BEM DATADO;
01/11/2025;SAB;TOTOLOTO;TOTOLOTO;TUDO PRESENTE E BEM DATADO;
02/11/2025;DOM;NENHUM;NENHUM;CALMO (Nenhum Jogo);
03/11/2025;SEG;EURODREAMS;EURODREAMS;TUDO PRESENTE E BEM DATADO;
04/11/2025;TER;EUROMILLIONS;EUROMILLIONS;TUDO PRESENTE E BEM DATADO;
05/11/2025;QUA;TOTOLOTO;TOTOLOTO;TUDO PRESENTE E BEM DATADO;
06/11/2025;QUI;EURODREAMS;EURODREAMS;TUDO PRESENTE E BEM DATADO;
07/11/2025;SEX;EUROMILLIONS;EUROMILLIONS;TUDO PRESENTE E BEM DATADO;
08/11/2025;SAB;TOTOLOTO;TOTOLOTO;TUDO PRESENTE E BEM DATADO;
09/11/2025;DOM;NENHUM;NENHUM;CALMO (Nenhum Jogo);
10/11/2025;SEG;EURODREAMS;EURODREAMS;TUDO PRESENTE E BEM DATADO;
11/11/2025;TER;EUROMILLIONS;EUROMILLIONS;TUDO PRESENTE E BEM DATADO;
12/11/2025;QUA;TOTOLOTO;TOTOLOTO;TUDO PRESENTE E BEM DATADO;
13/11/2025;QUI;EURODREAMS;EURODREAMS;TUDO PRESENTE E BEM DATADO;
14/11/2025;SEX;EUROMILLIONS;EUROMILLIONS;TUDO PRESENTE E BEM DATADO;
15/11/2025;SAB;TOTOLOTO;TOTOLOTO;TUDO PRESENTE E BEM DATADO;
16/11/2025;DOM;NENHUM;NENHUM;CALMO (Nenhum Jogo);
17/11/2025;SEG;EURODREAMS;EURODREAMS;TUDO PRESENTE E BEM DATADO;
18/11/2025;TER;EUROMILLIONS;EUROMILLIONS;TUDO PRESENTE E BEM DATADO;
19/11/2025;QUA;TOTOLOTO;TOTOLOTO;TUDO PRESENTE E BEM DATADO;
20/11/2025;QUI;EURODREAMS;EURODREAMS;TUDO PRESENTE E BEM DATADO;
21/11/2025;SEX;EUROMILLIONS;EUROMILLIONS;TUDO PRESENTE E BEM DATADO;
22/11/2025;SAB;TOTOLOTO;TOTOLOTO;TUDO PRESENTE E BEM DATADO;
23/11/2025;DOM;NENHUM;NENHUM;CALMO (Nenhum Jogo);
24/11/2025;SEG;EURODREAMS;EURODREAMS;TUDO PRESENTE E BEM DATADO;
25/11/2025;TER;EUROMILLIONS;EUROMILLIONS;TUDO PRESENTE E BEM DATADO;
26/11/2025;QUA;TOTOLOTO;TOTOLOTO;TUDO PRESENTE E BEM DATADO;
27/11/2025;QUI;EURODREAMS;EURODREAMS;TUDO PRESENTE E BEM DATADO;
28/11/2025;SEX;EUROMILLIONS;EUROMILLIONS;TUDO PRESENTE E BEM DATADO;
29/11/2025;SAB;TOTOLOTO;TOTOLOTO;TUDO PRESENTE E BEM DATADO;
30/11/2025;DOM;NENHUM;NENHUM;CALMO (Nenhum Jogo);
01/12/2025;SEG;EURODREAMS;EURODREAMS;TUDO PRESENTE E BEM DATADO;
02/12/2025;TER;EUROMILLIONS;EUROMILLIONS;TUDO PRESENTE E BEM DATADO;
03/12/2025;QUA;TOTOLOTO;TOTOLOTO;TUDO PRESENTE E BEM DATADO;
04/12/2025;QUI;EURODREAMS;EURODREAMS;TUDO PRESENTE E BEM DATADO;
05/12/2025;SEX;EUROMILLIONS;EUROMILLIONS;TUDO PRESENTE E BEM DATADO;
06/12/2025;SAB;TOTOLOTO;TOTOLOTO;TUDO PRESENTE E BEM DATADO;
07/12/2025;DOM;NENHUM;NENHUM;CALMO (Nenhum Jogo);
08/12/2025;SEG;EURODREAMS;EURODREAMS;TUDO PRESENTE E BEM DATADO;
09/12/2025;TER;EUROMILLIONS;EUROMILLIONS;TUDO PRESENTE E BEM DATADO;
10/12/2025;QUA;TOTOLOTO;TOTOLOTO;TUDO PRESENTE E BEM DATADO;
11/12/2025;QUI;EURODREAMS;EURODREAMS;TUDO PRESENTE E BEM DATADO;
12/12/2025;SEX;EUROMILLIONS;EUROMILLIONS;TUDO PRESENTE E BEM DATADO;
13/12/2025;SAB;TOTOLOTO;TOTOLOTO;TUDO PRESENTE E BEM DATADO;
14/12/2025;DOM;NENHUM;NENHUM;CALMO (Nenhum Jogo);
15/12/2025;SEG;EURODREAMS;EURODREAMS;TUDO PRESENTE E BEM DATADO;
16/12/2025;TER;EUROMILLIONS;EUROMILLIONS;TUDO PRESENTE E BEM DATADO;
17/12/2025;QUA;TOTOLOTO;TOTOLOTO;TUDO PRESENTE E BEM DATADO;
18/12/2025;QUI;EURODREAMS;EURODREAMS;TUDO PRESENTE E BEM DATADO;
19/12/2025;SEX;EUROMILLIONS;EUROMILLIONS;TUDO PRESENTE E BEM DATADO;
20/12/2025;SAB;TOTOLOTO;TOTOLOTO;TUDO PRESENTE E BEM DATADO;
21/12/2025;DOM;NENHUM;NENHUM;CALMO (Nenhum Jogo);
22/12/2025;SEG;EURODREAMS;EURODREAMS;TUDO PRESENTE E BEM DATADO;
23/12/2025;TER;EUROMILLIONS;EUROMILLIONS;TUDO PRESENTE E BEM DATADO;
24/12/2025;QUA;TOTOLOTO;TOTOLOTO;TUDO PRESENTE E BEM DATADO;
25/12/2025;QUI;EURODREAMS;EURODREAMS;TUDO PRESENTE E BEM DATADO;
26/12/2025;SEX;EUROMILLIONS;EUROMILLIONS;TUDO PRESENTE E BEM DATADO;
27/12/2025;SAB;TOTOLOTO;TOTOLOTO;TUDO PRESENTE E BEM DATADO;
28/12/2025;DOM;NENHUM;NENHUM;CALMO (Nenhum Jogo);
29/12/2025;SEG;EURODREAMS;EURODREAMS;TUDO PRESENTE E BEM DATADO;
30/12/2025;TER;EUROMILLIONS;EUROMILLIONS;TUDO PRESENTE E BEM DATADO;
31/12/2025;QUA;TOTOLOTO;TOTOLOTO;TUDO PRESENTE E BEM DATADO;
01/01/2026;QUI;EURODREAMS;EURODREAMS;TUDO PRESENTE E BEM DATADO;
02/01/2026;SEX;EUROMILLIONS;EUROMILLIONS;TUDO PRESENTE E BEM DATADO;
03/01/2026;SAB;TOTOLOTO;TOTOLOTO;TUDO PRESENTE E BEM DATADO;
04/01/2026;DOM;NENHUM;NENHUM;CALMO (Nenhum Jogo);
05/01/2026;SEG;EURODREAMS;EURODREAMS;TUDO PRESENTE E BEM DATADO;
06/01/2026;TER;EUROMILLIONS;EUROMILLIONS;TUDO PRESENTE E BEM DATADO;
07/01/2026;QUA;TOTOLOTO;TOTOLOTO;TUDO PRESENTE E BEM DATADO;
08/01/2026;QUI;EURODREAMS;EURODREAMS;TUDO PRESENTE E BEM DATADO;
09/01/2026;SEX;EUROMILLIONS;EUROMILLIONS;TUDO PRESENTE E BEM DATADO;
10/01/2026;SAB;TOTOLOTO;TOTOLOTO;TUDO PRESENTE E BEM DATADO;
11/01/2026;DOM;NENHUM;NENHUM;CALMO (Nenhum Jogo);
12/01/2026;SEG;EURODREAMS;EURODREAMS;TUDO PRESENTE E BEM DATADO;
13/01/2026;TER;EUROMILLIONS;EUROMILLIONS;TUDO PRESENTE E BEM DATADO;
14/01/2026;QUA;TOTOLOTO;TOTOLOTO;TUDO PRESENTE E BEM DATADO;
15/01/2026;QUI;EURODREAMS;EURODREAMS;TUDO PRESENTE E BEM DATADO;
16/01/2026;SEX;EUROMILLIONS;EUROMILLIONS;TUDO PRESENTE E BEM DATADO;
17/01/2026;SAB;TOTOLOTO;TOTOLOTO;TUDO PRESENTE E BEM DATADO;
18/01/2026;DOM;NENHUM;NENHUM;CALMO (Nenhum Jogo);
19/01/2026;SEG;EURODREAMS;EURODREAMS;TUDO PRESENTE E BEM DATADO;
20/01/2026;TER;EUROMILLIONS;EUROMILLIONS;TUDO PRESENTE E BEM DATADO;
21/01/2026;QUA;TOTOLOTO;TOTOLOTO;TUDO PRESENTE E BEM DATADO;
22/01/2026;QUI;EURODREAMS;EURODREAMS;TUDO PRESENTE E BEM DATADO;
23/01/2026;SEX;EUROMILLIONS;EUROMILLIONS;TUDO PRESENTE E BEM DATADO;
24/01/2026;SAB;TOTOLOTO;TOTOLOTO;TUDO PRESENTE E BEM DATADO;
25/01/2026;DOM;NENHUM;NENHUM;CALMO (Nenhum Jogo);
26/01/2026;SEG;EURODREAMS;EURODREAMS;TUDO PRESENTE E BEM DATADO;
27/01/2026;TER;EUROMILLIONS;EUROMILLIONS;TUDO PRESENTE E BEM DATADO;
28/01/2026;QUA;TOTOLOTO;TOTOLOTO;TUDO PRESENTE E BEM DATADO;
29/01/2026;QUI;EURODREAMS;EURODREAMS;TUDO PRESENTE E BEM DATADO;
30/01/2026;SEX;EUROMILLIONS;EUROMILLIONS;TUDO PRESENTE E BEM DATADO;
31/01/2026;SAB;TOTOLOTO;TOTOLOTO;TUDO PRESENTE E BEM DATADO;
01/02/2026;DOM;NENHUM;NENHUM;CALMO (Nenhum Jogo);
02/02/2026;SEG;EURODREAMS;EURODREAMS;TUDO PRESENTE E BEM DATADO;
03/02/2026;TER;EUROMILLIONS;EUROMILLIONS;TUDO PRESENTE E BEM DATADO;
04/02/2026;QUA;TOTOLOTO;TOTOLOTO;TUDO PRESENTE E BEM DATADO;
05/02/2026;QUI;EURODREAMS;EURODREAMS;TUDO PRESENTE E BEM DATADO;
06/02/2026;SEX;EUROMILLIONS;EUROMILLIONS;TUDO PRESENTE E BEM DATADO;
07/02/2026;SAB;TOTOLOTO;TOTOLOTO;TUDO PRESENTE E BEM DATADO;
08/02/2026;DOM;NENHUM;NENHUM;CALMO (Nenhum Jogo);
09/02/2026;SEG;EURODREAMS;EURODREAMS;TUDO PRESENTE E BEM DATADO;
10/02/2026;TER;EUROMILLIONS;EUROMILLIONS;TUDO PRESENTE E BEM DATADO;
11/02/2026;QUA;TOTOLOTO;TOTOLOTO;TUDO PRESENTE E BEM DATADO;
12/02/2026;QUI;EURODREAMS;EURODREAMS;TUDO PRESENTE E BEM DATADO;
13/02/2026;SEX;EUROMILLIONS;EUROMILLIONS;TUDO PRESENTE E BEM DATADO;
14/02/2026;SAB;TOTOLOTO;TOTOLOTO;TUDO PRESENTE E BEM DATADO;
15/02/2026;DOM;NENHUM;NENHUM;CALMO (Nenhum Jogo);
16/02/2026;SEG;EURODREAMS;EURODREAMS;TUDO PRESENTE E BEM DATADO;
17/02/2026;TER;EUROMILLIONS;EUROMILLIONS;TUDO PRESENTE E BEM DATADO;
18/02/2026;QUA;TOTOLOTO;TOTOLOTO;TUDO PRESENTE E BEM DATADO;
19/02/2026;QUI;EURODREAMS;EURODREAMS;TUDO PRESENTE E BEM DATADO;
20/02/2026;SEX;EUROMILLIONS;EUROMILLIONS;TUDO PRESENTE E BEM DATADO;
21/02/2026;SAB;TOTOLOTO;TOTOLOTO;TUDO PRESENTE E BEM DATADO;
22/02/2026;DOM;NENHUM;NENHUM;CALMO (Nenhum Jogo);
23/02/2026;SEG;EURODREAMS;EURODREAMS;TUDO PRESENTE E BEM DATADO;
24/02/2026;TER;EUROMILLIONS;EUROMILLIONS;TUDO PRESENTE E BEM DATADO;
25/02/2026;QUA;TOTOLOTO;TOTOLOTO;TUDO PRESENTE E BEM DATADO;
26/02/2026;QUI;EURODREAMS;EURODREAMS;TUDO PRESENTE E BEM DATADO;
27/02/2026;SEX;EUROMILLIONS;EUROMILLIONS;TUDO PRESENTE E BEM DATADO;
28/02/2026;SAB;TOTOLOTO;TOTOLOTO;TUDO PRESENTE E BEM DATADO;
01/03/2026;DOM;NENHUM;NENHUM;CALMO (Nenhum Jogo);
02/03/2026;SEG;EURODREAMS;EURODREAMS;TUDO PRESENTE E BEM DATADO;
03/03/2026;TER;EUROMILLIONS;EUROMILLIONS;TUDO PRESENTE E BEM DATADO;
04/03/2026;QUA;TOTOLOTO;TOTOLOTO;TUDO PRESENTE E BEM DATADO;
05/03/2026;QUI;EURODREAMS;EURODREAMS;TUDO PRESENTE E BEM DATADO;
06/03/2026;SEX;EUROMILLIONS;EUROMILLIONS;TUDO PRESENTE E BEM DATADO;
07/03/2026;SAB;TOTOLOTO;TOTOLOTO;TUDO PRESENTE E BEM DATADO;
08/03/2026;DOM;NENHUM;NENHUM;CALMO (Nenhum Jogo);
09/03/2026;SEG;EURODREAMS;EURODREAMS;TUDO PRESENTE E BEM DATADO;
10/03/2026;TER;EUROMILLIONS;EUROMILLIONS;TUDO PRESENTE E BEM DATADO;
11/03/2026;QUA;TOTOLOTO;TOTOLOTO;TUDO PRESENTE E BEM DATADO;
12/03/2026;QUI;EURODREAMS;EURODREAMS;TUDO PRESENTE E BEM DATADO;
13/03/2026;SEX;EUROMILLIONS;EUROMILLIONS;TUDO PRESENTE E BEM DATADO;
14/03/2026;SAB;TOTOLOTO;TOTOLOTO;TUDO PRESENTE E BEM DATADO;
15/03/2026;DOM;NENHUM;NENHUM;CALMO (Nenhum Jogo);
16/03/2026;SEG;EURODREAMS;EURODREAMS;TUDO PRESENTE E BEM DATADO;
17/03/2026;TER;EUROMILLIONS;EUROMILLIONS;TUDO PRESENTE E BEM DATADO;
18/03/2026;QUA;TOTOLOTO;TOTOLOTO;TUDO PRESENTE E BEM DATADO;
19/03/2026;QUI;EURODREAMS;NENHUM;FALTA;FALTA SORTEIO: EURODREAMS
20/03/2026;SEX;EUROMILLIONS;NENHUM;FALTA;FALTA SORTEIO: EUROMILLIONS